artist1,artist2
Bruno Mars,Bone Thugs‐n‐Harmony
Travie McCoy,Bruno Mars
Justin Timberlake,Bruno Mars
Mystic Davis,Major Lazer
Mystic Davis,Tyga
Mystic Davis,Bruno Mars
Major Lazer,Tyga
Major Lazer,Bruno Mars
Tyga,Bruno Mars
Tyga,2 Chainz
Tyga,Bruno Mars
Tyga,Mystic Davis
Tyga,Major Lazer
2 Chainz,Bruno Mars
2 Chainz,Mystic Davis
2 Chainz,Major Lazer
Bruno Mars,Mystic Davis
Bruno Mars,Major Lazer
Mystic Davis,Major Lazer
Lady Gaga,Bruno Mars
Brody Brown,Philip Lawrence
Brody Brown,Adele
Brody Brown,Bruno Mars
Philip Lawrence,Adele
Philip Lawrence,Bruno Mars
Adele,Bruno Mars
Mystic Davis,Major Lazer
Mystic Davis,Tyga
Mystic Davis,Bruno Mars
Major Lazer,Tyga
Major Lazer,Bruno Mars
Tyga,Bruno Mars
Nate Dogg,Bruno Mars
Trinidad James,Bruno Mars
Travie McCoy,Bruno Mars
Philip Lawrence,Bruno Mars
Trinidad James,Bruno Mars
Bruno Mars,The Weeknd
Bruno Mars,Kendrick Lamar
Bruno Mars,Dua Lipa
Bruno Mars,The Chainsmokers
Bruno Mars,Sia
Bruno Mars,Daft Punk
Bruno Mars,Phoebe Ryan
Bruno Mars,Tove Lo
The Weeknd,Kendrick Lamar
The Weeknd,Dua Lipa
The Weeknd,The Chainsmokers
The Weeknd,Sia
The Weeknd,Daft Punk
The Weeknd,Phoebe Ryan
The Weeknd,Tove Lo
Kendrick Lamar,Dua Lipa
Kendrick Lamar,The Chainsmokers
Kendrick Lamar,Sia
Kendrick Lamar,Daft Punk
Kendrick Lamar,Phoebe Ryan
Kendrick Lamar,Tove Lo
Dua Lipa,The Chainsmokers
Dua Lipa,Sia
Dua Lipa,Daft Punk
Dua Lipa,Phoebe Ryan
Dua Lipa,Tove Lo
The Chainsmokers,Sia
The Chainsmokers,Daft Punk
The Chainsmokers,Phoebe Ryan
The Chainsmokers,Tove Lo
Sia,Daft Punk
Sia,Phoebe Ryan
Sia,Tove Lo
Daft Punk,Phoebe Ryan
Daft Punk,Tove Lo
Phoebe Ryan,Tove Lo
Bruno Mars,ROSÉ
Ed Sheeran,Bruno Mars
Ed Sheeran,Chris Stapleton
Bruno Mars,Chris Stapleton
Travie McCoy,Bruno Mars
Travie McCoy,Bruno Mars
DJ Surda,Bee Gees
DJ Surda,Bruno Mars
Bee Gees,Bruno Mars
Bruno Mars,ROSÉ
Travie McCoy,Bruno Mars
Travie McCoy,Ray Mak
Bruno Mars,Ray Mak
Mystic,Major Lazer
Mystic,Tyga
Mystic,Bruno Mars
Major Lazer,Tyga
Major Lazer,Bruno Mars
Tyga,Bruno Mars
Bruno Mars,B.o.B
Bruno Mars,ROSÉ
Tyga,2 Chainz
Tyga,Bruno Mars
Tyga,Mystic Davis
Tyga,Major Lazer
2 Chainz,Bruno Mars
2 Chainz,Mystic Davis
2 Chainz,Major Lazer
Bruno Mars,Mystic Davis
Bruno Mars,Major Lazer
Mystic Davis,Major Lazer
Bruno Mars,Alexandra Burke
Bruno Mars,ROSÉ
Mystic Davis,Major Lazer
Mystic Davis,Tyga
Mystic Davis,Bruno Mars
Major Lazer,Tyga
Major Lazer,Bruno Mars
Tyga,Bruno Mars
Travie McCoy,Bruno Mars
Tyga,2 Chainz
Tyga,Bruno Mars
Tyga,Mystic Davis
Tyga,Major Lazer
2 Chainz,Bruno Mars
2 Chainz,Mystic Davis
2 Chainz,Major Lazer
Bruno Mars,Mystic Davis
Bruno Mars,Major Lazer
Mystic Davis,Major Lazer
Travie McCoy,Bruno Mars
Playboy Tre,Bruno Mars
Playboy Tre,B.o.B
Bruno Mars,B.o.B
Travie McCoy,Bruno Mars
Bruno Mars,Starjack
Bruno Mars,ROSÉ
Travie McCoy,Bruno Mars
Tyga,2 Chainz
Tyga,Bruno Mars
Tyga,Mystic Davis
Tyga,Major Lazer
2 Chainz,Bruno Mars
2 Chainz,Mystic Davis
2 Chainz,Major Lazer
Bruno Mars,Mystic Davis
Bruno Mars,Major Lazer
Mystic Davis,Major Lazer
Bruno Mars,B.o.B
Travie McCoy,Bruno Mars
Ed Sheeran,Bruno Mars
Ed Sheeran,Chris Stapleton
Bruno Mars,Chris Stapleton
Bruno Mars,Pilot
2Malle,Bruno Mars
Bruno Mars,Pilot
Trinidad James,Bruno Mars
Arbnis,Bruno Mars
Arbnis,ROSÉ
Bruno Mars,ROSÉ
Bruno Mars,ROSÉ
Travie McCoy,Bruno Mars
Travie McCoy,Bruno Mars
Travie McCoy,Bruno Mars
Tyga,2 Chainz
Tyga,Bruno Mars
Tyga,Mystic Davis
Tyga,Major Lazer
2 Chainz,Bruno Mars
2 Chainz,Mystic Davis
2 Chainz,Major Lazer
Bruno Mars,Mystic Davis
Bruno Mars,Major Lazer
Mystic Davis,Major Lazer
Major Lazer,Tyga
Major Lazer,Bruno Mars
Major Lazer,Ensi
Tyga,Bruno Mars
Tyga,Ensi
Bruno Mars,Ensi
Bruno Mars,Far East Movement
Travie McCoy,Bruno Mars
Dr. Dre,Bruno Mars
Dr. Dre,2Pac
Dr. Dre,Roger Troutman
Dr. Dre,B.o.B
Bruno Mars,2Pac
Bruno Mars,Roger Troutman
Bruno Mars,B.o.B
2Pac,Roger Troutman
2Pac,B.o.B
Roger Troutman,B.o.B
Travie McCoy,Bruno Mars
Tyga,Bruno Mars
Tyga,GD&TOP
Tyga,Mystic Davis
Tyga,Major Lazer
Bruno Mars,GD&TOP
Bruno Mars,Mystic Davis
Bruno Mars,Major Lazer
GD&TOP,Mystic Davis
GD&TOP,Major Lazer
Mystic Davis,Major Lazer
Lady Gaga,Bruno Mars
Mystic Davis,Major Lazer
Mystic Davis,Tyga
Mystic Davis,Bruno Mars
Major Lazer,Tyga
Major Lazer,Bruno Mars
Tyga,Bruno Mars
Christina Aguilera,Bruno Mars
Christina Aguilera,Amerigo Gazaway
Bruno Mars,Amerigo Gazaway
Bruno Mars,ROSÉ
Travie McCoy,Bruno Mars
Nate Dogg,Bruno Mars
Lil Wayne,Bruno Mars
Lady Gaga,Bruno Mars
Cardi B,Bruno Mars
Bruno Mars,Sexyy Red
Cardi B,Bruno Mars
Bruno Mars,Parliament
Lil Wayne,David Guetta
Lil Wayne,Jennifer Lopez
Lil Wayne,Nicki Minaj
Lil Wayne,Ne‐Yo
Lil Wayne,Bruno Mars
Lil Wayne,Nayer
Lil Wayne,Afrojack
Lil Wayne,Black Eyed Peas
Lil Wayne,Aloe Blacc
Lil Wayne,Flo Rida
Lil Wayne,Pitbull
Lil Wayne,Beyoncé
Lil Wayne,Alexis Jordan
David Guetta,Jennifer Lopez
David Guetta,Nicki Minaj
David Guetta,Ne‐Yo
David Guetta,Bruno Mars
David Guetta,Nayer
David Guetta,Afrojack
David Guetta,Black Eyed Peas
David Guetta,Aloe Blacc
David Guetta,Flo Rida
David Guetta,Pitbull
David Guetta,Beyoncé
David Guetta,Alexis Jordan
Jennifer Lopez,Nicki Minaj
Jennifer Lopez,Ne‐Yo
Jennifer Lopez,Bruno Mars
Jennifer Lopez,Nayer
Jennifer Lopez,Afrojack
Jennifer Lopez,Black Eyed Peas
Jennifer Lopez,Aloe Blacc
Jennifer Lopez,Flo Rida
Jennifer Lopez,Pitbull
Jennifer Lopez,Beyoncé
Jennifer Lopez,Alexis Jordan
Nicki Minaj,Ne‐Yo
Nicki Minaj,Bruno Mars
Nicki Minaj,Nayer
Nicki Minaj,Afrojack
Nicki Minaj,Black Eyed Peas
Nicki Minaj,Aloe Blacc
Nicki Minaj,Flo Rida
Nicki Minaj,Pitbull
Nicki Minaj,Beyoncé
Nicki Minaj,Alexis Jordan
Ne‐Yo,Bruno Mars
Ne‐Yo,Nayer
Ne‐Yo,Afrojack
Ne‐Yo,Black Eyed Peas
Ne‐Yo,Aloe Blacc
Ne‐Yo,Flo Rida
Ne‐Yo,Pitbull
Ne‐Yo,Beyoncé
Ne‐Yo,Alexis Jordan
Bruno Mars,Nayer
Bruno Mars,Afrojack
Bruno Mars,Black Eyed Peas
Bruno Mars,Aloe Blacc
Bruno Mars,Flo Rida
Bruno Mars,Pitbull
Bruno Mars,Beyoncé
Bruno Mars,Alexis Jordan
Nayer,Afrojack
Nayer,Black Eyed Peas
Nayer,Aloe Blacc
Nayer,Flo Rida
Nayer,Pitbull
Nayer,Beyoncé
Nayer,Alexis Jordan
Afrojack,Black Eyed Peas
Afrojack,Aloe Blacc
Afrojack,Flo Rida
Afrojack,Pitbull
Afrojack,Beyoncé
Afrojack,Alexis Jordan
Black Eyed Peas,Aloe Blacc
Black Eyed Peas,Flo Rida
Black Eyed Peas,Pitbull
Black Eyed Peas,Beyoncé
Black Eyed Peas,Alexis Jordan
Aloe Blacc,Flo Rida
Aloe Blacc,Pitbull
Aloe Blacc,Beyoncé
Aloe Blacc,Alexis Jordan
Flo Rida,Pitbull
Flo Rida,Beyoncé
Flo Rida,Alexis Jordan
Pitbull,Beyoncé
Pitbull,Alexis Jordan
Beyoncé,Alexis Jordan
R. Kelly,Pharrell Williams
R. Kelly,Bruno Mars
Pharrell Williams,Bruno Mars
Lady Gaga,Bruno Mars
Lady Gaga,Bruno Mars
Alesso,Far Too Loud
Alesso,Bruno Mars
Far Too Loud,Bruno Mars
Le Berger,Bruno Mars
Cardi B,Bruno Mars
Lupe Fiasco,Bruno Mars
Cardi B,Bruno Mars
Cardi B,Bruno Mars
Cardi B,Bruno Mars
Cardi B,Bruno Mars
Martin Danielle,Carl Louis
Martin Danielle,Bruno Mars
Carl Louis,Bruno Mars
Cardi B,Bruno Mars
Cardi B,Bruno Mars
Bruno Mars,DJ ICE
Cardi B,Lil Jon
Cardi B,Ying Yang Twins
Cardi B,Bruno Mars
Lil Jon,Ying Yang Twins
Lil Jon,Bruno Mars
Ying Yang Twins,Bruno Mars
Bruno Mars,Parliament
Bruno Mars,B.o.B
Bruno Mars,Wes Fif
B.o.B,Wes Fif
R. Kelly,Pharrell Williams
R. Kelly,Bruno Mars
Pharrell Williams,Bruno Mars
Bruno Mars,Charli xcx
Martin Danielle,Carl Louis
Martin Danielle,Bruno Mars
Carl Louis,Bruno Mars
Lady Gaga,Bruno Mars
Ariana Grande,Bruno Mars
Bruno Mars,Bad Meets Evil
Bruno Mars,Bad Meets Evil
Bruno Mars,Bad Meets Evil
Eminem,Royce da 5′9″
Eminem,Bruno Mars
Royce da 5′9″,Bruno Mars
Bruno Mars,B.o.B
Lil Wayne,Bruno Mars
Damian “Jr. Gong” Marley,Bruno Mars
Bruno Mars,B.o.B
Bruno Mars,Bad Meets Evil
Lil Wayne,Rick Ross
Lil Wayne,Bruno Mars
Rick Ross,Bruno Mars
Lupe Fiasco,Bruno Mars
Bruno Mars,B.o.B
DJ Sizzahandz,Bruno Mars
DJ Sizzahandz,The Police
Bruno Mars,The Police
Lil Wayne,Bruno Mars
Eminem,Bruno Mars
Lupe Fiasco,Bruno Mars
Bruno Mars,B.o.B
Bruno Mars,B.o.B
Bruno Mars,Jaeson Ma
Bruno Mars,Jason Mraz
The Goodfellas,Bruno Mars
Damian “Jr. Gong” Marley,Bruno Mars
Bruno Mars,B.o.B
Damian “Jr. Gong” Marley,Bruno Mars
Lil Wayne,Bruno Mars
Lil Wayne,Misha B
Bruno Mars,Misha B
Robbie Mac,Bruno Mars
Lil Wayne,Bruno Mars
Bruno Mars,Bad Meets Evil
Eminem,Royce da 5′9″
Eminem,Bruno Mars
Royce da 5′9″,Bruno Mars
Bruno Mars,Bad Meets Evil
Steve Angello,Bruno Mars
Bruno Mars,Borgeous
Bruno Mars,Sebastian Ingrosso
Bruno Mars,Tommy Trash
Bruno Mars,DVBBS
Borgeous,Sebastian Ingrosso
Borgeous,Tommy Trash
Borgeous,DVBBS
Sebastian Ingrosso,Tommy Trash
Sebastian Ingrosso,DVBBS
Tommy Trash,DVBBS
Bruno Mars,B.o.B
Bruno Mars,B.o.B
Bruno Mars,B.o.B
Bruno Mars,B.o.B
Cardi B,DJ Allan
Cardi B,Bruno Mars
DJ Allan,Bruno Mars
Bruno Mars,B.o.B
Cardi B,Bruno Mars
The Ting Tings,Bruno Mars
The Ting Tings,ROSÉ
Bruno Mars,ROSÉ
Bruno Mars,OutKast
Bruno Mars,B.o.B
OutKast,B.o.B
Bruno Mars,B.o.B
Bruno Mars,Justin Timberlake
Bruno Mars,Jonas Brothers
Bruno Mars,Muka
Justin Timberlake,Jonas Brothers
Justin Timberlake,Muka
Jonas Brothers,Muka
Cardi B,Bruno Mars
Bruno Mars,B.o.B
Bruno Mars,B.o.B
Bruno Mars,B.o.B
Cardi B,Bruno Mars
Cardi B,Bruno Mars
Gucci Mane,Bruno Mars
Cardi B,Bruno Mars
Bruno Mars,Justin Timberlake
Bruno Mars,Jonas Brothers
Bruno Mars,Muka
Justin Timberlake,Jonas Brothers
Justin Timberlake,Muka
Jonas Brothers,Muka
Cardi B,Bruno Mars
Bruno Mars,Esperanza Spalding
Cardi B,Bruno Mars
Bruno Mars,Big Boi
Bruno Mars,B.o.B
Big Boi,B.o.B
Bruno Mars,B.o.B
Bruno Mars,B.o.B
Bruno Mars,B.o.B
Bruno Mars,B.o.B
Bruno Mars,B.o.B
Cardi B,Bruno Mars
Cardi B,Bruno Mars
Cardi B,Bruno Mars
Bruno Mars,B.o.B
The Ting Tings,Bruno Mars
The Ting Tings,ROSÉ
Bruno Mars,ROSÉ
Bruno Mars,B.o.B
Philip Lawrence,Bruno Mars
Cardi B,Bruno Mars
Bruno Mars,B.o.B
DJ Hope,Trinidad James
DJ Hope,Bruno Mars
Trinidad James,Bruno Mars
Gold 1,Bruno Mars
Gold 1,Jaeson Ma
Bruno Mars,Jaeson Ma
Gold 1,Bruno Mars
Gold 1,Jaeson Ma
Bruno Mars,Jaeson Ma
Bruno Mars,Dj Mhark
Mark Ronson,Bruno Mars
Mark Ronson,Bruno Mars
Mark Ronson,Bruno Mars
Gold 1,Bruno Mars
Gold 1,Jaeson Ma
Bruno Mars,Jaeson Ma
Mark Ronson,Bruno Mars
Gold 1,Bruno Mars
Gold 1,Jaeson Ma
Bruno Mars,Jaeson Ma
Mark Ronson,Bruno Mars
Gold 1,Bruno Mars
Gold 1,Jaeson Ma
Bruno Mars,Jaeson Ma
Gold 1,Bruno Mars
Gold 1,Jaeson Ma
Bruno Mars,Jaeson Ma
Gold 1,Bruno Mars
Gold 1,Jaeson Ma
Bruno Mars,Jaeson Ma
CeeLo Green,Bruno Mars
CeeLo Green,B.o.B
Bruno Mars,B.o.B
Gold 1,Bruno Mars
Gold 1,Jaeson Ma
Bruno Mars,Jaeson Ma
CeeLo Green,Bruno Mars
CeeLo Green,B.o.B
Bruno Mars,B.o.B
Mark Ronson,Bruno Mars
Gold 1,Bruno Mars
Gold 1,Jaeson Ma
Bruno Mars,Jaeson Ma
Gold 1,Bruno Mars
Gold 1,Jaeson Ma
Bruno Mars,Jaeson Ma
Mark Ronson,Bruno Mars
Gold 1,Bruno Mars
Gold 1,Jaeson Ma
Bruno Mars,Jaeson Ma
Gold 1,Bruno Mars
Gold 1,Jaeson Ma
Bruno Mars,Jaeson Ma
Mark Ronson,Bruno Mars
Mark Ronson,Bruno Mars
Mark Ronson,Bruno Mars
Mark Ronson,Bruno Mars
Gold 1,Bruno Mars
Gold 1,Jaeson Ma
Bruno Mars,Jaeson Ma
SWACQ,Bruno Mars
Mark Ronson,Bruno Mars
Gold 1,Bruno Mars
Gold 1,Jaeson Ma
Bruno Mars,Jaeson Ma
Gold 1,Bruno Mars
Gold 1,Jaeson Ma
Bruno Mars,Jaeson Ma
CeeLo Green,Bruno Mars
CeeLo Green,B.o.B
Bruno Mars,B.o.B
Gold 1,Bruno Mars
Gold 1,Jaeson Ma
Bruno Mars,Jaeson Ma
Gold 1,Bruno Mars
Gold 1,Jaeson Ma
Bruno Mars,Jaeson Ma
Trinidad James,Bruno Mars
Mark Ronson,Bruno Mars
Mark Ronson,Bruno Mars
Gold 1,Bruno Mars
Gold 1,Bruno Mars
Gold 1,Jaeson Ma
Bruno Mars,Jaeson Ma
CeeLo Green,Bruno Mars
CeeLo Green,B.o.B
Bruno Mars,B.o.B
Gold 1,Bruno Mars
Gold 1,Jaeson Ma
Bruno Mars,Jaeson Ma
Gold 1,Bruno Mars
Gold 1,Jaeson Ma
Bruno Mars,Jaeson Ma
Mark Ronson,Bruno Mars
Mark Ronson,Bruno Mars
Bruno Mars,DJ ICE
Gold 1,Bruno Mars
Gold 1,Jaeson Ma
Bruno Mars,Jaeson Ma
Benji B,Mark Ronson
Benji B,Bruno Mars
Mark Ronson,Bruno Mars
Gold 1,Bruno Mars
Gold 1,Jaeson Ma
Bruno Mars,Jaeson Ma
Mark Ronson,Bruno Mars
Gucci Mane,Kodak Black
Gucci Mane,Bruno Mars
Kodak Black,Bruno Mars
Snoop Dogg,Wiz Khalifa
Snoop Dogg,Bruno Mars
Wiz Khalifa,Bruno Mars
Snoop Dogg,Wiz Khalifa
Snoop Dogg,Bruno Mars
Wiz Khalifa,Bruno Mars
Gucci Mane,Kodak Black
Gucci Mane,Bruno Mars
Kodak Black,Bruno Mars
Cover Nation,Wiz Khalifa
Cover Nation,Bruno Mars
Wiz Khalifa,Bruno Mars
Snoop Dogg,Wiz Khalifa
Snoop Dogg,Bruno Mars
Wiz Khalifa,Bruno Mars
Snoop Dogg,Wiz Khalifa
Snoop Dogg,Bruno Mars
Wiz Khalifa,Bruno Mars
Snoop Dogg,Wiz Khalifa
Snoop Dogg,Bruno Mars
Wiz Khalifa,Bruno Mars
Snoop Dogg,Wiz Khalifa
Snoop Dogg,Bruno Mars
Wiz Khalifa,Bruno Mars
David Guetta,Bruno Mars
Snoop Dogg,Wiz Khalifa
Snoop Dogg,Bruno Mars
Wiz Khalifa,Bruno Mars
Snoop Dogg,Wiz Khalifa
Snoop Dogg,Bruno Mars
Wiz Khalifa,Bruno Mars
Snoop Dogg,Wiz Khalifa
Snoop Dogg,Bruno Mars
Wiz Khalifa,Bruno Mars
Keke Palmer,Bruno Mars
David Guetta,Bruno Mars
David Guetta,Bruno Mars
Bad Bunny,Diplo
Cosculluela,El Taiger
Cosculluela,Bryant Myers
Cosculluela,Bad Bunny
Cosculluela,J Balvin
El Taiger,Bryant Myers
El Taiger,Bad Bunny
El Taiger,J Balvin
Bryant Myers,Bad Bunny
Bryant Myers,J Balvin
Bad Bunny,J Balvin
Musicólogo & Menes,Bad Bunny
Bad Bunny,KAROL G
Nicky Jam,Bad Bunny
Nacho,Yandel
Nacho,Bad Bunny
Yandel,Bad Bunny
Eladio Carrión,Bad Bunny
Pacho el Antifeka,Bad Bunny
Pacho el Antifeka,Daddy Yankee
Bad Bunny,Daddy Yankee
Bad Bunny,Tainy
Bad Bunny,Anuel AA
Residente,Bad Bunny
Noriel,Bad Bunny
Noriel,Almighty
Bad Bunny,Almighty
Noriel,Bad Bunny
Noriel,Almighty
Bad Bunny,Almighty
Bad Bunny,J Balvin
Los Pleneros de la Cresta,Bad Bunny
Farruko,Bad Bunny
Bad Bunny,Myke Towers
Bad Bunny,Diplo
DJ Arman,Bad Bunny
Bad Bunny,Luar la L
iLe,Residente
iLe,Bad Bunny
Residente,Bad Bunny
Bad Bunny,Buscabulla
Bad Bunny,Jhayco
Bad Bunny,Jhayco
Bad Bunny,Yandel
Bad Bunny,Tainy
Bad Bunny,Yaviah
Justin Quiles,Bad Bunny
Justin Quiles,Almighty
Bad Bunny,Almighty
PJ Sin Suela,Bad Bunny
PJ Sin Suela,Ñejo
PJ Sin Suela,DJ Nelson
Bad Bunny,Ñejo
Bad Bunny,DJ Nelson
Ñejo,DJ Nelson
Los Pleneros de la Cresta,Bad Bunny
Musicólogo & Menes,Bad Bunny
Residente,Bad Bunny
Residente,Ricky Martin
Bad Bunny,Ricky Martin
Bad Bunny,KAROL G
Bad Bunny,Quavo
KAROL G,Quavo
Bad Bunny,Jhayco
Bad Bunny,J Balvin
Bad Bunny,Arcángel & De La Ghetto
Bad Bunny,Ñengo Flow
Arcángel & De La Ghetto,Ñengo Flow
Bad Bunny,Natti Natasha
De La Ghetto,Bad Bunny
De La Ghetto,Bryant Myers
De La Ghetto,Zion
Bad Bunny,Bryant Myers
Bad Bunny,Zion
Bryant Myers,Zion
Darell,Farruko
Darell,Casper Mágico
Darell,Bad Bunny
Darell,Ñengo Flow
Darell,Anuel AA
Farruko,Casper Mágico
Farruko,Bad Bunny
Farruko,Ñengo Flow
Farruko,Anuel AA
Casper Mágico,Bad Bunny
Casper Mágico,Ñengo Flow
Casper Mágico,Anuel AA
Bad Bunny,Ñengo Flow
Bad Bunny,Anuel AA
Ñengo Flow,Anuel AA
Bad Bunny,Nio García
Bad Bunny,J Balvin
Nio García,J Balvin
Bad Bunny,Maluma
Bad Bunny,Ñengo Flow
Bad Bunny,Arcángel & De La Ghetto
Maluma,Ñengo Flow
Maluma,Arcángel & De La Ghetto
Ñengo Flow,Arcángel & De La Ghetto
Bad Bunny,El Taiger
Bad Bunny,Bryant Myers
El Taiger,Bryant Myers
Mr Eazi,Bad Bunny
Mr Eazi,J Balvin
Bad Bunny,J Balvin
Cosculluela,Alexio
Cosculluela,Zion
Cosculluela,Farruko
Cosculluela,Arcángel
Cosculluela,Ozuna
Cosculluela,Bad Bunny
Cosculluela,Nicky Jam
Cosculluela,Ñengo Flow
Cosculluela,Wisin
Alexio,Zion
Alexio,Farruko
Alexio,Arcángel
Alexio,Ozuna
Alexio,Bad Bunny
Alexio,Nicky Jam
Alexio,Ñengo Flow
Alexio,Wisin
Zion,Farruko
Zion,Arcángel
Zion,Ozuna
Zion,Bad Bunny
Zion,Nicky Jam
Zion,Ñengo Flow
Zion,Wisin
Farruko,Arcángel
Farruko,Ozuna
Farruko,Bad Bunny
Farruko,Nicky Jam
Farruko,Ñengo Flow
Farruko,Wisin
Arcángel,Ozuna
Arcángel,Bad Bunny
Arcángel,Nicky Jam
Arcángel,Ñengo Flow
Arcángel,Wisin
Ozuna,Bad Bunny
Ozuna,Nicky Jam
Ozuna,Ñengo Flow
Ozuna,Wisin
Bad Bunny,Nicky Jam
Bad Bunny,Ñengo Flow
Bad Bunny,Wisin
Nicky Jam,Ñengo Flow
Nicky Jam,Wisin
Ñengo Flow,Wisin
Almighty,Juanka
Almighty,Benny Benni
Almighty,Amarion
Almighty,Pusho
Almighty,Pacho el Antifeka
Almighty,Bad Bunny
Almighty,Daddy Yankee
Juanka,Benny Benni
Juanka,Amarion
Juanka,Pusho
Juanka,Pacho el Antifeka
Juanka,Bad Bunny
Juanka,Daddy Yankee
Benny Benni,Amarion
Benny Benni,Pusho
Benny Benni,Pacho el Antifeka
Benny Benni,Bad Bunny
Benny Benni,Daddy Yankee
Amarion,Pusho
Amarion,Pacho el Antifeka
Amarion,Bad Bunny
Amarion,Daddy Yankee
Pusho,Pacho el Antifeka
Pusho,Bad Bunny
Pusho,Daddy Yankee
Pacho el Antifeka,Bad Bunny
Pacho el Antifeka,Daddy Yankee
Bad Bunny,Daddy Yankee
Bad Bunny,El Alfa
Cardi B,Bad Bunny
Cardi B,J Balvin
Bad Bunny,J Balvin
Enrique Iglesias,Bad Bunny
Enrique Iglesias,Bad Bunny
Enrique Iglesias,Natti Natasha
Bad Bunny,Natti Natasha
Cardi B,Bad Bunny
Cardi B,J Balvin
Bad Bunny,J Balvin
Bad Bunny,Jhayco
Enrique Iglesias,Bad Bunny
Mora,Bad Bunny
Revol,Bad Bunny
Revol,Arcángel & De La Ghetto
Revol,J Balvin
Bad Bunny,Arcángel & De La Ghetto
Bad Bunny,J Balvin
Arcángel & De La Ghetto,J Balvin
Farruko,Arcángel
Farruko,Ozuna
Farruko,Bad Bunny
Farruko,Ñengo Flow
Arcángel,Ozuna
Arcángel,Bad Bunny
Arcángel,Ñengo Flow
Ozuna,Bad Bunny
Ozuna,Ñengo Flow
Bad Bunny,Ñengo Flow
Cardi B,Bad Bunny
Cardi B,J Balvin
Bad Bunny,J Balvin
Bad Bunny,Jhayco
Enrique Iglesias,Bad Bunny
Enrique Iglesias,Natti Natasha
Bad Bunny,Natti Natasha
Bad Bunny,Gabriela Berlingeri
Musicólogo & Menes,Bad Bunny
Nicky Jam,Ozuna
Nicky Jam,Bad Bunny
Ozuna,Bad Bunny
Bad Bunny,Lady Gaga
Musicólogo & Menes,Bad Bunny
Bad Bunny,Jhayco
Bad Bunny,Yandel
Bad Bunny,Yandel
Noriel,Bad Bunny
Noriel,Arcángel
Bad Bunny,Arcángel
Farruko,Bad Bunny
Farruko,Lary Over
Bad Bunny,Lary Over
Bad Bunny,Ñengo Flow
Bad Bunny,Anuel AA
Cardi B,Bad Bunny
Cardi B,W&W
Cardi B,J Balvin
Cardi B,Vini Vici
Bad Bunny,W&W
Bad Bunny,J Balvin
Bad Bunny,Vini Vici
W&W,J Balvin
W&W,Vini Vici
J Balvin,Vini Vici
Bad Bunny,Myke Towers
Drake,Bad Bunny
Bad Bunny,Jhayco
Jory Boy,Lary Over
Jory Boy,Almighty
Jory Boy,Alexio
Jory Boy,Pusho
Jory Boy,Bad Bunny
Jory Boy,Sou el Flotador
Lary Over,Almighty
Lary Over,Alexio
Lary Over,Pusho
Lary Over,Bad Bunny
Lary Over,Sou el Flotador
Almighty,Alexio
Almighty,Pusho
Almighty,Bad Bunny
Almighty,Sou el Flotador
Alexio,Pusho
Alexio,Bad Bunny
Alexio,Sou el Flotador
Pusho,Bad Bunny
Pusho,Sou el Flotador
Bad Bunny,Sou el Flotador
Wisin & Yandel,Bad Bunny
Cardi B,Bad Bunny
Cardi B,J Balvin
Bad Bunny,J Balvin
Drake,Bad Bunny
Cardi B,Bad Bunny
Cardi B,J Balvin
Bad Bunny,J Balvin
Enrique Iglesias,Bad Bunny
Cardi B,Bad Bunny
Cardi B,J Balvin
Bad Bunny,J Balvin
Cardi B,Bad Bunny
Cardi B,J Balvin
Bad Bunny,J Balvin
Drake,Bad Bunny
Bad Bunny,Ñengo Flow
Enrique Iglesias,Bad Bunny
Bad Bunny,Ñengo Flow
Bad Bunny,Jantony
Bad Bunny,Brytiago
Jantony,Brytiago
Bad Bunny,Marc Anthony
Bad Bunny,Will Smith
Marc Anthony,Will Smith
Noriel,Almighty
Noriel,Ozuna
Noriel,Bad Bunny
Noriel,Arcángel & De La Ghetto
Noriel,Wisin
Almighty,Ozuna
Almighty,Bad Bunny
Almighty,Arcángel & De La Ghetto
Almighty,Wisin
Ozuna,Bad Bunny
Ozuna,Arcángel & De La Ghetto
Ozuna,Wisin
Bad Bunny,Arcángel & De La Ghetto
Bad Bunny,Wisin
Arcángel & De La Ghetto,Wisin
Mora,Bad Bunny
Bad Bunny,Pablo Chill‐E
Bad Bunny,Duki
Pablo Chill‐E,Duki
Cardi B,Bad Bunny
Cardi B,J Balvin
Bad Bunny,J Balvin
Noriel,Miky Woodz
Noriel,Farruko
Noriel,Benny Benni
Noriel,Pusho
Noriel,Bad Bunny
Noriel,Daddy Yankee
Miky Woodz,Farruko
Miky Woodz,Benny Benni
Miky Woodz,Pusho
Miky Woodz,Bad Bunny
Miky Woodz,Daddy Yankee
Farruko,Benny Benni
Farruko,Pusho
Farruko,Bad Bunny
Farruko,Daddy Yankee
Benny Benni,Pusho
Benny Benni,Bad Bunny
Benny Benni,Daddy Yankee
Pusho,Bad Bunny
Pusho,Daddy Yankee
Bad Bunny,Daddy Yankee
Enrique Iglesias,Bad Bunny
Almighty,J Álvarez
Almighty,Bad Bunny
J Álvarez,Bad Bunny
Mambo Kingz,DJ Luian
Mambo Kingz,Farruko
Mambo Kingz,Arcángel
Mambo Kingz,Ozuna
Mambo Kingz,Bad Bunny
Mambo Kingz,Ñengo Flow
DJ Luian,Farruko
DJ Luian,Arcángel
DJ Luian,Ozuna
DJ Luian,Bad Bunny
DJ Luian,Ñengo Flow
Farruko,Arcángel
Farruko,Ozuna
Farruko,Bad Bunny
Farruko,Ñengo Flow
Arcángel,Ozuna
Arcángel,Bad Bunny
Arcángel,Ñengo Flow
Ozuna,Bad Bunny
Ozuna,Ñengo Flow
Bad Bunny,Ñengo Flow
Noriel,Cosculluela
Noriel,Brytiago
Noriel,Bad Bunny
Noriel,Yandel
Cosculluela,Brytiago
Cosculluela,Bad Bunny
Cosculluela,Yandel
Brytiago,Bad Bunny
Brytiago,Yandel
Bad Bunny,Yandel
Cardi B,Bad Bunny
Cardi B,J Balvin
Bad Bunny,J Balvin
Cardi B,Bad Bunny
Cardi B,J Balvin
Bad Bunny,J Balvin
Bad Bunny,Miky Woodz
Becky G,Bad Bunny
Becky G,Natti Natasha
Becky G,Daddy Yankee
Bad Bunny,Natti Natasha
Bad Bunny,Daddy Yankee
Natti Natasha,Daddy Yankee
Almighty,J Álvarez
Almighty,Bad Bunny
J Álvarez,Bad Bunny
Bad Bunny,Young Miko
Bad Bunny,Anuel AA
Alex Sensation,Bad Bunny
Bad Bunny,Tony Dize
Pusho,Bad Bunny
Pusho,Luigi 21 Plus
Pusho,Ñengo Flow
Bad Bunny,Luigi 21 Plus
Bad Bunny,Ñengo Flow
Luigi 21 Plus,Ñengo Flow
Luke,Bad Bunny
Luke,Lil Uzi Vert
Bad Bunny,Lil Uzi Vert
Travis Scott,Bad Bunny
Travis Scott,The Weeknd
Bad Bunny,The Weeknd
Nicki Minaj,Farruko
Nicki Minaj,Bad Bunny
Nicki Minaj,Rvssian
Nicki Minaj,21 Savage
Farruko,Bad Bunny
Farruko,Rvssian
Farruko,21 Savage
Bad Bunny,Rvssian
Bad Bunny,21 Savage
Rvssian,21 Savage
Almighty,Químico Ultra Mega
Almighty,Denyerkin
Almighty,Bad Bunny
Almighty,El Fother
Químico Ultra Mega,Denyerkin
Químico Ultra Mega,Bad Bunny
Químico Ultra Mega,El Fother
Denyerkin,Bad Bunny
Denyerkin,El Fother
Bad Bunny,El Fother
Bad Bunny,Tainy
Travis Scott,Bad Bunny
Travis Scott,The Weeknd
Bad Bunny,The Weeknd
Travis Scott,Bad Bunny
Travis Scott,The Weeknd
Bad Bunny,The Weeknd
ROSALÍA,Bad Bunny
Bad Bunny,Anuel AA
Bad Bunny,Eladio Carrión
Almighty,Químico Ultra Mega
Almighty,Denyerkin
Almighty,Bad Bunny
Almighty,El Fother
Químico Ultra Mega,Denyerkin
Químico Ultra Mega,Bad Bunny
Químico Ultra Mega,El Fother
Denyerkin,Bad Bunny
Denyerkin,El Fother
Bad Bunny,El Fother
ROSALÍA,Bad Bunny
Travis Scott,Bad Bunny
Travis Scott,The Weeknd
Bad Bunny,The Weeknd
Noriel,Almighty
Noriel,Brytiago
Noriel,Bryant Myers
Noriel,Arcángel
Noriel,Bad Bunny
Noriel,Baby Rasta
Almighty,Brytiago
Almighty,Bryant Myers
Almighty,Arcángel
Almighty,Bad Bunny
Almighty,Baby Rasta
Brytiago,Bryant Myers
Brytiago,Arcángel
Brytiago,Bad Bunny
Brytiago,Baby Rasta
Bryant Myers,Arcángel
Bryant Myers,Bad Bunny
Bryant Myers,Baby Rasta
Arcángel,Bad Bunny
Arcángel,Baby Rasta
Bad Bunny,Baby Rasta
Travis Scott,Bad Bunny
Travis Scott,The Weeknd
Bad Bunny,The Weeknd
Poeta Callejero,Bad Bunny
Poeta Callejero,Mark B
Bad Bunny,Mark B
Drake,Bad Bunny
Drake,PARTYNEXTDOOR
Bad Bunny,PARTYNEXTDOOR
Musicólogo & Menes,Bad Bunny
Travis Scott,Bad Bunny
Travis Scott,The Weeknd
Bad Bunny,The Weeknd
Travis Scott,Bad Bunny
Travis Scott,The Weeknd
Bad Bunny,The Weeknd
Farruko,Bad Bunny
Farruko,Rvssian
Bad Bunny,Rvssian
Nicki Minaj,Farruko
Nicki Minaj,Rvssian
Nicki Minaj,Bad Bunny
Nicki Minaj,Travis Scott
Farruko,Rvssian
Farruko,Bad Bunny
Farruko,Travis Scott
Rvssian,Bad Bunny
Rvssian,Travis Scott
Bad Bunny,Travis Scott
Nicki Minaj,Farruko
Nicki Minaj,Rvssian
Nicki Minaj,Bad Bunny
Nicki Minaj,Travis Scott
Farruko,Rvssian
Farruko,Bad Bunny
Farruko,Travis Scott
Rvssian,Bad Bunny
Rvssian,Travis Scott
Bad Bunny,Travis Scott
Bad Bunny,Daddy Yankee
Becky G,Bad Bunny
Farruko,Bad Bunny
Bad Bunny,Sech
Bad Bunny,Zion & Lennox
Noriel,Lary Over
Noriel,Darell
Noriel,Alexio
Noriel,Farruko
Noriel,De La Ghetto
Noriel,Bryant Myers
Noriel,Bad Bunny
Noriel,Anuel AA
Lary Over,Darell
Lary Over,Alexio
Lary Over,Farruko
Lary Over,De La Ghetto
Lary Over,Bryant Myers
Lary Over,Bad Bunny
Lary Over,Anuel AA
Darell,Alexio
Darell,Farruko
Darell,De La Ghetto
Darell,Bryant Myers
Darell,Bad Bunny
Darell,Anuel AA
Alexio,Farruko
Alexio,De La Ghetto
Alexio,Bryant Myers
Alexio,Bad Bunny
Alexio,Anuel AA
Farruko,De La Ghetto
Farruko,Bryant Myers
Farruko,Bad Bunny
Farruko,Anuel AA
De La Ghetto,Bryant Myers
De La Ghetto,Bad Bunny
De La Ghetto,Anuel AA
Bryant Myers,Bad Bunny
Bryant Myers,Anuel AA
Bad Bunny,Anuel AA
Drake,Bad Bunny
Bad Bunny,Cosculluela
Noriel,Almighty
Noriel,Kevin Roldán
Noriel,Bryant Myers
Noriel,Bad Bunny
Almighty,Kevin Roldán
Almighty,Bryant Myers
Almighty,Bad Bunny
Kevin Roldán,Bryant Myers
Kevin Roldán,Bad Bunny
Bryant Myers,Bad Bunny
Bad Bunny,J Balvin
Cazzu,Bad Bunny
Cazzu,KHEA
Cazzu,Duki
Bad Bunny,KHEA
Bad Bunny,Duki
KHEA,Duki
Bad Bunny,Chencho Corleone
Bad Bunny,Daddy Yankee
Farruko,Bad Bunny
Bad Bunny,Arcángel
Bad Bunny,Arcángel
Bad Bunny,Tainy
Bad Bunny,Julieta Venegas
Tainy,Julieta Venegas
Lito Kirino,Bad Bunny
Lito Kirino,Amenazzy
Bad Bunny,Amenazzy
Eladio Carrión,Bad Bunny
Nicki Minaj,Farruko
Nicki Minaj,Bad Bunny
Nicki Minaj,Rvssian
Nicki Minaj,21 Savage
Farruko,Bad Bunny
Farruko,Rvssian
Farruko,21 Savage
Bad Bunny,Rvssian
Bad Bunny,21 Savage
Rvssian,21 Savage
Poeta Callejero,Bad Bunny
Poeta Callejero,Mark B
Bad Bunny,Mark B
David Guetta,Trace
David Guetta,Cardi B
David Guetta,Vassy
David Guetta,Bad Bunny
David Guetta,Tiësto
David Guetta,Tom Staar
Trace,Cardi B
Trace,Vassy
Trace,Bad Bunny
Trace,Tiësto
Trace,Tom Staar
Cardi B,Vassy
Cardi B,Bad Bunny
Cardi B,Tiësto
Cardi B,Tom Staar
Vassy,Bad Bunny
Vassy,Tiësto
Vassy,Tom Staar
Bad Bunny,Tiësto
Bad Bunny,Tom Staar
Tiësto,Tom Staar
Noriel,Mark B
Noriel,Almighty
Noriel,Químico Ultra Mega
Noriel,Kevin Roldán
Noriel,Denyerkin
Noriel,Bryant Myers
Noriel,Poeta Callejero
Noriel,Bad Bunny
Noriel,El Fother
Mark B,Almighty
Mark B,Químico Ultra Mega
Mark B,Kevin Roldán
Mark B,Denyerkin
Mark B,Bryant Myers
Mark B,Poeta Callejero
Mark B,Bad Bunny
Mark B,El Fother
Almighty,Químico Ultra Mega
Almighty,Kevin Roldán
Almighty,Denyerkin
Almighty,Bryant Myers
Almighty,Poeta Callejero
Almighty,Bad Bunny
Almighty,El Fother
Químico Ultra Mega,Kevin Roldán
Químico Ultra Mega,Denyerkin
Químico Ultra Mega,Bryant Myers
Químico Ultra Mega,Poeta Callejero
Químico Ultra Mega,Bad Bunny
Químico Ultra Mega,El Fother
Kevin Roldán,Denyerkin
Kevin Roldán,Bryant Myers
Kevin Roldán,Poeta Callejero
Kevin Roldán,Bad Bunny
Kevin Roldán,El Fother
Denyerkin,Bryant Myers
Denyerkin,Poeta Callejero
Denyerkin,Bad Bunny
Denyerkin,El Fother
Bryant Myers,Poeta Callejero
Bryant Myers,Bad Bunny
Bryant Myers,El Fother
Poeta Callejero,Bad Bunny
Poeta Callejero,El Fother
Bad Bunny,El Fother
Drake,OG Ron C
Drake,PARTYNEXTDOOR
Drake,DJ Candlestick
Drake,Bad Bunny
OG Ron C,PARTYNEXTDOOR
OG Ron C,DJ Candlestick
OG Ron C,Bad Bunny
PARTYNEXTDOOR,DJ Candlestick
PARTYNEXTDOOR,Bad Bunny
DJ Candlestick,Bad Bunny
Bad Bunny,Ricky Martin
ROSALÍA,Bad Bunny
Bad Bunny,Arcángel & De La Ghetto
Bad Bunny,Mark B
Bad Bunny,Amenazzy
Arcángel & De La Ghetto,Mark B
Arcángel & De La Ghetto,Amenazzy
Mark B,Amenazzy
Becky G,Bad Bunny
Bad Bunny,YOVNGCHIMI
Drake,Bad Bunny
Nicki Minaj,Farruko
Nicki Minaj,Russian
Nicki Minaj,Bad Bunny
Nicki Minaj,21 Savage
Farruko,Russian
Farruko,Bad Bunny
Farruko,21 Savage
Russian,Bad Bunny
Russian,21 Savage
Bad Bunny,21 Savage
Bad Bunny,J Balvin
Bad Bunny,Arcángel
Bad Bunny,Arcángel
Bad Bunny,El Alfa
Víctor Manuelle,Bad Bunny
Bad Bunny,Mark B
Bad Bunny,Amenazzy
Bad Bunny,Arcángel
Mark B,Amenazzy
Mark B,Arcángel
Amenazzy,Arcángel
Bad Bunny,Daddy Yankee
Becky G,Bad Bunny
Drake,Bad Bunny
Drake,PARTYNEXTDOOR
Bad Bunny,PARTYNEXTDOOR
Drake,Krunk!
Drake,Bad Bunny
Drake,Dimatik
Krunk!,Bad Bunny
Krunk!,Dimatik
Bad Bunny,Dimatik
Jory Boy,Bad Bunny
Black Jonas Point,Almighty
Black Jonas Point,Químico Ultra Mega
Black Jonas Point,Arcángel
Black Jonas Point,Bad Bunny
Almighty,Químico Ultra Mega
Almighty,Arcángel
Almighty,Bad Bunny
Químico Ultra Mega,Arcángel
Químico Ultra Mega,Bad Bunny
Arcángel,Bad Bunny
Bad Bunny,Bryant Myers
Bad Bunny,Kendo Kaponi
Bad Bunny,Arcángel
Kendo Kaponi,Arcángel
Musicólogo & Menes,Bad Bunny
Ozuna,Bad Bunny
Ozuna,J Balvin
Ozuna,Arcángel
Bad Bunny,J Balvin
Bad Bunny,Arcángel
J Balvin,Arcángel
Bad Bunny,Feid
Bad Bunny,ABRA
Bad Bunny,Brytiago
Bad Bunny,Darell
Bad Bunny,Kelmitt
Darell,Kelmitt
Bad Bunny,J Balvin
Barbosa,Bad Bunny
Barbosa,Bryant Myers
Bad Bunny,Bryant Myers
Almighty,Benny Benni
Almighty,Bad Bunny
Almighty,I-Octane
Almighty,Yomo
Almighty,DJ Luian
Benny Benni,Bad Bunny
Benny Benni,I-Octane
Benny Benni,Yomo
Benny Benni,DJ Luian
Bad Bunny,I-Octane
Bad Bunny,Yomo
Bad Bunny,DJ Luian
I-Octane,Yomo
I-Octane,DJ Luian
Yomo,DJ Luian
Bad Bunny,Bomba Estéreo
Bad Bunny,DJ Nervoso
Bad Bunny,Rauw Alejandro
Bad Bunny,Ñengo Flow
Bad Bunny,Bryant Myers
Bad Bunny,RaiNao
Wisin,Ozuna
Wisin,Bad Bunny
Wisin,Almighty
Ozuna,Bad Bunny
Ozuna,Almighty
Bad Bunny,Almighty
Brray,Bad Bunny
Musicólogo & Menes,Bad Bunny
Jennifer Lopez,Bad Bunny
Noriel,Bad Bunny
Noriel,Juhn
Bad Bunny,Juhn
Bad Bunny,Jhayco
Bad Bunny,J Balvin
Jhayco,J Balvin
Bad Bunny,RaiNao
Bad Bunny,Rauw Alejandro
Farruko,Bad Bunny
Farruko,Bryant Myers
Bad Bunny,Bryant Myers
Bad Bunny,Arcángel
Bad Bunny,Natanael Cano
Bad Bunny,Jhayco
Bad Bunny,J Balvin
Jhayco,J Balvin
Mambo Kingz,Bad Bunny
Mambo Kingz,J Balvin
Mambo Kingz,Prince Royce
Mambo Kingz,DJ Luian
Bad Bunny,J Balvin
Bad Bunny,Prince Royce
Bad Bunny,DJ Luian
J Balvin,Prince Royce
J Balvin,DJ Luian
Prince Royce,DJ Luian
The Marías,Bad Bunny
Bad Bunny,Ñengo Flow
Bad Bunny,Jowell & Randy
Ñengo Flow,Jowell & Randy
Bad Bunny,J Balvin
Darell,Nio García
Darell,Casper Mágico
Darell,Ozuna
Darell,Bad Bunny
Darell,Nicky Jam
Nio García,Casper Mágico
Nio García,Ozuna
Nio García,Bad Bunny
Nio García,Nicky Jam
Casper Mágico,Ozuna
Casper Mágico,Bad Bunny
Casper Mágico,Nicky Jam
Ozuna,Bad Bunny
Ozuna,Nicky Jam
Bad Bunny,Nicky Jam
Bad Bunny,Lunay
Bad Bunny,Daddy Yankee
Lunay,Daddy Yankee
Farruko,Bad Bunny
Farruko,King Kosa
Farruko,Nicky Jam
Farruko,Rvssian
Bad Bunny,King Kosa
Bad Bunny,Nicky Jam
Bad Bunny,Rvssian
King Kosa,Nicky Jam
King Kosa,Rvssian
Nicky Jam,Rvssian
Bad Bunny,Wisin
Bad Bunny,Timbaland
Wisin,Timbaland
Bad Bunny,J Balvin
Musicólogo & Menes,Bad Bunny
Omy de Oro,Bad Bunny
Omy de Oro,Shootter Ledo
Bad Bunny,Shootter Ledo
Daddy Yankee,Bad Bunny
Daddy Yankee,Lunay
Bad Bunny,Lunay
Bad Bunny,Ñengo Flow
Bad Bunny,Jowell & Randy
Ñengo Flow,Jowell & Randy
Lary Over,Tempo
Lary Over,Farruko
Lary Over,Pepe Quintana
Lary Over,Arcángel
Lary Over,Bad Bunny
Tempo,Farruko
Tempo,Pepe Quintana
Tempo,Arcángel
Tempo,Bad Bunny
Farruko,Pepe Quintana
Farruko,Arcángel
Farruko,Bad Bunny
Pepe Quintana,Arcángel
Pepe Quintana,Bad Bunny
Arcángel,Bad Bunny
Darell,Nio García
Darell,Casper Mágico
Darell,Ozuna
Darell,Bad Bunny
Darell,Nicky Jam
Nio García,Casper Mágico
Nio García,Ozuna
Nio García,Bad Bunny
Nio García,Nicky Jam
Casper Mágico,Ozuna
Casper Mágico,Bad Bunny
Casper Mágico,Nicky Jam
Ozuna,Bad Bunny
Ozuna,Nicky Jam
Bad Bunny,Nicky Jam
Bad Bunny,Rauw Alejandro
Jory Boy,Bad Bunny
Bad Bunny,Myke Towers
Bad Bunny,Bryant Myers
Bad Bunny,Ñengo Flow
Bad Bunny,Jowell & Randy
Ñengo Flow,Jowell & Randy
Nicky Jam,Bad Bunny
Nicky Jam,Arcángel
Bad Bunny,Arcángel
Musicólogo & Menes,Bad Bunny
Bad Bunny,Don Omar
Bad Bunny,Jhayco
Bad Bunny,Gigoló y La Exce
Bad Bunny,Tainy
Bad Bunny,Dua Lipa
Bad Bunny,J Balvin
Tainy,Dua Lipa
Tainy,J Balvin
Dua Lipa,J Balvin
Bad Bunny,Tainy
Bad Bunny,Dua Lipa
Bad Bunny,J Balvin
Tainy,Dua Lipa
Tainy,J Balvin
Dua Lipa,J Balvin
Bad Bunny,Daddy Yankee
Mora,Bad Bunny
Mora,Sech
Bad Bunny,Sech
Future,Bad Bunny
Future,Spiff TV
Future,Anuel AA
Bad Bunny,Spiff TV
Bad Bunny,Anuel AA
Spiff TV,Anuel AA
Bad Bunny,Eladio Carrión
Lary Over,Brytiago
Lary Over,Jon Z
Lary Over,Bad Bunny
Lary Over,Anonimus
Lary Over,Alexis & Fido
Brytiago,Jon Z
Brytiago,Bad Bunny
Brytiago,Anonimus
Brytiago,Alexis & Fido
Jon Z,Bad Bunny
Jon Z,Anonimus
Jon Z,Alexis & Fido
Bad Bunny,Anonimus
Bad Bunny,Alexis & Fido
Anonimus,Alexis & Fido
Lary Over,Bad Bunny
Lary Over,Sixto Rein
Bad Bunny,Sixto Rein
Bad Bunny,Cosculluela
Bad Bunny,Daddy Yankee
Bad Bunny,Anuel AA
Cosculluela,Daddy Yankee
Cosculluela,Anuel AA
Daddy Yankee,Anuel AA
Bad Bunny,Grupo Frontera
Bad Bunny,Daddy Yankee
Bad Bunny,Luar la L
Bad Bunny,Bryant Myers
Bad Bunny,Tainy
Bad Bunny,Dua Lipa
Bad Bunny,J Balvin
Tainy,Dua Lipa
Tainy,J Balvin
Dua Lipa,J Balvin
Aventura,Bad Bunny
Bad Bunny,Omar Courtz
Bad Bunny,Dei V
Omar Courtz,Dei V
Bad Bunny,Chuwi
Nesi,Bad Bunny
Nesi,Ivy Queen
Bad Bunny,Ivy Queen
Mora,Bad Bunny
Bad Bunny,Héctor el Father
Bad Bunny,Chuwi
Bad Bunny,J Balvin
Bad Bunny,Daddy Yankee
Alexis & Fido,Bad Bunny
Bad Bunny,Gorillaz
Bad Bunny,Omar Courtz
Bad Bunny,Dei V
Omar Courtz,Dei V
Bad Bunny,Arcángel
Bad Bunny,Daddy Yankee
Marciano Cantero,Bad Bunny
Marciano Cantero,J Balvin
Bad Bunny,J Balvin
Giorgio Moroder,The Weeknd
Future,The Weeknd
21 Savage,Diddy
21 Savage,French Montana
21 Savage,The Weeknd
Diddy,French Montana
Diddy,The Weeknd
French Montana,The Weeknd
Future,Metro Boomin
Future,The Weeknd
Metro Boomin,The Weeknd
Max B,French Montana
Max B,The Weeknd
French Montana,The Weeknd
Future,Metro Boomin
Future,The Weeknd
Metro Boomin,The Weeknd
Jesse Boykins III,The Weeknd
Young Thug,Belly
Young Thug,The Weeknd
Belly,The Weeknd
REZZ,Madeon
REZZ,Grabbitz
REZZ,The Weeknd
Madeon,Grabbitz
Madeon,The Weeknd
Grabbitz,The Weeknd
The Weeknd,Rae Sremmurd
Oneohtrix Point Never,The Weeknd
The Weeknd,Mike Dean
Future,Metro Boomin
Future,The Weeknd
Metro Boomin,The Weeknd
Oneohtrix Point Never,The Weeknd
Future,The Weeknd
Future,Metro Boomin
Future,The Weeknd
Metro Boomin,The Weeknd
Threat,The Weeknd
Future,Metro Boomin
Future,The Weeknd
Metro Boomin,The Weeknd
Ye,toasty digital
Ye,The Weeknd
Ye,Frank Ocean
toasty digital,The Weeknd
toasty digital,Frank Ocean
The Weeknd,Frank Ocean
The Sevenights,The Weeknd
Beyoncé,The Weeknd
ROSALÍA,The Weeknd
Ye,toasty digital
Ye,The Weeknd
Ye,Frank Ocean
toasty digital,The Weeknd
toasty digital,Frank Ocean
The Weeknd,Frank Ocean
Max B,French Montana
Max B,The Weeknd
French Montana,The Weeknd
The‐Dream,The Weeknd
The‐Dream,Ye
The‐Dream,Quavo
The‐Dream,Big Sean
The Weeknd,Ye
The Weeknd,Quavo
The Weeknd,Big Sean
Ye,Quavo
Ye,Big Sean
Quavo,Big Sean
Future,The Weeknd
Threat,The Weeknd
Future,The Weeknd
Future,The Weeknd
Beyoncé,The Weeknd
Young Thug,Belly
Young Thug,The Weeknd
Belly,The Weeknd
The Weeknd,Theotokosé
Future,Metro Boomin
Future,The Weeknd
Metro Boomin,The Weeknd
Summer Walker,The Weeknd
The Sevenights,The Weeknd
Summer Walker,The Weeknd
Future,The Weeknd
Young Thug,Belly
Young Thug,The Weeknd
Belly,The Weeknd
Chromatics,The Weeknd
Metro Boomin,21 Savage
Metro Boomin,Diddy
Metro Boomin,The Weeknd
21 Savage,Diddy
21 Savage,The Weeknd
Diddy,The Weeknd
DJ Milton,The Weeknd
Metro Boomin,21 Savage
Metro Boomin,Diddy
Metro Boomin,The Weeknd
21 Savage,Diddy
21 Savage,The Weeknd
Diddy,The Weeknd
ROSALÍA,The Weeknd
Bruno Mars,The Weeknd
Bruno Mars,Kendrick Lamar
Bruno Mars,Dua Lipa
Bruno Mars,The Chainsmokers
Bruno Mars,Sia
Bruno Mars,Daft Punk
Bruno Mars,Phoebe Ryan
Bruno Mars,Tove Lo
The Weeknd,Kendrick Lamar
The Weeknd,Dua Lipa
The Weeknd,The Chainsmokers
The Weeknd,Sia
The Weeknd,Daft Punk
The Weeknd,Phoebe Ryan
The Weeknd,Tove Lo
Kendrick Lamar,Dua Lipa
Kendrick Lamar,The Chainsmokers
Kendrick Lamar,Sia
Kendrick Lamar,Daft Punk
Kendrick Lamar,Phoebe Ryan
Kendrick Lamar,Tove Lo
Dua Lipa,The Chainsmokers
Dua Lipa,Sia
Dua Lipa,Daft Punk
Dua Lipa,Phoebe Ryan
Dua Lipa,Tove Lo
The Chainsmokers,Sia
The Chainsmokers,Daft Punk
The Chainsmokers,Phoebe Ryan
The Chainsmokers,Tove Lo
Sia,Daft Punk
Sia,Phoebe Ryan
Sia,Tove Lo
Daft Punk,Phoebe Ryan
Daft Punk,Tove Lo
Phoebe Ryan,Tove Lo
Sabrina Claudio,The Weeknd
Oneohtrix Point Never,The Weeknd
Travis Scott,Swae Lee
Travis Scott,The Weeknd
Swae Lee,The Weeknd
Metro Boomin,21 Savage
Metro Boomin,The Weeknd
21 Savage,The Weeknd
Metro Boomin,21 Savage
Metro Boomin,Diddy
Metro Boomin,The Weeknd
21 Savage,Diddy
21 Savage,The Weeknd
Diddy,The Weeknd
Travis Scott,Swae Lee
Travis Scott,The Weeknd
Swae Lee,The Weeknd
Metro Boomin,21 Savage
Metro Boomin,Diddy
Metro Boomin,The Weeknd
21 Savage,Diddy
21 Savage,The Weeknd
Diddy,The Weeknd
Future,The Weeknd
Oneohtrix Point Never,The Weeknd
Metro Boomin,21 Savage
Metro Boomin,Diddy
Metro Boomin,The Weeknd
21 Savage,Diddy
21 Savage,The Weeknd
Diddy,The Weeknd
DJ ICE,The Weeknd
Metro Boomin,21 Savage
Metro Boomin,The Weeknd
21 Savage,The Weeknd
Metro Boomin,21 Savage
Metro Boomin,Diddy
Metro Boomin,The Weeknd
21 Savage,Diddy
21 Savage,The Weeknd
Diddy,The Weeknd
Travis Scott,Swae Lee
Travis Scott,The Weeknd
Swae Lee,The Weeknd
Juicy J,The Weeknd
Future,The Weeknd
Daft Punk,The Weeknd
Trouble,The Weeknd
ROSALÍA,The Weeknd
Quebonafide,Sylwia Dynek
Quebonafide,The Weeknd
Sylwia Dynek,The Weeknd
Metro Boomin,21 Savage
Metro Boomin,The Weeknd
21 Savage,The Weeknd
Metro Boomin,21 Savage
Metro Boomin,The Weeknd
21 Savage,The Weeknd
Metro Boomin,21 Savage
Metro Boomin,The Weeknd
21 Savage,The Weeknd
Oneohtrix Point Never,The Weeknd
a‐ha,The Weeknd
Efb Deejays,The Weeknd
Drake,The Weeknd
Travis Scott,The Weeknd
Travis Scott,Frank Ocean
The Weeknd,Frank Ocean
Metro Boomin,21 Savage
Metro Boomin,The Weeknd
21 Savage,The Weeknd
Metro Boomin,21 Savage
Metro Boomin,The Weeknd
21 Savage,The Weeknd
Ed Sheeran,The Weeknd
Lily‐Rose Depp,The Weeknd
Drake,Lil Wayne
Drake,The Weeknd
Lil Wayne,The Weeknd
xxtristanxo,Speed Radio
xxtristanxo,The Weeknd
Speed Radio,The Weeknd
Drake,The Weeknd
Jasper Randall,The Weeknd
Ed Sheeran,The Weeknd
Drake,The Weeknd
Ed Sheeran,The Weeknd
Belly,Nas
Belly,The Weeknd
Nas,The Weeknd
Ed Sheeran,The Weeknd
Ed Sheeran,The Weeknd
Drake,The PropheC
Drake,The Weeknd
The PropheC,The Weeknd
Ariana Grande,The Weeknd
Drake,The Weeknd
Drake,The Weeknd
Ariana Grande,The Weeknd
Ariana Grande,The Weeknd
Drake,The Weeknd
Drake,The Weeknd
Drake,The Weeknd
Oneohtrix Point Never,The Weeknd
Drake,The Weeknd
Lily‐Rose Depp,The Weeknd
Ariana Grande,The Weeknd
Gucci Mane,The Weeknd
The Weeknd,Mike Dean
The Sevenights,The Weeknd
Belly,Nas
Belly,The Weeknd
Nas,The Weeknd
Belly,Nas
Belly,The Weeknd
Nas,The Weeknd
Drake,The Weeknd
M.I.A.,The Weeknd
Future,The Weeknd
Future,Mike WiLL Made‐It
Future,Swae Lee
Future,The Weeknd
Mike WiLL Made‐It,Swae Lee
Mike WiLL Made‐It,The Weeknd
Swae Lee,The Weeknd
Future,The Weeknd
Lily‐Rose Depp,Ramsey
Lily‐Rose Depp,The Weeknd
Ramsey,The Weeknd
Suzanna Son,Lil Baby
Suzanna Son,The Weeknd
Lil Baby,The Weeknd
Future,The Weeknd
Future,The Weeknd
Playboi Carti,The Weeknd
Drake,The Weeknd
Future,The Weeknd
Future,The Weeknd
Future,Beyoncé
Future,TheMusicNerdGuy
The Weeknd,Beyoncé
The Weeknd,TheMusicNerdGuy
Beyoncé,TheMusicNerdGuy
Future,The Weeknd
Suzanna Son,Lil Baby
Suzanna Son,The Weeknd
Lil Baby,The Weeknd
Future,Mike WiLL Made‐It
Future,Swae Lee
Future,The Weeknd
Mike WiLL Made‐It,Swae Lee
Mike WiLL Made‐It,The Weeknd
Swae Lee,The Weeknd
Joe Banga,The Weeknd
Future,The Weeknd
Suzanna Son,The Weeknd
Future,The Weeknd
Future,The Weeknd
Sia,Diplo
Sia,The Weeknd
Diplo,The Weeknd
Ye,The Weeknd
Suzanna Son,The Weeknd
The Weeknd,Mike Dean
Cano & Valence,Lil Uzi Vert
Cano & Valence,Playboi Carti
Cano & Valence,The Weeknd
Lil Uzi Vert,Playboi Carti
Lil Uzi Vert,The Weeknd
Playboi Carti,The Weeknd
Future,The Weeknd
Suzanna Son,Lil Baby
Suzanna Son,The Weeknd
Lil Baby,The Weeknd
Future,The Weeknd
Sia,Diplo
Sia,The Weeknd
Diplo,The Weeknd
Future,The Weeknd
Future,The Weeknd
Suzanna Son,Lil Baby
Suzanna Son,The Weeknd
Lil Baby,The Weeknd
Lily‐Rose Depp,Ramsey
Lily‐Rose Depp,The Weeknd
Ramsey,The Weeknd
"Tyler, The Creator",The Weeknd
"Tyler, The Creator",The Weeknd
French Montana,The Weeknd
Lil Uzi Vert,The Weeknd
Drake,The Weeknd
Ye,Travis Scott
Ye,The Weeknd
Travis Scott,The Weeknd
Maluma,The Weeknd
"Tyler, The Creator",The Weeknd
Ye,The Weeknd
"Tyler, The Creator",The Weeknd
Lil Uzi Vert,The Weeknd
Maluma,The Weeknd
Maluma,The Weeknd
French Montana,The Weeknd
Oneohtrix Point Never,The Weeknd
Ye,The Weeknd
Soundz,The Weeknd
"Tyler, The Creator",The Weeknd
Lil Uzi Vert,The Weeknd
Oneohtrix Point Never,The Weeknd
Lil Uzi Vert,The Weeknd
Rick Ross,The Weeknd
Rick Ross,The Weeknd
Dashius Clay,The Weeknd
Kid Cudi,The Weeknd
Kid Cudi,Ye
Kid Cudi,Lil Baby
Kid Cudi,KayCyy
Kid Cudi,Don Toliver
The Weeknd,Ye
The Weeknd,Lil Baby
The Weeknd,KayCyy
The Weeknd,Don Toliver
Ye,Lil Baby
Ye,KayCyy
Ye,Don Toliver
Lil Baby,KayCyy
Lil Baby,Don Toliver
KayCyy,Don Toliver
Oneohtrix Point Never,The Weeknd
Ye,Lil Baby
Ye,The Weeknd
Lil Baby,The Weeknd
Lil Wayne,The Weeknd
Daft Punk,The Weeknd
Gesaffelstein,The Weeknd
Gesaffelstein,The Weeknd
Gesaffelstein,The Weeknd
Lil Wayne,The Weeknd
Gesaffelstein,The Weeknd
Nicki Minaj,The Weeknd
Lil Wayne,The Weeknd
Daft Punk,The Weeknd
Gesaffelstein,The Weeknd
Nicki Minaj,The Weeknd
Daft Punk,The Weeknd
Lil Wayne,The Weeknd
Rick Ross,The Weeknd
Daft Punk,The Weeknd
Daft Punk,The Weeknd
Lil Wayne,The Weeknd
Gesaffelstein,The Weeknd
Bulleez n Nerdz,The Weeknd
Lil Wayne,The Weeknd
Daft Punk,The Weeknd
Oneohtrix Point Never,The Weeknd
Daft Punk,The Weeknd
Gesaffelstein,The Weeknd
Daft Punk,Diana Ross
Daft Punk,The Weeknd
Diana Ross,The Weeknd
Ye,Lil Baby
Ye,The Weeknd
Lil Baby,The Weeknd
Bicep,The Weeknd
Ye,Lil Baby
Ye,The Weeknd
Lil Baby,The Weeknd
Gesaffelstein,The Weeknd
The Gangbang,The Weeknd
The Northern Lights,The Weeknd
Oneohtrix Point Never,The Weeknd
Travis Scott,Bad Bunny
Travis Scott,The Weeknd
Bad Bunny,The Weeknd
Drake,The Weeknd
Travis Scott,Bad Bunny
Travis Scott,The Weeknd
Bad Bunny,The Weeknd
Drake,The Weeknd
Travis Scott,Bad Bunny
Travis Scott,The Weeknd
Bad Bunny,The Weeknd
The Sevenights,The Weeknd
Ayesha Erotica,Mac Rockelle
Ayesha Erotica,The Weeknd
Mac Rockelle,The Weeknd
The Sevenights,The Weeknd
Drake,The Weeknd
Travis Scott,Bad Bunny
Travis Scott,The Weeknd
Bad Bunny,The Weeknd
Doja Cat,The Weeknd
ROSALÍA,The Weeknd
Drake,The Weeknd
Travis Scott,Bad Bunny
Travis Scott,The Weeknd
Bad Bunny,The Weeknd
Travis Scott,Bad Bunny
Travis Scott,The Weeknd
Bad Bunny,The Weeknd
Travis Scott,Bad Bunny
Travis Scott,The Weeknd
Bad Bunny,The Weeknd
Drake,The Weeknd
Drake,The Weeknd
XXXTENTACION,The Weeknd
Kid Cudi,The Weeknd
Kenny G,The Weeknd
Doja Cat,The Weeknd
Swedish House Mafia,The Weeknd
Swedish House Mafia,The Weeknd
Ariana Grande,The Weeknd
Ariana Grande,The Weeknd
Future,The Weeknd
Ariana Grande,The Weeknd
Belly,The Weeknd
Labrinth,The Weeknd
Lana Del Rey,The Weeknd
The Avener,Lana Del Rey
The Avener,The Weeknd
Lana Del Rey,The Weeknd
Ariana Grande,The Weeknd
Ariana Grande,The Weeknd
Ariana Grande,The Weeknd
Lana Del Rey,The Weeknd
Ariana Grande,The Weeknd
Labrinth,The Weeknd
Gesaffelstein,The Weeknd
Dubbel Dutch,The Weeknd
Gesaffelstein,The Weeknd
Gesaffelstein,The Weeknd
Swedish House Mafia,The Weeknd
Ariana Grande,The Weeknd
Labrinth,The Weeknd
Ariana Grande,The Weeknd
Gesaffelstein,The Weeknd
Ariana Grande,The Weeknd
Ariana Grande,The Weeknd
Ariana Grande,The Weeknd
The Weeknd,Mike Dean
Labrinth,The Weeknd
Lana Del Rey,The Weeknd
Swedish House Mafia,The Weeknd
Swedish House Mafia,The Weeknd
Swedish House Mafia,The Weeknd
Lana Del Rey,The Weeknd
Ariana Grande,The Weeknd
The Sevenights,The Weeknd
Ariana Grande,The Weeknd
Labrinth,The Weeknd
Ariana Grande,The Weeknd
Ariana Grande,The Weeknd
Ariana Grande,The Weeknd
Ariana Grande,The Weeknd
Donnis,The Weeknd
Ariana Grande,The Weeknd
Lily‐Rose Depp,JENNIE
Lily‐Rose Depp,The Weeknd
JENNIE,The Weeknd
Lily‐Rose Depp,JENNIE
Lily‐Rose Depp,The Weeknd
JENNIE,The Weeknd
Ty Dolla $ign,The Weeknd
Lily‐Rose Depp,JENNIE
Lily‐Rose Depp,The Weeknd
JENNIE,The Weeknd
Juicy J,The Weeknd
Lily‐Rose Depp,JENNIE
Lily‐Rose Depp,The Weeknd
JENNIE,The Weeknd
Swedish House Mafia,The Weeknd
Post Malone,The Weeknd
Mustard,Ty Dolla $ign
Mustard,Wiz Khalifa
Mustard,The Weeknd
Ty Dolla $ign,Wiz Khalifa
Ty Dolla $ign,The Weeknd
Wiz Khalifa,The Weeknd
Lily‐Rose Depp,JENNIE
Lily‐Rose Depp,The Weeknd
JENNIE,The Weeknd
Kavinsky,The Weeknd
Mustard,Ty Dolla $ign
Mustard,Wiz Khalifa
Mustard,The Weeknd
Ty Dolla $ign,Wiz Khalifa
Ty Dolla $ign,The Weeknd
Wiz Khalifa,The Weeknd
Ricky Hil,The Weeknd
Kid Cudi,The Weeknd
Swedish House Mafia,The Weeknd
Kavinsky,The Weeknd
Swedish House Mafia,The Weeknd
Ariana Grande,The Weeknd
Lily‐Rose Depp,JENNIE
Lily‐Rose Depp,The Weeknd
JENNIE,The Weeknd
Kavinsky,The Weeknd
Kavinsky,The Weeknd
Post Malone,The Weeknd
Dashius Clay,The Weeknd
Lily‐Rose Depp,JENNIE
Lily‐Rose Depp,The Weeknd
JENNIE,The Weeknd
T. Nate,The Weeknd
Lily‐Rose Depp,JENNIE
Lily‐Rose Depp,The Weeknd
JENNIE,The Weeknd
ScHoolboy Q,Rick Ross
ScHoolboy Q,The Weeknd
Rick Ross,The Weeknd
Ariana Grande,The Weeknd
Mustard,Ty Dolla $ign
Mustard,Wiz Khalifa
Mustard,The Weeknd
Ty Dolla $ign,Wiz Khalifa
Ty Dolla $ign,The Weeknd
Wiz Khalifa,The Weeknd
Juicy J,The Weeknd
Lily‐Rose Depp,JENNIE
Lily‐Rose Depp,The Weeknd
JENNIE,The Weeknd
Swedish House Mafia,The Weeknd
Swedish House Mafia,The Weeknd
Disclosure,The Weeknd
Kavinsky,The Weeknd
Lily‐Rose Depp,JENNIE
Lily‐Rose Depp,The Weeknd
JENNIE,The Weeknd
The Sevenights,Kavinsky
The Sevenights,The Weeknd
Kavinsky,The Weeknd
Ty Dolla $ign,The Weeknd
Oneohtrix Point Never,The Weeknd
Disclosure,The Weeknd
Post Malone,The Weeknd
Lily‐Rose Depp,JENNIE
Lily‐Rose Depp,The Weeknd
JENNIE,The Weeknd
Ariana Grande,The Weeknd
ScHoolboy Q,Rick Ross
ScHoolboy Q,The Weeknd
Rick Ross,The Weeknd
Disclosure,The Weeknd
Post Malone,The Weeknd
Ariana Grande,The Weeknd
Madonna,Playboi Carti
Madonna,The Weeknd
Playboi Carti,The Weeknd
Madonna,Playboi Carti
Madonna,The Weeknd
Playboi Carti,The Weeknd
Madonna,Playboi Carti
Madonna,The Weeknd
Playboi Carti,The Weeknd
Oneohtrix Point Never,The Weeknd
Calvin Harris,The Weeknd
Madonna,Playboi Carti
Madonna,The Weeknd
Playboi Carti,The Weeknd
Madonna,Playboi Carti
Madonna,The Weeknd
Playboi Carti,The Weeknd
Madonna,Playboi Carti
Madonna,The Weeknd
Playboi Carti,The Weeknd
Madonna,Playboi Carti
Madonna,The Weeknd
Playboi Carti,The Weeknd
Madonna,Playboi Carti
Madonna,The Weeknd
Playboi Carti,The Weeknd
Travis Scott,SZA
Travis Scott,The Weeknd
SZA,The Weeknd
Calvin Harris,The Weeknd
Madonna,Playboi Carti
Madonna,The Weeknd
Playboi Carti,The Weeknd
Madonna,Playboi Carti
Madonna,The Weeknd
Playboi Carti,The Weeknd
Madonna,Playboi Carti
Madonna,The Weeknd
Playboi Carti,The Weeknd
Madonna,Playboi Carti
Madonna,The Weeknd
Playboi Carti,The Weeknd
Kendrick Lamar,The Weeknd
Madonna,Playboi Carti
Madonna,The Weeknd
Playboi Carti,The Weeknd
Calvin Harris,The Weeknd
Kendrick Lamar,The Weeknd
Kendrick Lamar,The Weeknd
Jeremih,The Weeknd
Madonna,Playboi Carti
Madonna,The Weeknd
Playboi Carti,The Weeknd
Madonna,Playboi Carti
Madonna,The Weeknd
Playboi Carti,The Weeknd
Kendrick Lamar,The Weeknd
Madonna,Playboi Carti
Madonna,The Weeknd
Playboi Carti,The Weeknd
Kendrick Lamar,The Weeknd
Travis Scott,The Weeknd
Madonna,Playboi Carti
Madonna,The Weeknd
Playboi Carti,The Weeknd
Madonna,Playboi Carti
Madonna,The Weeknd
Playboi Carti,The Weeknd
Aaliyah,The Weeknd
Dashius Clay,The Weeknd
Madonna,Playboi Carti
Madonna,The Weeknd
Playboi Carti,The Weeknd
Madonna,Playboi Carti
Madonna,The Weeknd
Playboi Carti,The Weeknd
Kendrick Lamar,The Weeknd
Calvin Harris,The Weeknd
Madonna,Playboi Carti
Madonna,The Weeknd
Playboi Carti,The Weeknd
Madonna,Playboi Carti
Madonna,The Weeknd
Playboi Carti,The Weeknd
Travis Scott,Florence + the Machine
Travis Scott,The Weeknd
Florence + the Machine,The Weeknd
Lana Del Rey,The Weeknd
Bryson Tiller,The Weeknd
The Weeknd,Manny X
Young Thug,A$AP Rocky
Young Thug,The Weeknd
A$AP Rocky,The Weeknd
Wiz Khalifa,The Weeknd
Playboi Carti,The Weeknd
Lana Del Rey,The Weeknd
Bryson Tiller,The Weeknd
Wiz Khalifa,The Weeknd
NAV,The Weeknd
The Sevenights,The Weeknd
Bryson Tiller,The Weeknd
Lana Del Rey,The Weeknd
The Sevenights,The Weeknd
Lana Del Rey,The Weeknd
Lana Del Rey,The Weeknd
Young Thug,A$AP Rocky
Young Thug,The Weeknd
A$AP Rocky,The Weeknd
Wiz Khalifa,The Weeknd
Wiz Khalifa,The Weeknd
Drake,The Weeknd
Lana Del Rey,The Weeknd
Wiz Khalifa,The Weeknd
Dashius Clay,The Weeknd
Wiz Khalifa,The Weeknd
Meek Mill,The Weeknd
NAV,The Weeknd
Wiz Khalifa,The Weeknd
Lana Del Rey,The Weeknd
Kendrick Lamar,The Weeknd
Swedish House Mafia,The Weeknd
Anitta,The Weeknd
Juice WRLD,The Weeknd
M.I.A.,The Weeknd
Juicy J,The Weeknd
Travis Scott,Tame Impala
Travis Scott,Pharrell Williams
Travis Scott,The Weeknd
Tame Impala,Pharrell Williams
Tame Impala,The Weeknd
Pharrell Williams,The Weeknd
Juice WRLD,The Weeknd
Juicy J,The Weeknd
Juicy J,The Weeknd
Juice WRLD,The Weeknd
Ariana Grande,The Weeknd
Anitta,The Weeknd
Anitta,The Weeknd
Oneohtrix Point Never,The Weeknd
Kendrick Lamar,The Weeknd
Swedish House Mafia,The Weeknd
Anitta,The Weeknd
Juicy J,The Weeknd
Kendrick Lamar,The Weeknd
Anitta,The Weeknd
Ariana Grande,The Weeknd
Anitta,The Weeknd
Anitta,The Weeknd
Juicy J,The Weeknd
Anitta,The Weeknd
Juicy J,The Weeknd
Anitta,The Weeknd
Ariana Grande,The Weeknd
Kendrick Lamar,The Weeknd
Kendrick Lamar,The Weeknd
Ariana Grande,The Weeknd
Swedish House Mafia,The Weeknd
Anitta,The Weeknd
Daft Punk,The Weeknd
Ice Cube,Daft Punk
Ice Cube,The Weeknd
Daft Punk,The Weeknd
Jacuzzi,2Malle
Jacuzzi,The Weeknd
2Malle,The Weeknd
Lana Del Rey,The Weeknd
Lana Del Rey,The Weeknd
Daft Punk,The Weeknd
REZZ,Grabbitz
REZZ,The Weeknd
Grabbitz,The Weeknd
Daft Punk,The Weeknd
FKA twigs,The Weeknd
Drake,The Weeknd
Young Money,Ye
Young Money,The Weeknd
Ye,The Weeknd
Lana Del Rey,The Weeknd
Daft Punk,The Weeknd
Lana Del Rey,The Weeknd
Drake,Ye
Drake,The Weeknd
Ye,The Weeknd
Agents of Time,The Weeknd
The Sevenights,The Weeknd
Daft Punk,The Weeknd
Daft Punk,The Weeknd
Daft Punk,The Weeknd
Daft Punk,The Weeknd
Jasper Randall,The Weeknd
FKA twigs,The Weeknd
Drake,Ye
Drake,The Weeknd
Ye,The Weeknd
Daft Punk,The Weeknd
Daft Punk,The Weeknd
NAV,The Weeknd
Fabolous,The Weeknd
Agents of Time,The Weeknd
Lana Del Rey,The Weeknd
REZZ,Grabbitz
REZZ,The Weeknd
Grabbitz,The Weeknd
Daft Punk,The Weeknd
Fabolous,The Weeknd
Lana Del Rey,The Weeknd
Daft Punk,The Weeknd
Daft Punk,The Weeknd
Daft Punk,The Weeknd
Eminem,The Weeknd
Nicki Minaj,The Weeknd
Dunson,The Weeknd
Nicki Minaj,The Weeknd
Eminem,The Weeknd
Mike Dean,The Weeknd
Mike Dean,The Weeknd
Playboi Carti,The Weeknd
Lady Gaga,The Weeknd
Playboi Carti,The Weeknd
Playboi Carti,The Weeknd
Drake,The Weeknd
Playboi Carti,The Weeknd
Nicki Minaj,The Weeknd
Dashius Clay,The Weeknd
Playboi Carti,The Weeknd
Drake,The Weeknd
Doechii,Playboi Carti
Doechii,The Weeknd
Playboi Carti,The Weeknd
Drake,The Weeknd
Playboi Carti,The Weeknd
Doechii,Playboi Carti
Doechii,The Weeknd
Playboi Carti,The Weeknd
Playboi Carti,The Weeknd
Playboi Carti,The Weeknd
Drake,The Weeknd
Drake,The Weeknd
Playboi Carti,The Weeknd
The Sevenights,The Weeknd
Playboi Carti,The Weeknd
Drake,The Weeknd
Drake,The Weeknd
Playboi Carti,The Weeknd
Nicki Minaj,The Weeknd
Drake,The Weeknd
Playboi Carti,The Weeknd
Drake,The Weeknd
Playboi Carti,The Weeknd
Playboi Carti,The Weeknd
Drake,The Weeknd
Drake,The Weeknd
Nicki Minaj,The Weeknd
Silver Medallion,The Weeknd
Doechii,Playboi Carti
Doechii,The Weeknd
Playboi Carti,The Weeknd
Playboi Carti,The Weeknd
Drake,The Weeknd
Drake,The Weeknd
The Gangbang,The Weeknd
Future,Metro Boomin
Future,The Weeknd
Metro Boomin,The Weeknd
Drake,The Weeknd
Future,Metro Boomin
Future,The Weeknd
Metro Boomin,The Weeknd
Belly,The Weeknd
Lil Uzi Vert,The Weeknd
Justice,The Weeknd
MoShadee,The Weeknd
Future,Metro Boomin
Future,The Weeknd
Metro Boomin,The Weeknd
Lil Uzi Vert,The Weeknd
Travis Scott,The Weeknd
Dylan Bounce,The Weeknd
Future,Metro Boomin
Future,The Weeknd
Metro Boomin,The Weeknd
The Sevenights,The Weeknd
Missy Elliott,Playboi Carti
Missy Elliott,The Weeknd
Missy Elliott,Doechii
Missy Elliott,Ludacris
Playboi Carti,The Weeknd
Playboi Carti,Doechii
Playboi Carti,Ludacris
The Weeknd,Doechii
The Weeknd,Ludacris
Doechii,Ludacris
Oneohtrix Point Never,The Weeknd
Lil Uzi Vert,The Weeknd
Drake,The Weeknd
Playboi Carti,The Weeknd
Doechii,Playboi Carti
Doechii,The Weeknd
Playboi Carti,The Weeknd
Justice,The Weeknd
Lil Uzi Vert,The Weeknd
Oneohtrix Point Never,The Weeknd
SOHN,The Weeknd
Cashmere Cat,Francis and the Lights
Cashmere Cat,The Weeknd
Francis and the Lights,The Weeknd
Future,Metro Boomin
Future,The Weeknd
Metro Boomin,The Weeknd
Azealia Banks,The Weeknd
Azealia Banks,TheMusicNerdGuy
The Weeknd,TheMusicNerdGuy
Belly,The Weeknd
Doja Cat,The Weeknd
Travis Scott,The Weeknd
Ye,The Weeknd
Doja Cat,The Weeknd
Doja Cat,The Weeknd
Doja Cat,The Weeknd
Doja Cat,The Weeknd
Belly,The Weeknd
Future,Metro Boomin
Future,The Weeknd
Metro Boomin,The Weeknd
Future,Metro Boomin
Future,The Weeknd
Metro Boomin,The Weeknd
Future,Metro Boomin
Future,The Weeknd
Metro Boomin,The Weeknd
Belly,The Weeknd
Steve Aoki,The Bloody Beetroots
Steve Aoki,Rihanna
The Bloody Beetroots,Rihanna
2 Mello,Rihanna
PARTYNEXTDOOR,Rihanna
Sean Paul,Rihanna
Rihanna,Cham
Rick Ross,Rihanna
Rick Ross,Chris Brown
Rihanna,Chris Brown
Beenie Man,Rihanna
Beenie Man,Killer
Rihanna,Killer
Rihanna,Chris Brown
Drake,John Legend
Drake,The‐Dream
Drake,Fergie
Drake,Kid Cudi
Drake,Rihanna
Drake,Ryan Leslie
Drake,Ye
Drake,Tony Williams
Drake,Elton John
Drake,Alicia Keys
Drake,Elly Jackson
Drake,Charlie Wilson
John Legend,The‐Dream
John Legend,Fergie
John Legend,Kid Cudi
John Legend,Rihanna
John Legend,Ryan Leslie
John Legend,Ye
John Legend,Tony Williams
John Legend,Elton John
John Legend,Alicia Keys
John Legend,Elly Jackson
John Legend,Charlie Wilson
The‐Dream,Fergie
The‐Dream,Kid Cudi
The‐Dream,Rihanna
The‐Dream,Ryan Leslie
The‐Dream,Ye
The‐Dream,Tony Williams
The‐Dream,Elton John
The‐Dream,Alicia Keys
The‐Dream,Elly Jackson
The‐Dream,Charlie Wilson
Fergie,Kid Cudi
Fergie,Rihanna
Fergie,Ryan Leslie
Fergie,Ye
Fergie,Tony Williams
Fergie,Elton John
Fergie,Alicia Keys
Fergie,Elly Jackson
Fergie,Charlie Wilson
Kid Cudi,Rihanna
Kid Cudi,Ryan Leslie
Kid Cudi,Ye
Kid Cudi,Tony Williams
Kid Cudi,Elton John
Kid Cudi,Alicia Keys
Kid Cudi,Elly Jackson
Kid Cudi,Charlie Wilson
Rihanna,Ryan Leslie
Rihanna,Ye
Rihanna,Tony Williams
Rihanna,Elton John
Rihanna,Alicia Keys
Rihanna,Elly Jackson
Rihanna,Charlie Wilson
Ryan Leslie,Ye
Ryan Leslie,Tony Williams
Ryan Leslie,Elton John
Ryan Leslie,Alicia Keys
Ryan Leslie,Elly Jackson
Ryan Leslie,Charlie Wilson
Ye,Tony Williams
Ye,Elton John
Ye,Alicia Keys
Ye,Elly Jackson
Ye,Charlie Wilson
Tony Williams,Elton John
Tony Williams,Alicia Keys
Tony Williams,Elly Jackson
Tony Williams,Charlie Wilson
Elton John,Alicia Keys
Elton John,Elly Jackson
Elton John,Charlie Wilson
Alicia Keys,Elly Jackson
Alicia Keys,Charlie Wilson
Elly Jackson,Charlie Wilson
Lil Wayne,Rihanna
Lil Wayne,Big Sean
Lil Wayne,Drake
Rihanna,Big Sean
Rihanna,Drake
Big Sean,Drake
Rihanna,Korn
Ye,Rihanna
Rihanna,Chris Brown
Sean Paul,Rihanna
Kush Kloud Klan,Rihanna
Ye,Rihanna
Sean Paul,Rihanna
Rihanna,Chris Brown
Sean Paul,Rihanna
Rihanna,Fabolous
Rihanna,Chris Brown
Fabolous,Chris Brown
PARTYNEXTDOOR,Rihanna
PARTYNEXTDOOR,Rihanna
Ye,Rihanna
Rihanna,Cham
Rihanna,Chris Brown
Rihanna,Chris Brown
Django Django,Rihanna
Rihanna,Layzie Bone
Sean Paul,Rihanna
Wale,Rihanna
Rihanna,Cham
Bounty Killer,Beenie Man
Bounty Killer,Rihanna
Beenie Man,Rihanna
DJ Candlestick,OG Ron C
DJ Candlestick,PARTYNEXTDOOR
DJ Candlestick,Rihanna
OG Ron C,PARTYNEXTDOOR
OG Ron C,Rihanna
PARTYNEXTDOOR,Rihanna
Daft Punk,Jus Jack
Daft Punk,Rihanna
Daft Punk,Led Zeppelin
Jus Jack,Rihanna
Jus Jack,Led Zeppelin
Rihanna,Led Zeppelin
2 Mello,Rihanna
JAY‐Z,Rihanna
JAY‐Z,Chris Brown
Rihanna,Chris Brown
Rihanna,Shakira
Rihanna,Chris Brown
Rihanna,Shakira
Rihanna,Shakira
Rihanna,SZA
Rihanna,Shakira
Rihanna,SZA
A$AP Rocky,Rihanna
Rob.B,Rihanna
Rob.B,Chris Brown
Rihanna,Chris Brown
David Guetta,JLS
David Guetta,Rihanna
David Guetta,Jay Sean
David Guetta,Alesha Dixon
David Guetta,Alexis Jordan
JLS,Rihanna
JLS,Jay Sean
JLS,Alesha Dixon
JLS,Alexis Jordan
Rihanna,Jay Sean
Rihanna,Alesha Dixon
Rihanna,Alexis Jordan
Jay Sean,Alesha Dixon
Jay Sean,Alexis Jordan
Alesha Dixon,Alexis Jordan
J-Status,Rihanna
Rihanna,SZA
Ray Lavender,Rihanna
Rihanna,SZA
Rihanna,SZA
David Guetta,Usher
David Guetta,Rihanna
David Guetta,Black Eyed Peas
David Guetta,Akon
David Guetta,will.i.am
Usher,Rihanna
Usher,Black Eyed Peas
Usher,Akon
Usher,will.i.am
Rihanna,Black Eyed Peas
Rihanna,Akon
Rihanna,will.i.am
Black Eyed Peas,Akon
Black Eyed Peas,will.i.am
Akon,will.i.am
David Guetta,Rihanna
David Guetta,Napt
David Guetta,Tinchy Stryder
David Guetta,Flo Rida
David Guetta,Bashy
David Guetta,Taio Cruz
Rihanna,Napt
Rihanna,Tinchy Stryder
Rihanna,Flo Rida
Rihanna,Bashy
Rihanna,Taio Cruz
Napt,Tinchy Stryder
Napt,Flo Rida
Napt,Bashy
Napt,Taio Cruz
Tinchy Stryder,Flo Rida
Tinchy Stryder,Bashy
Tinchy Stryder,Taio Cruz
Flo Rida,Bashy
Flo Rida,Taio Cruz
Bashy,Taio Cruz
A$AP Rocky,Rihanna
JAY‐Z,Rihanna
JAY‐Z,Chris Brown
Rihanna,Chris Brown
Rihanna,SZA
J-Status,Rihanna
Rihanna,SZA
Rihanna,SZA
Rihanna,Shakira
Wiz Khalifa,Rihanna
Wiz Khalifa,Chris Brown
Wiz Khalifa,Kelly
Rihanna,Chris Brown
Rihanna,Kelly
Chris Brown,Kelly
Rihanna,Shakira
Lil’ Kim,Rihanna
Rihanna,SZA
Rihanna,Dwane Husbands
Wiz Khalifa,Rihanna
Wiz Khalifa,Chris Brown
Wiz Khalifa,Kelly
Rihanna,Chris Brown
Rihanna,Kelly
Chris Brown,Kelly
DJ Arman,Ziggy
DJ Arman,Rihanna
DJ Arman,Team TNT
Ziggy,Rihanna
Ziggy,Team TNT
Rihanna,Team TNT
Rihanna,Dwane Husbands
Ye,Rihanna
Rihanna,Dwayne Husbands
Kid Sister,Rihanna
Rihanna,The Killers
Lewis Dene,Rihanna
Lewis Dene,Albert Castillo
Rihanna,Albert Castillo
The Trammps,Rihanna
The Pussycat Dolls,Rihanna
The Pussycat Dolls,Lady Gaga
Rihanna,Lady Gaga
Jeezy,Rihanna
Akon,Rihanna
Ye,Rihanna
Spooky,Rihanna
Jeezy,Rihanna
Nicki Minaj,Rihanna
Rihanna,Fabolous
Rihanna,Sizzla
Nicki Minaj,Rihanna
Rihanna,Fancy Olsen
Nicki Minaj,Rihanna
Paul McCartney,Ye
Paul McCartney,Rihanna
Ye,Rihanna
Nicki Minaj,Rihanna
Jeezy,Rihanna
Rihanna,Fabolous
Nicki Minaj,Rihanna
Nicki Minaj,Rihanna
Nicki Minaj,Rihanna
Jeezy,Rihanna
Shaquellé,Rihanna
Active Melody,David Guetta
Active Melody,Rihanna
Active Melody,Avicii
Active Melody,Adele
Active Melody,Taio Cruz
Active Melody,Pitbull
Active Melody,LMFAO
David Guetta,Rihanna
David Guetta,Avicii
David Guetta,Adele
David Guetta,Taio Cruz
David Guetta,Pitbull
David Guetta,LMFAO
Rihanna,Avicii
Rihanna,Adele
Rihanna,Taio Cruz
Rihanna,Pitbull
Rihanna,LMFAO
Avicii,Adele
Avicii,Taio Cruz
Avicii,Pitbull
Avicii,LMFAO
Adele,Taio Cruz
Adele,Pitbull
Adele,LMFAO
Taio Cruz,Pitbull
Taio Cruz,LMFAO
Pitbull,LMFAO
Jeezy,Rihanna
Rihanna,Fabolous
Jeezy,Rihanna
Rihanna,Trae
Nicki Minaj,Rihanna
Nicki Minaj,Rihanna
Nicki Minaj,Rihanna
Ye,Rihanna
Rihanna,Megan Nicole
Nicki Minaj,Rihanna
Ye,Rihanna
Rihanna,Trae
Paul McCartney,Ye
Paul McCartney,Rihanna
Ye,Rihanna
Nicki Minaj,Rihanna
Jeezy,Rihanna
Sean Paul,Rihanna
Jeezy,Rihanna
Jeezy,Rihanna
Paul McCartney,Ye
Paul McCartney,Rihanna
Ye,Rihanna
Mustard,Rihanna
Jeezy,Rihanna
Ne‐Yo,Rihanna
Ne‐Yo,Rihanna
Rihanna,張敬軒
Shontelle,Rihanna
Ne‐Yo,Rihanna
Rihanna,張敬軒
Ne‐Yo,Rihanna
Rihanna,Kardinal Offishall
Maroon 5,Rihanna
Shontelle,Rihanna
Ne‐Yo,Rihanna
Maroon 5,Rihanna
J-Status,Rihanna
Maroon 5,Rihanna
Jeezy,Rihanna
Jeezy,Rihanna
Jeezy,Rihanna
The‐Dream,Rihanna
Ne‐Yo,Rihanna
Ne‐Yo,Rihanna
Jeezy,Rihanna
Jeezy,Rihanna
Jeezy,Rihanna
Maroon 5,Rihanna
Ne‐Yo,Rihanna
Jeezy,Rihanna
Rihanna,張敬軒
Jeezy,Rihanna
Ne‐Yo,Rihanna
Rihanna,Ruppent
Ne‐Yo,Rihanna
J-Status,Rihanna
Maroon 5,Rihanna
Jeezy,Rihanna
Rihanna,張敬軒
The‐Dream,Rihanna
Rihanna,Cory Gunz
Maroon 5,Rihanna
Rihanna,David Bisbal
Maroon 5,Rihanna
Rihanna,Rupee
Ne‐Yo,Rihanna
Jeezy,Rihanna
Ne‐Yo,Rihanna
Jeezy,Rihanna
Rihanna,Rupee
Ne‐Yo,Rihanna
Ne‐Yo,Rihanna
Jeezy,Rihanna
N*E*R*D,Rihanna
N*E*R*D,Rihanna
T.I.,Rihanna
The‐Dream,Rihanna
David Guetta,Usher
David Guetta,Jennifer Lopez
David Guetta,Nicki Minaj
David Guetta,Rihanna
David Guetta,Sean Kingston
David Guetta,Britney Spears
David Guetta,will.i.am
David Guetta,Pitbull
David Guetta,Lady Gaga
David Guetta,Alexis Jordan
Usher,Jennifer Lopez
Usher,Nicki Minaj
Usher,Rihanna
Usher,Sean Kingston
Usher,Britney Spears
Usher,will.i.am
Usher,Pitbull
Usher,Lady Gaga
Usher,Alexis Jordan
Jennifer Lopez,Nicki Minaj
Jennifer Lopez,Rihanna
Jennifer Lopez,Sean Kingston
Jennifer Lopez,Britney Spears
Jennifer Lopez,will.i.am
Jennifer Lopez,Pitbull
Jennifer Lopez,Lady Gaga
Jennifer Lopez,Alexis Jordan
Nicki Minaj,Rihanna
Nicki Minaj,Sean Kingston
Nicki Minaj,Britney Spears
Nicki Minaj,will.i.am
Nicki Minaj,Pitbull
Nicki Minaj,Lady Gaga
Nicki Minaj,Alexis Jordan
Rihanna,Sean Kingston
Rihanna,Britney Spears
Rihanna,will.i.am
Rihanna,Pitbull
Rihanna,Lady Gaga
Rihanna,Alexis Jordan
Sean Kingston,Britney Spears
Sean Kingston,will.i.am
Sean Kingston,Pitbull
Sean Kingston,Lady Gaga
Sean Kingston,Alexis Jordan
Britney Spears,will.i.am
Britney Spears,Pitbull
Britney Spears,Lady Gaga
Britney Spears,Alexis Jordan
will.i.am,Pitbull
will.i.am,Lady Gaga
will.i.am,Alexis Jordan
Pitbull,Lady Gaga
Pitbull,Alexis Jordan
Lady Gaga,Alexis Jordan
N*E*R*D,Rihanna
T.I.,Rihanna
Rihanna,Theophilus London
Rihanna,Cory Gunz
The‐Dream,Rihanna
Rihanna,Moptop
Pashanim,Fantemix
Pashanim,Rihanna
Fantemix,Rihanna
Rihanna,Cory Gunz
Ye,Rihanna
T.I.,Rihanna
T.I.,Rihanna
T.I.,Rihanna
N*E*R*D,Rihanna
T.I.,Rihanna
N*E*R*D,Rihanna
T.I.,Rihanna
The‐Dream,Rihanna
The‐Dream,Rihanna
The‐Dream,Rihanna
T.I.,Rihanna
Ariana Grande,Rihanna
Ariana Grande,Kölsch
Rihanna,Kölsch
T.I.,Rihanna
N*E*R*D,Rihanna
The‐Dream,Rihanna
The‐Dream,Rihanna
T.I.,Rihanna
The‐Dream,Rihanna
Rihanna,RUN FOR COVER
Vybz Kartel,Rihanna
Drake,N*E*R*D
Drake,Rihanna
N*E*R*D,Rihanna
T.I.,Rihanna
T.I.,Trae
Rihanna,Trae
Rihanna,Kendrick Lamar
Eminem,Rihanna
Future,Rihanna
Eminem,Rihanna
Eminem,Rihanna
JYTR,Rihanna
Eminem,Rihanna
Eminem,Rihanna
Eminem,Rihanna
Eminem,Rihanna
Eminem,Rihanna
Rihanna,Kendrick Lamar
Eminem,Rihanna
Future,Rihanna
Rihanna,Kendrick Lamar
Eminem,Rihanna
Rihanna,Kendrick Lamar
Eminem,Rihanna
Rihanna,Kendrick Lamar
Future,Rihanna
Eminem,Rihanna
Future,Rihanna
Future,Rihanna
Eminem,Rihanna
Eminem,Rihanna
Nicky Romero,LMFAO
Nicky Romero,Rihanna
Nicky Romero,Knife Party
LMFAO,Rihanna
LMFAO,Knife Party
Rihanna,Knife Party
Rihanna,Kendrick Lamar
Eminem,Rihanna
Eminem,Rihanna
Eminem,Rihanna
Eminem,Rihanna
Eminem,Rihanna
Eminem,DJ Whiteowl
Rihanna,DJ Whiteowl
Young Thug,Ye
Young Thug,Swizz Beatz
Young Thug,Rihanna
Ye,Swizz Beatz
Ye,Rihanna
Swizz Beatz,Rihanna
Eminem,Rihanna
Brinx Billions,Busta Rhymes
Brinx Billions,Nicki Minaj
Brinx Billions,Rihanna
Busta Rhymes,Nicki Minaj
Busta Rhymes,Rihanna
Nicki Minaj,Rihanna
Future,Rihanna
Eminem,Rihanna
Rihanna,SOPHIE
will.i.am,Rihanna
Rihanna,Chris Brown
Veggi,"Earth, Wind & Fire"
Veggi,Rihanna
"Earth, Wind & Fire",Rihanna
will.i.am,Rihanna
Rihanna,Mr. Slaughter
Mike WiLL Made‐It,Rihanna
Dinamarca,Rihanna
Eminem,Rihanna
Rihanna,Chris Brown
will.i.am,Rihanna
will.i.am,Rihanna
Rihanna,Chris Brown
Rihanna,Chris Brown
Rihanna,Kardinal Offishall
Eminem,Rihanna
Mike WiLL Made‐It,Rihanna
Rihanna,Kardinal Offishall
will.i.am,Rihanna
David Guetta,Rihanna
David Guetta,Showtek
David Guetta,D.N.K
David Guetta,Ms. Dynamite
David Guetta,Elliphant
Rihanna,Showtek
Rihanna,D.N.K
Rihanna,Ms. Dynamite
Rihanna,Elliphant
Showtek,D.N.K
Showtek,Ms. Dynamite
Showtek,Elliphant
D.N.K,Ms. Dynamite
D.N.K,Elliphant
Ms. Dynamite,Elliphant
Eminem,Rihanna
Vybz Kartel,Rihanna
Rihanna,Elephant Man
David Guetta,Jennifer Lopez
David Guetta,Rihanna
David Guetta,Travie McCoy
David Guetta,GoonRock
David Guetta,Lauren Bennett
David Guetta,Black Eyed Peas
David Guetta,Pitbull
David Guetta,Taio Cruz
David Guetta,Kylie Minogue
David Guetta,LMFAO
David Guetta,Alexis Jordan
Jennifer Lopez,Rihanna
Jennifer Lopez,Travie McCoy
Jennifer Lopez,GoonRock
Jennifer Lopez,Lauren Bennett
Jennifer Lopez,Black Eyed Peas
Jennifer Lopez,Pitbull
Jennifer Lopez,Taio Cruz
Jennifer Lopez,Kylie Minogue
Jennifer Lopez,LMFAO
Jennifer Lopez,Alexis Jordan
Rihanna,Travie McCoy
Rihanna,GoonRock
Rihanna,Lauren Bennett
Rihanna,Black Eyed Peas
Rihanna,Pitbull
Rihanna,Taio Cruz
Rihanna,Kylie Minogue
Rihanna,LMFAO
Rihanna,Alexis Jordan
Travie McCoy,GoonRock
Travie McCoy,Lauren Bennett
Travie McCoy,Black Eyed Peas
Travie McCoy,Pitbull
Travie McCoy,Taio Cruz
Travie McCoy,Kylie Minogue
Travie McCoy,LMFAO
Travie McCoy,Alexis Jordan
GoonRock,Lauren Bennett
GoonRock,Black Eyed Peas
GoonRock,Pitbull
GoonRock,Taio Cruz
GoonRock,Kylie Minogue
GoonRock,LMFAO
GoonRock,Alexis Jordan
Lauren Bennett,Black Eyed Peas
Lauren Bennett,Pitbull
Lauren Bennett,Taio Cruz
Lauren Bennett,Kylie Minogue
Lauren Bennett,LMFAO
Lauren Bennett,Alexis Jordan
Black Eyed Peas,Pitbull
Black Eyed Peas,Taio Cruz
Black Eyed Peas,Kylie Minogue
Black Eyed Peas,LMFAO
Black Eyed Peas,Alexis Jordan
Pitbull,Taio Cruz
Pitbull,Kylie Minogue
Pitbull,LMFAO
Pitbull,Alexis Jordan
Taio Cruz,Kylie Minogue
Taio Cruz,LMFAO
Taio Cruz,Alexis Jordan
Kylie Minogue,LMFAO
Kylie Minogue,Alexis Jordan
LMFAO,Alexis Jordan
Coldplay,Rihanna
Coldplay,Rihanna
A$AP Rocky,Skepta
A$AP Rocky,Rihanna
A$AP Rocky,Glenn-D
Skepta,Rihanna
Skepta,Glenn-D
Rihanna,Glenn-D
Coldplay,Rihanna
Coldplay,Rihanna
Rihanna,Chris Brown
Ellie Goulding,Nicki Minaj
Ellie Goulding,Rita Ora
Ellie Goulding,Rihanna
Ellie Goulding,Ariana Grande
Ellie Goulding,Little Mix
Ellie Goulding,Fleur East
Ellie Goulding,Demi Lovato
Ellie Goulding,Jessie J
Ellie Goulding,Calvin Harris
Nicki Minaj,Rita Ora
Nicki Minaj,Rihanna
Nicki Minaj,Ariana Grande
Nicki Minaj,Little Mix
Nicki Minaj,Fleur East
Nicki Minaj,Demi Lovato
Nicki Minaj,Jessie J
Nicki Minaj,Calvin Harris
Rita Ora,Rihanna
Rita Ora,Ariana Grande
Rita Ora,Little Mix
Rita Ora,Fleur East
Rita Ora,Demi Lovato
Rita Ora,Jessie J
Rita Ora,Calvin Harris
Rihanna,Ariana Grande
Rihanna,Little Mix
Rihanna,Fleur East
Rihanna,Demi Lovato
Rihanna,Jessie J
Rihanna,Calvin Harris
Ariana Grande,Little Mix
Ariana Grande,Fleur East
Ariana Grande,Demi Lovato
Ariana Grande,Jessie J
Ariana Grande,Calvin Harris
Little Mix,Fleur East
Little Mix,Demi Lovato
Little Mix,Jessie J
Little Mix,Calvin Harris
Fleur East,Demi Lovato
Fleur East,Jessie J
Fleur East,Calvin Harris
Demi Lovato,Jessie J
Demi Lovato,Calvin Harris
Jessie J,Calvin Harris
Coldplay,Rihanna
JLS,Rihanna
JLS,The Wanted
JLS,JAY‐Z
JLS,Jordin Sparks
JLS,Alicia Keys
JLS,Eminem
JLS,Chris Brown
JLS,Beyoncé
Rihanna,The Wanted
Rihanna,JAY‐Z
Rihanna,Jordin Sparks
Rihanna,Alicia Keys
Rihanna,Eminem
Rihanna,Chris Brown
Rihanna,Beyoncé
The Wanted,JAY‐Z
The Wanted,Jordin Sparks
The Wanted,Alicia Keys
The Wanted,Eminem
The Wanted,Chris Brown
The Wanted,Beyoncé
JAY‐Z,Jordin Sparks
JAY‐Z,Alicia Keys
JAY‐Z,Eminem
JAY‐Z,Chris Brown
JAY‐Z,Beyoncé
Jordin Sparks,Alicia Keys
Jordin Sparks,Eminem
Jordin Sparks,Chris Brown
Jordin Sparks,Beyoncé
Alicia Keys,Eminem
Alicia Keys,Chris Brown
Alicia Keys,Beyoncé
Eminem,Chris Brown
Eminem,Beyoncé
Chris Brown,Beyoncé
Rihanna,Elephant Man
Rihanna,Chris Brown
Rihanna,Elephant Man
Rihanna,T.I.
Rihanna,Rick Ross
Rihanna,Jeezy
Rihanna,Juicy J
T.I.,Rick Ross
T.I.,Jeezy
T.I.,Juicy J
Rick Ross,Jeezy
Rick Ross,Juicy J
Jeezy,Juicy J
Coldplay,Rihanna
Coldplay,Rihanna
Coldplay,Rihanna
Rihanna,Elephant Man
Nicki Minaj,Rihanna
Coldplay,Rihanna
Rihanna,T.I.
Rihanna,Rick Ross
Rihanna,Jeezy
Rihanna,Juicy J
T.I.,Rick Ross
T.I.,Jeezy
T.I.,Juicy J
Rick Ross,Jeezy
Rick Ross,Juicy J
Jeezy,Juicy J
Coldplay,Rihanna
Nicki Minaj,Rihanna
Coldplay,Rihanna
Akira,Rihanna
Nicki Minaj,Rihanna
Russell Shaw,Rihanna
David Guetta,Rihanna
David Guetta,Rihanna
Rihanna,Slash
David Guetta,Rihanna
David Guetta,Rihanna
David Guetta,Rihanna
Nicki Minaj,Rihanna
David Guetta,Rihanna
David Guetta,Rihanna
Rihanna,Beyoncé
David Guetta,Rihanna
Rihanna,Slash
J-Status,Rihanna
David Guetta,Rihanna
J-Status,Rihanna
David Guetta,Rihanna
Iyaz,Rihanna
David Guetta,Rihanna
J-Status,Rihanna
J-Status,Shontelle
J-Status,Rihanna
Shontelle,Rihanna
David Guetta,Rihanna
David Guetta,Rihanna
David Guetta,Rihanna
David Guetta,Rihanna
David Guetta,Rihanna
David Guetta,Rihanna
J-Status,Rihanna
Nicki Minaj,Rihanna
David Guetta,Rihanna
Busta Rhymes,Rihanna
Rihanna,Slash
J-Status,Rihanna
J-Status,Rihanna
JAY‐Z,Rihanna
J-Status,Rihanna
David Guetta,Rihanna
Rihanna,Slash
Rihanna,Slash
David Guetta,Rihanna
J-Status,Rihanna
J-Status,Rihanna
J-Status,Rihanna
J-Status,Rihanna
J-Status,Rihanna
JAY‐Z,Ye
JAY‐Z,Rihanna
Ye,Rihanna
Rihanna,Demarco
Rihanna,Rick Ross
JAY‐Z,Ye
JAY‐Z,Rihanna
Ye,Rihanna
J-Status,Rihanna
Knowa Knowone,Rihanna
Knowa Knowone,Rihanna
J-Status,Rihanna
J-Status,Rihanna
J-Status,Rihanna
JAY‐Z,Ye
JAY‐Z,Rihanna
Ye,Rihanna
JAY‐Z,Ye
JAY‐Z,Rihanna
Ye,Rihanna
Rihanna,[unknown]
Ali Payami,Rihanna
JAY‐Z,Ye
JAY‐Z,Rihanna
Ye,Rihanna
JAY‐Z,Rihanna
JAY‐Z,Trae
Rihanna,Trae
JAY‐Z,Ye
JAY‐Z,Rihanna
Ye,Rihanna
The Sequel,Vengaboys
The Sequel,Rihanna
Vengaboys,Rihanna
J-Status,Rihanna
Lil Wayne,JAY‐Z
Lil Wayne,Rihanna
JAY‐Z,Rihanna
JAY‐Z,Rihanna
JAY‐Z,E.S. Posthumus
Rihanna,E.S. Posthumus
Rihanna,Kardinal Offishall
JAY‐Z,Rihanna
JAY‐Z,Ye
JAY‐Z,Rihanna
Ye,Rihanna
JAY‐Z,Ye
JAY‐Z,Rihanna
Ye,Rihanna
JAY‐Z,Ye
JAY‐Z,Rihanna
Ye,Rihanna
JAY‐Z,Ye
JAY‐Z,Rihanna
Ye,Rihanna
JAY‐Z,Ye
JAY‐Z,Rihanna
Ye,Rihanna
JAY‐Z,Ye
JAY‐Z,Rihanna
Ye,Rihanna
JAY‐Z,Ye
JAY‐Z,Rihanna
Ye,Rihanna
JAY‐Z,Ye
JAY‐Z,Rihanna
Ye,Rihanna
Britney Spears,Rihanna
Rihanna,Kardinal Offishall
JAY‐Z,Ye
JAY‐Z,Rihanna
Ye,Rihanna
JAY‐Z,Ye
JAY‐Z,Rihanna
Ye,Rihanna
Rihanna,Kardinal Offishall
Tdot Illdude,Rihanna
Future,Rihanna
Future,Rihanna
The Lonely Island,Rihanna
Future,Rihanna
Trey Songz,Rihanna
Trey Songz,Fabolous
Rihanna,Fabolous
Future,Rihanna
Future,Rihanna
Nicki Minaj,Rihanna
Future,Rihanna
Future,Rihanna
J-Status,Rihanna
J-Status,Rihanna
Britney Spears,Rihanna
JAY‐Z,Rihanna
JAY‐Z,The Edge
JAY‐Z,Bono
Rihanna,The Edge
Rihanna,Bono
The Edge,Bono
Rihanna,DJ ICE
Evan Landes,Rihanna
Evan Landes,Parish Wintersmith
Rihanna,Parish Wintersmith
The Lonely Island,Rihanna
Rihanna,Alicia Keys
Rihanna,Mariah
Rihanna,Mary J. Blige
Rihanna,Beyoncé
Alicia Keys,Mariah
Alicia Keys,Mary J. Blige
Alicia Keys,Beyoncé
Mariah,Mary J. Blige
Mariah,Beyoncé
Mary J. Blige,Beyoncé
Lady Gaga,Rihanna
Rihanna,Mikky Ekko
Rihanna,Mikky Ekko
Sia,Nicki Minaj
Sia,Ariana Grande
Sia,Rihanna
Nicki Minaj,Ariana Grande
Nicki Minaj,Rihanna
Ariana Grande,Rihanna
Rihanna,Mikky Ekko
Rihanna,Mikky Ekko
Rihanna,Mikky Ekko
Rihanna,Mikky Ekko
Rihanna,Mikky Ekko
Rihanna,Timbaland
Rihanna,Mikky Ekko
Timbaland,Mikky Ekko
Rihanna,Mikky Ekko
Calvin Harris,Rihanna
Calvin Harris,Delerium
Rihanna,Delerium
Rihanna,Mikky Ekko
Rihanna,Mikky Ekko
Rihanna,Mikky Ekko
JAY‐Z,Rihanna
JAY‐Z,The Edge
JAY‐Z,Bono
Rihanna,The Edge
Rihanna,Bono
The Edge,Bono
Rihanna,Mikky Ekko
JAY‐Z,Rihanna
JAY‐Z,The Edge
JAY‐Z,Bono
Rihanna,The Edge
Rihanna,Bono
The Edge,Bono
Rihanna,Mikky Ekko
JAY‐Z,Rihanna
JAY‐Z,Rick Ross
Rihanna,Rick Ross
Eminem,Rihanna
Eminem,Rihanna
Rihanna,Memphis Bleek
Eminem,Rihanna
La Fouine,Rihanna
Rihanna,Memphis Bleek
Drake,Rihanna
Rihanna,Q-Da Kid
JAY‐Z,Rihanna
Eminem,Rihanna
Eminem,Rihanna
Drake,Rihanna
JAY‐Z,Rihanna
Eminem,Rihanna
Eminem,Rihanna
Drake,Rihanna
JAY‐Z,Rihanna
Eminem,Rihanna
JAY‐Z,Rihanna
Rihanna,Memphis Bleek
Drake,Rihanna
Drake,Rihanna
Drake,Rihanna
Eminem,Rihanna
Rihanna,Memphis Bleek
Drake,Rihanna
Shontelle,Rihanna
Eminem,Rihanna
JAY‐Z,Rihanna
Drake,Rihanna
Drake,Rihanna
JAY‐Z,Rihanna
Eminem,Rihanna
JAY‐Z,Rihanna
Eminem,Rihanna
Drake,Rihanna
Rihanna,Memphis Bleek
JAY‐Z,Rihanna
Shaquellé,Rihanna
Rihanna,Calvin Harris
Rihanna,Elephant Man
JAY‐Z,Rihanna
Dizzman,Rihanna
JAY‐Z,Rihanna
JAY‐Z,Rihanna
Drake,Rihanna
JAY‐Z,Rihanna
Rihanna,Calvin Harris
Rihanna,Calvin Harris
JAY‐Z,Rihanna
JAY‐Z,Rihanna
J-Status,Rihanna
Rihanna,Calvin Harris
Rihanna,Calvin Harris
JAY‐Z,Rihanna
Rihanna,Elephant Man
JAY‐Z,Rihanna
Eminem,Rihanna
JAY‐Z,Rihanna
JAY‐Z,Rihanna
JAY‐Z,Rihanna
Drake,Rihanna
J-Status,Rihanna
JAY‐Z,Rihanna
JAY‐Z,Rihanna
Rihanna,Calvin Harris
Rihanna,Calvin Harris
Rihanna,Calvin Harris
JAY‐Z,Rihanna
Rihanna,Calvin Harris
JAY‐Z,Rihanna
Rihanna,Chris Brown
Rihanna,Chris Brown
Rihanna,Elephant Man
Rihanna,Elephant Man
Rihanna,Chris Brown
Jeezy,Rihanna
Wooli,Rihanna
Rihanna,Chris Brown
Rihanna,Memphis Bleek
Drake,Rihanna
Rihanna,Elephant Man
Rihanna,Calvin Harris
JAY‐Z,Rihanna
Rihanna,Claudio
JAY‐Z,Rihanna
JAY‐Z,Rihanna
Drake,Rihanna
JAY‐Z,Rihanna
Rihanna,Calvin Harris
JAY‐Z,Rihanna
JAY‐Z,Rihanna
Rihanna,Calvin Harris
JAY‐Z,Rihanna
JAY‐Z,Rihanna
Rihanna,Calvin Harris
T.I.,Rihanna
JAY‐Z,Rihanna
Rihanna,Calvin Harris
JAY‐Z,Rihanna
Rihanna,Marvin Gaye
Raumskaya,Rihanna
Basto,Rihanna
Basto,Calvin Harris
Rihanna,Calvin Harris
JAY‐Z,Rihanna
JAY‐Z,Rihanna
JAY‐Z,Rihanna
Rihanna,Chris Brown
JAY‐Z,Rihanna
JAY‐Z,Rihanna
JAY‐Z,Chris Brown
Rihanna,Chris Brown
KARA,Rihanna
JAY‐Z,Rihanna
Basto,Rihanna
Rihanna,Lil Mama
JAY‐Z,Rihanna
JAY‐Z,Rihanna
JAY‐Z,Rihanna
JAY‐Z,Rihanna
JAY‐Z,Chris Brown
Rihanna,Chris Brown
Shontelle,Rihanna
Oliver Heldens,Tujamo
Oliver Heldens,Rihanna
Oliver Heldens,JAY‐Z
Oliver Heldens,Riton
Oliver Heldens,Vula
Tujamo,Rihanna
Tujamo,JAY‐Z
Tujamo,Riton
Tujamo,Vula
Rihanna,JAY‐Z
Rihanna,Riton
Rihanna,Vula
JAY‐Z,Riton
JAY‐Z,Vula
Riton,Vula
JAY‐Z,Rihanna
JAY‐Z,Rihanna
Rihanna,Lil Mama
JAY‐Z,Rihanna
JAY‐Z,Chris Brown
Rihanna,Chris Brown
JAY‐Z,Rihanna
JAY‐Z,Rihanna
JAY‐Z,Rihanna
JAY‐Z,Rihanna
JAY‐Z,Rihanna
Simina Grigoriu,Rihanna
Sexion d’Assaut,Big Ali
Sexion d’Assaut,Rihanna
Big Ali,Rihanna
Collie Buddz,Rihanna
Nusoul,Rihanna
Rihanna,Calvin Harris
Rihanna,Calvin Harris
Rihanna,Calvin Harris
Los Zuperiores,Rihanna
Rihanna,Calvin Harris
Calvin Harris,Rihanna
Calvin Harris,Knife Party
Calvin Harris,Nicky Romero
Calvin Harris,LMFAO
Rihanna,Knife Party
Rihanna,Nicky Romero
Rihanna,LMFAO
Knife Party,Nicky Romero
Knife Party,LMFAO
Nicky Romero,LMFAO
Rihanna,Calvin Harris
Rihanna,Calvin Harris
Rihanna,Gordon Withers
Rihanna,Calvin Harris
Rihanna,Calvin Harris
Rihanna,Calvin Harris
Rihanna,Calvin Harris
Rihanna,Calvin Harris
Rihanna,Calvin Harris
Daft Punk,Rihanna
Rihanna,Calvin Harris
Rihanna,Calvin Harris
Lil Wayne,JAY‐Z
Lil Wayne,Rihanna
JAY‐Z,Rihanna
Coldplay,Dinka
Coldplay,Calvin Harris
Coldplay,Rihanna
Dinka,Calvin Harris
Dinka,Rihanna
Calvin Harris,Rihanna
Rihanna,Calvin Harris
Rihanna,RetroVision
Rihanna,jeonghyeon
Calvin Harris,RetroVision
Calvin Harris,jeonghyeon
RetroVision,jeonghyeon
Rihanna,Calvin Harris
Rihanna,Calvin Harris
Rihanna,Calvin Harris
Rihanna,Calvin Harris
2Pac,Rihanna
Rihanna,Calvin Harris
Rihanna,Calvin Harris
Drake,Rihanna
Rihanna,Calvin Harris
Rihanna,Calvin Harris
Rihanna,Calvin Harris
Drake,Rihanna
Rihanna,Calvin Harris
2Pac,Rihanna
Rihanna,Calvin Harris
Lao,Rihanna
Drake,Rihanna
David Guetta,Rihanna
Drake,Rihanna
David Guetta,Rihanna
Matthew Koma,Zedd
Matthew Koma,Rihanna
Matthew Koma,Kap Slap
Zedd,Rihanna
Zedd,Kap Slap
Rihanna,Kap Slap
Drake,Rihanna
Drake,Rihanna
Drake,Rihanna
Drake,Rihanna
David Guetta,Rihanna
Drake,Rihanna
Drake,Rihanna
Rihanna,DJs From Mars
Drake,Rihanna
Drake,Rihanna
The‐Dream,Rihanna
Drake,Rihanna
David Guetta,Rihanna
Drake,Rihanna
David Guetta,Rihanna
Drake,Rihanna
Drake,Rihanna
David Guetta,Rihanna
Drake,Rihanna
Rihanna,Nablidon
Rihanna,Razah
Vybz Kartel,Rihanna
Drake,Rihanna
David Guetta,Rihanna
Drake,Rihanna
David Guetta,Rihanna
Drake,Rihanna
DJ Khaled,Rihanna
DJ Khaled,Bryson Tiller
Rihanna,Bryson Tiller
Drake,Rihanna
David Guetta,Rihanna
David Guetta,Rihanna
Drake,Rihanna
50 Cent,Rihanna
David Guetta,Rihanna
David Guetta,Rihanna
Drake,Rihanna
Drake,Rihanna
Rihanna,Mavado
DJ Khaled,Rihanna
DJ Khaled,Bryson Tiller
Rihanna,Bryson Tiller
Drake,Rihanna
Drake,Rihanna
David Guetta,Rihanna
Drake,Rihanna
Drake,Rihanna
David Guetta,Rihanna
Drake,Rihanna
Drake,Rihanna
DJ Khaled,Rihanna
DJ Khaled,Bryson Tiller
Rihanna,Bryson Tiller
DJ Khaled,Rihanna
DJ Khaled,Bryson Tiller
Rihanna,Bryson Tiller
Drake,Rihanna
Drake,Terror Fabulous
Rihanna,Terror Fabulous
DJ Khaled,Rihanna
DJ Khaled,Bryson Tiller
Rihanna,Bryson Tiller
Drake,Rihanna
Drake,Rihanna
David Guetta,Rihanna
David Guetta,Rihanna
DJ Khaled,Rihanna
DJ Khaled,Bryson Tiller
Rihanna,Bryson Tiller
Nicole Scherzinger,Rihanna
Rihanna,Aaliyah
Rihanna,Sd Laika
Aaliyah,Sd Laika
David Guetta,Rihanna
DJ Khaled,Rihanna
DJ Khaled,Bryson Tiller
Rihanna,Bryson Tiller
David Guetta,Rihanna
Drake,Rihanna
Nicole Scherzinger,Rihanna
David Guetta,Rihanna
David Guetta,Rihanna
DJ Khaled,Rihanna
DJ Khaled,Bryson Tiller
Rihanna,Bryson Tiller
David Guetta,Rihanna
Drake,Rihanna
Drake,Rihanna
Drake,Rihanna
DJ Khaled,Rihanna
DJ Khaled,Bryson Tiller
Rihanna,Bryson Tiller
David Guetta,Rihanna
Drake,Rihanna
DJ Khaled,Rihanna
DJ Khaled,Bryson Tiller
Rihanna,Bryson Tiller
David Guetta,Rihanna
Drake,Rihanna
Nicole Scherzinger,Rihanna
DJ Khaled,Rihanna
DJ Khaled,Bryson Tiller
Rihanna,Bryson Tiller
David Guetta,Rihanna
Drake,Rihanna
Drake,Rihanna
DJ Khaled,Rihanna
DJ Khaled,Bryson Tiller
Rihanna,Bryson Tiller
Drake,Rihanna
Drake,Rihanna
DJ Khaled,Rihanna
DJ Khaled,Bryson Tiller
Rihanna,Bryson Tiller
Rihanna,Natalia Szumpor
Rihanna,Abel
Rihanna,Białas
Rihanna,Quebonafide
Natalia Szumpor,Abel
Natalia Szumpor,Białas
Natalia Szumpor,Quebonafide
Abel,Białas
Abel,Quebonafide
Białas,Quebonafide
Vybz Kartel,Rihanna
Vybz Kartel,Rihanna
Drake,Lil Wayne
Drake,Rihanna
Drake,JAY‐Z
Drake,Ye
Drake,Steve Porter
Drake,Beyoncé
Lil Wayne,Rihanna
Lil Wayne,JAY‐Z
Lil Wayne,Ye
Lil Wayne,Steve Porter
Lil Wayne,Beyoncé
Rihanna,JAY‐Z
Rihanna,Ye
Rihanna,Steve Porter
Rihanna,Beyoncé
JAY‐Z,Ye
JAY‐Z,Steve Porter
JAY‐Z,Beyoncé
Ye,Steve Porter
Ye,Beyoncé
Steve Porter,Beyoncé
Jayda G,Taylor Swift
Taylor Swift,Bleachers
The Rolling Stones,Taylor Swift
The Rolling Stones,Taylor Swift
Taylor Swift,Sugarland
Taylor Swift,Bleachers
Taylor Swift,Sugarland
Taylor Swift,Sugarland
Taylor Swift,Bleachers
Taylor Swift,Bleachers
Taylor Swift,Kendrick Lamar
Taylor Swift,Kendrick Lamar
Taylor Swift,Kendrick Lamar
Taylor Swift,Kendrick Lamar
Taylor Swift,Kendrick Lamar
Taylor Swift,Kendrick Lamar
Beyoncé,Taylor Swift
Beyoncé,Lorde
Taylor Swift,Lorde
Taylor Swift,Kendrick Lamar
Taylor Swift,Kendrick Lamar
Taylor Swift,Kendrick Lamar
Taylor Swift,Kendrick Lamar
Taylor Swift,Kendrick Lamar
Colbie Caillat,Taylor Swift
Taylor Swift,B.o.B
Taylor Swift,Big Red Machine
Taylor Swift,The Chainsmokers
Taylor Swift,B.o.B
Colbie Caillat,Taylor Swift
Taylor Swift,B.o.B
Colbie Caillat,Taylor Swift
Colbie Caillat,Taylor Swift
Taylor Swift,Kenny Chesney
Taylor Swift,Madonna
Taylor Swift,Kendrick Lamar
Madonna,Kendrick Lamar
Colbie Caillat,Taylor Swift
Colbie Caillat,Taylor Swift
Hayley Williams,Taylor Swift
Hayley Williams,Taylor Swift
Taylor Swift,T‐Pain
Hayley Williams,Taylor Swift
The National,Taylor Swift
The National,Taylor Swift
The National,Taylor Swift
Sydney Quiseng,Taylor Swift
Bon Iver,Taylor Swift
Future,Ed Sheeran
Future,Taylor Swift
Ed Sheeran,Taylor Swift
Fall Out Boy,Taylor Swift
Bon Iver,Taylor Swift
Future,Ed Sheeran
Future,Taylor Swift
Ed Sheeran,Taylor Swift
Taylor Swift,Pat Monahan
Future,Ed Sheeran
Future,Taylor Swift
Ed Sheeran,Taylor Swift
Future,Ed Sheeran
Future,Taylor Swift
Ed Sheeran,Taylor Swift
Bon Iver,Taylor Swift
Fall Out Boy,Taylor Swift
Fall Out Boy,Taylor Swift
Future,Ed Sheeran
Future,Taylor Swift
Ed Sheeran,Taylor Swift
Bon Iver,Taylor Swift
Bon Iver,Taylor Swift
Ed Sheeran,Taylor Swift
Ed Sheeran,Taylor Swift
Ed Sheeran,Taylor Swift
Ed Sheeran,Taylor Swift
Bon Iver,Taylor Swift
Ed Sheeran,Taylor Swift
Ed Sheeran,Taylor Swift
Florence + the Machine,Taylor Swift
Florence + the Machine,Taylor Swift
Ed Sheeran,Taylor Swift
Ed Sheeran,Taylor Swift
Ed Sheeran,Taylor Swift
Bon Iver,Taylor Swift
Ed Sheeran,Taylor Swift
Ed Sheeran,Taylor Swift
Ed Sheeran,Taylor Swift
Bon Iver,Taylor Swift
Florence + the Machine,Taylor Swift
Taylor Swift,Post Malone
Taylor Swift,John Mayer
Taylor Swift,Post Malone
Taylor Swift,Post Malone
Taylor Swift,HAIM
Taylor Swift,John Mayer
Taylor Swift,Post Malone
Florence + the Machine,Taylor Swift
Florence + the Machine,Taylor Swift
Taylor Swift,Post Malone
Taylor Swift,Post Malone
Taylor Swift,Post Malone
Taylor Swift,Post Malone
Taylor Swift,Jasmin
Taylor Swift,Post Malone
Taylor Swift,John Mayer
Taylor Swift,Post Malone
Keith Urban,Taylor Swift
Keith Urban,Tim McGraw
Taylor Swift,Tim McGraw
Taylor Swift,Def Leppard
Taylor Swift,Demi Lovato
Taylor Swift,Demi Lovato
Keith Urban,Taylor Swift
Keith Urban,Tim McGraw
Taylor Swift,Tim McGraw
3LAU,Calvin Harris
3LAU,Taylor Swift
Calvin Harris,Taylor Swift
Taylor Swift,Chris Stapleton
Katy Perry,Taylor Swift
Keith Urban,Taylor Swift
Keith Urban,Tim McGraw
Taylor Swift,Tim McGraw
Taylor Swift,Chris Stapleton
Taylor Swift,Def Leppard
Taylor Swift,Chris Stapleton
ZAYN,Taylor Swift
Taylor Swift,Mihau Lennon
Taylor Swift,Chris Stapleton
Sammy Adams,Taylor Swift
ZAYN,Taylor Swift
Taylor Swift,Chris Stapleton
Taylor Swift,Chris Stapleton
Taylor Swift,Def Leppard
Keith Urban,Taylor Swift
Keith Urban,Tim McGraw
Taylor Swift,Tim McGraw
Taylor Swift,Ice Spice
Taylor Swift,Charli xcx
Taylor Swift,Ice Spice
Taylor Swift,Ice Spice
Taylor Swift,Ice Spice
Taylor Swift,Ice Spice
Paula Fernandes,Taylor Swift
Taylor Swift,Def Leppard
Paula Fernandes,Taylor Swift
Paula Fernandes,Taylor Swift
Taylor Swift,Def Leppard
Taylor Swift,Shawn Mendes
Left at London,Taylor Swift
Taylor Swift,Def Leppard
Taylor Swift,Brendon Urie
Taylor Swift,Brendon Urie
Taylor Swift,Brendon Urie
Taylor Swift,Brendon Urie
Taylor Swift,Brendon Urie
Taylor Swift,Brendon Urie
Taylor Swift,Brendon Urie
Taylor Swift,Brendon Urie
Taylor Swift,Brendon Urie
Taylor Swift,Brendon Urie
Taylor Swift,Brendon Urie
Taylor Swift,Brendon Urie
Taylor Swift,Brendon Urie
Taylor Swift,Brendon Urie
Taylor Swift,Brendon Urie
Taylor Swift,Brendon Urie
Taylor Swift,Brendon Urie
Taylor Swift,Brendon Urie
Taylor Swift,Brendon Urie
Taylor Swift,Phoebe Bridgers
Taylor Swift,Phoebe Bridgers
Taylor Swift,HAIM
Taylor Swift,HAIM
Taylor Swift,HAIM
Taylor Swift,Phoebe Bridgers
Taylor Swift,HAIM
Taylor Swift,HAIM
Taylor Swift,Def Leppard
Taylor Swift,Def Leppard
Taylor Swift,Def Leppard
Taylor Swift,Def Leppard
Taylor Swift,Def Leppard
Taylor Swift,Def Leppard
Taylor Swift,Def Leppard
Taylor Swift,Def Leppard
Taylor Swift,Big Red Machine
Ed Sheeran,Taylor Swift
Taylor Swift,The Civil Wars
Ed Sheeran,Taylor Swift
Taylor Swift,The Civil Wars
Taylor Swift,Termonlogy
Taylor Swift,Lumidee
Termonlogy,Lumidee
Taylor Swift,DJ ICE
Eric Darken,Sam Bush
Eric Darken,Edgar Meyer
Eric Darken,Taylor Swift
Eric Darken,Alison Krauss
Eric Darken,Vince Gill
Sam Bush,Edgar Meyer
Sam Bush,Taylor Swift
Sam Bush,Alison Krauss
Sam Bush,Vince Gill
Edgar Meyer,Taylor Swift
Edgar Meyer,Alison Krauss
Edgar Meyer,Vince Gill
Taylor Swift,Alison Krauss
Taylor Swift,Vince Gill
Alison Krauss,Vince Gill
Taylor Swift,Big Red Machine
Ed Sheeran,Taylor Swift
Joy Williams,Taylor Swift
Joy Williams,John Paul White
Taylor Swift,John Paul White
Lana Del Rey,Taylor Swift
Lana Del Rey,Taylor Swift
Taylor Swift,Def Leppard
Lana Del Rey,Taylor Swift
Taylor Swift,Def Leppard
Taylor Swift,Amy Winehouse
Lana Del Rey,Taylor Swift
Taylor Swift,DJ ICE
Lana Del Rey,Taylor Swift
Taylor Swift,Camila Cabello
Taylor Swift,Charli xcx
Camila Cabello,Charli xcx
Taylor Swift,Charli xcx
Lana Del Rey,Taylor Swift
Taylor Swift,Charli xcx
The Chicks,Taylor Swift
The Chicks,Taylor Swift
Lana Del Rey,Taylor Swift
Taylor Swift,Camila Cabello
Taylor Swift,Charli xcx
Camila Cabello,Charli xcx
Lana Del Rey,Taylor Swift
Lana Del Rey,Taylor Swift
Taylor Swift,Def Leppard
Taylor Swift,Def Leppard
Keith Urban,Taylor Swift
Joseph James,Taylor Swift
Keith Urban,Taylor Swift
Keith Urban,Taylor Swift
Gary Lightbody,Taylor Swift
Gary Lightbody,Taylor Swift
Gary Lightbody,Taylor Swift
Ed Sheeran,Taylor Swift
Sabrina Carpenter,Taylor Swift
Sabrina Carpenter,Taylor Swift
Sabrina Carpenter,Taylor Swift
Sabrina Carpenter,Taylor Swift
Taylor Swift,Loud Luxury
The National,Taylor Swift
Sabrina Carpenter,Taylor Swift
Gary Lightbody,Taylor Swift
Sabrina Carpenter,Taylor Swift
Gary Lightbody,Taylor Swift
Ed Sheeran,Taylor Swift
Sabrina Carpenter,Taylor Swift
Gary Lightbody,Taylor Swift
Gary Lightbody,Taylor Swift
Taylor Swift,Boys Like Girls
BOB,Leon Bolier
BOB,Taylor Swift
BOB,Kap Slap
BOB,Marcel Woods
Leon Bolier,Taylor Swift
Leon Bolier,Kap Slap
Leon Bolier,Marcel Woods
Taylor Swift,Kap Slap
Taylor Swift,Marcel Woods
Kap Slap,Marcel Woods
Taylor Swift,Boys Like Girls
Pete Davidson,Taylor Swift
Pete Davidson,Please Don’t Destroy
Taylor Swift,Please Don’t Destroy
Taylor Swift,Def Leppard
Taylor Swift,Def Leppard
Gracie Abrams,Taylor Swift
Gracie Abrams,Taylor Swift
Taylor Swift,Def Leppard
Gracie Abrams,Taylor Swift
Maren Morris,Taylor Swift
Maren Morris,Taylor Swift
Maren Morris,Taylor Swift
Carly Simon,Taylor Swift
Martin Johnson,Taylor Swift
Martin Johnson,Taylor Swift
Justin Bieber,Big Sean
David Guetta,Justin Bieber
David Guetta,Justin Bieber
David Guetta,Justin Bieber
will.i.am,Justin Bieber
will.i.am,Justin Bieber
Justin Bieber,Ludacris
David Guetta,Justin Bieber
Chandler Moore,Justin Bieber
Chandler Moore,Brandon Love
Justin Bieber,Brandon Love
David Guetta,Justin Bieber
will.i.am,Justin Bieber
will.i.am,Justin Bieber
David Guetta,Justin Bieber
Justin Bieber,Khalid
David Guetta,Justin Bieber
will.i.am,Justin Bieber
Justin Bieber,Mariah Carey
Justin Bieber,Ludacris
David Guetta,Justin Bieber
will.i.am,Justin Bieber
Justin Bieber,Poo Bear
Justin Bieber,Big Sean
will.i.am,Justin Bieber
Justin Bieber,Ludacris
David Guetta,Justin Bieber
Justin Bieber,Mariah Carey
will.i.am,Justin Bieber
Justin Bieber,Big Sean
will.i.am,Justin Bieber
Justin Bieber,Khalid
David Guetta,Justin Bieber
David Guetta,Justin Bieber
Justin Bieber,Ludacris
Justin Bieber,Dan + Shay
Justin Bieber,Big Sean
Jon Hamm,Usher
Jon Hamm,The Lonely Island
Jon Hamm,Justin Bieber
Jon Hamm,Justin Timberlake
Jon Hamm,Natalie Portman
Jon Hamm,T‐Pain
Jon Hamm,Fred Armisen
Jon Hamm,Michael Bolton
Jon Hamm,Jonah Hill
Jon Hamm,Kenan Thompson
Jon Hamm,Will Ferrell
Jon Hamm,Julian Casablancas
Jon Hamm,Kristen Wiig
Jon Hamm,Lady Gaga
Usher,The Lonely Island
Usher,Justin Bieber
Usher,Justin Timberlake
Usher,Natalie Portman
Usher,T‐Pain
Usher,Fred Armisen
Usher,Michael Bolton
Usher,Jonah Hill
Usher,Kenan Thompson
Usher,Will Ferrell
Usher,Julian Casablancas
Usher,Kristen Wiig
Usher,Lady Gaga
The Lonely Island,Justin Bieber
The Lonely Island,Justin Timberlake
The Lonely Island,Natalie Portman
The Lonely Island,T‐Pain
The Lonely Island,Fred Armisen
The Lonely Island,Michael Bolton
The Lonely Island,Jonah Hill
The Lonely Island,Kenan Thompson
The Lonely Island,Will Ferrell
The Lonely Island,Julian Casablancas
The Lonely Island,Kristen Wiig
The Lonely Island,Lady Gaga
Justin Bieber,Justin Timberlake
Justin Bieber,Natalie Portman
Justin Bieber,T‐Pain
Justin Bieber,Fred Armisen
Justin Bieber,Michael Bolton
Justin Bieber,Jonah Hill
Justin Bieber,Kenan Thompson
Justin Bieber,Will Ferrell
Justin Bieber,Julian Casablancas
Justin Bieber,Kristen Wiig
Justin Bieber,Lady Gaga
Justin Timberlake,Natalie Portman
Justin Timberlake,T‐Pain
Justin Timberlake,Fred Armisen
Justin Timberlake,Michael Bolton
Justin Timberlake,Jonah Hill
Justin Timberlake,Kenan Thompson
Justin Timberlake,Will Ferrell
Justin Timberlake,Julian Casablancas
Justin Timberlake,Kristen Wiig
Justin Timberlake,Lady Gaga
Natalie Portman,T‐Pain
Natalie Portman,Fred Armisen
Natalie Portman,Michael Bolton
Natalie Portman,Jonah Hill
Natalie Portman,Kenan Thompson
Natalie Portman,Will Ferrell
Natalie Portman,Julian Casablancas
Natalie Portman,Kristen Wiig
Natalie Portman,Lady Gaga
T‐Pain,Fred Armisen
T‐Pain,Michael Bolton
T‐Pain,Jonah Hill
T‐Pain,Kenan Thompson
T‐Pain,Will Ferrell
T‐Pain,Julian Casablancas
T‐Pain,Kristen Wiig
T‐Pain,Lady Gaga
Fred Armisen,Michael Bolton
Fred Armisen,Jonah Hill
Fred Armisen,Kenan Thompson
Fred Armisen,Will Ferrell
Fred Armisen,Julian Casablancas
Fred Armisen,Kristen Wiig
Fred Armisen,Lady Gaga
Michael Bolton,Jonah Hill
Michael Bolton,Kenan Thompson
Michael Bolton,Will Ferrell
Michael Bolton,Julian Casablancas
Michael Bolton,Kristen Wiig
Michael Bolton,Lady Gaga
Jonah Hill,Kenan Thompson
Jonah Hill,Will Ferrell
Jonah Hill,Julian Casablancas
Jonah Hill,Kristen Wiig
Jonah Hill,Lady Gaga
Kenan Thompson,Will Ferrell
Kenan Thompson,Julian Casablancas
Kenan Thompson,Kristen Wiig
Kenan Thompson,Lady Gaga
Will Ferrell,Julian Casablancas
Will Ferrell,Kristen Wiig
Will Ferrell,Lady Gaga
Julian Casablancas,Kristen Wiig
Julian Casablancas,Lady Gaga
Kristen Wiig,Lady Gaga
Justin Bieber,Dan + Shay
David Guetta,Justin Bieber
will.i.am,Justin Bieber
Justin Bieber,Dan + Shay
Justin Bieber,Ludacris
Chandler Moore,Justin Bieber
Chandler Moore,Brandon Love
Justin Bieber,Brandon Love
will.i.am,Justin Bieber
Justin Bieber,Dan + Shay
Justin Bieber,Mariah Carey
will.i.am,Justin Bieber
Justin Bieber,Big Sean
David Guetta,Justin Bieber
David Guetta,Justin Bieber
Justin Bieber,Lauren Walters
will.i.am,Justin Bieber
Justin Bieber,Mariah Carey
Justin Bieber,Big Sean
Justin Bieber,Lauren Walters
Rye Rye,Justin Bieber
Rye Rye,Chris Brown
Rye Rye,Asher Roth
Justin Bieber,Chris Brown
Justin Bieber,Asher Roth
Chris Brown,Asher Roth
Justin Bieber,Poo Bear
will.i.am,Justin Bieber
Justin Bieber,Ludacris
David Guetta,Justin Bieber
David Guetta,Justin Bieber
David Guetta,Justin Bieber
Justin Bieber,Big Sean
Justin Bieber,Ludacris
Justin Bieber,Nicki Minaj
Justin Bieber,Nicki Minaj
Justin Bieber,Nicki Minaj
Young Thug,Rich the Kid
Young Thug,Justin Bieber
Young Thug,Diplo
Rich the Kid,Justin Bieber
Rich the Kid,Diplo
Justin Bieber,Diplo
Justin Bieber,Big Sean
Justin Bieber,Nicki Minaj
Justin Bieber,Nicki Minaj
Justin Bieber,Ludacris
Justin Bieber,Big Sean
Justin Bieber,Big Sean
Lil Wayne,Justin Bieber
Justin Bieber,Nicki Minaj
Justin Bieber,Nicki Minaj
Justin Bieber,Ludacris
Justin Bieber,Nicki Minaj
Justin Bieber,Nicki Minaj
Justin Bieber,Omah Lay
Justin Bieber,Nicki Minaj
Justin Bieber,Billie Eilish
Justin Bieber,Nicki Minaj
Justin Bieber,Luccas Neto
Justin Bieber,Ludacris
Justin Bieber,Big Sean
Justin Bieber,Big Sean
Justin Bieber,Nicki Minaj
Justin Bieber,Billie Eilish
Justin Bieber,Lloyd
Justin Bieber,Ludacris
Justin Bieber,Big Sean
Justin Bieber,Ludacris
Justin Bieber,Carly Rae Jepsen
Justin Bieber,Carly Rae Jepsen
Justin Bieber,Nicki Minaj
Justin Bieber,Nicki Minaj
Justin Bieber,Nicki Minaj
Justin Bieber,Big Sean
Lil Wayne,Justin Bieber
Justin Bieber,Nicki Minaj
Justin Bieber,Big Sean
Justin Bieber,Big Sean
Justin Bieber,Tronicbox
Justin Bieber,Nicki Minaj
Justin Bieber,Nicki Minaj
Justin Bieber,Nicki Minaj
Justin Bieber,Nicki Minaj
Justin Bieber,Vapor Lanes
Justin Bieber,Big Sean
Justin Bieber,Nicki Minaj
Justin Bieber,Nicki Minaj
Justin Bieber,Nicki Minaj
Justin Bieber,Ludacris
Major Lazer,Justin Bieber
Major Lazer,MØ
Justin Bieber,MØ
Chance the Rapper,Justin Bieber
Major Lazer,Justin Bieber
Major Lazer,MØ
Justin Bieber,MØ
Major Lazer,Justin Bieber
Major Lazer,MØ
Justin Bieber,MØ
Justin Bieber,2 Chainz
Justin Bieber,Asher Roth
Justin Bieber,Mac Miller
2 Chainz,Asher Roth
2 Chainz,Mac Miller
Asher Roth,Mac Miller
Justin Bieber,Ray Lavender
Chance the Rapper,Justin Bieber
Lil B,Justin Bieber
Major Lazer,Justin Bieber
Major Lazer,MØ
Justin Bieber,MØ
Major Lazer,Justin Bieber
Major Lazer,MØ
Justin Bieber,MØ
Justin Bieber,2 Chainz
Chance the Rapper,Justin Bieber
Major Lazer,Justin Bieber
Major Lazer,MØ
Justin Bieber,MØ
MØ,Justin Bieber
MØ,DJ Snake
Justin Bieber,DJ Snake
Justin Bieber,Quebonafide
Major Lazer,Justin Bieber
Major Lazer,MØ
Justin Bieber,MØ
Major Lazer,Justin Bieber
Major Lazer,MØ
Justin Bieber,MØ
Chance the Rapper,Justin Bieber
Chance the Rapper,Justin Bieber
Justin Bieber,Post Malone
Major Lazer,Justin Bieber
Major Lazer,MØ
Justin Bieber,MØ
Major Lazer,Justin Bieber
Major Lazer,MØ
Justin Bieber,MØ
Major Lazer,Justin Bieber
Major Lazer,MØ
Justin Bieber,MØ
Major Lazer,Justin Bieber
Major Lazer,MØ
Justin Bieber,MØ
Justin Bieber,Post Malone
Major Lazer,Justin Bieber
Major Lazer,MØ
Justin Bieber,MØ
Major Lazer,Justin Bieber
Major Lazer,MØ
Justin Bieber,MØ
Major Lazer,Justin Bieber
Major Lazer,MØ
Justin Bieber,MØ
Major Lazer,Justin Bieber
Major Lazer,MØ
Justin Bieber,MØ
Justin Bieber,Post Malone
Justin Bieber,Sean Kingston
Justin Bieber,Sean Kingston
Justin Bieber,Sage the Gemini
Justin Bieber,Iamsu!
Sage the Gemini,Iamsu!
Justin Bieber,Post Malone
Justin Bieber,Clever
Post Malone,Clever
Justin Bieber,Skrillex
Justin Bieber,Don Toliver
Skrillex,Don Toliver
Usher,Justin Bieber
Trey Songz,Justin Bieber
Justin Bieber,Sean Kingston
Usher,Justin Bieber
Justin Bieber,Sean Kingston
Justin Bieber,BloodPop®
Justin Bieber,Boyz II Men
Justin Bieber,Sean Kingston
Justin Bieber,Sean Kingston
Justin Bieber,BloodPop®
Justin Bieber,BloodPop®
Kehlani,Justin Bieber
Justin Bieber,Dominic Fike
Justin Bieber,BloodPop®
Justin Bieber,Skrillex
Justin Bieber,Don Toliver
Skrillex,Don Toliver
Justin Bieber,Boyz II Men
Justin Bieber,BloodPop®
Justin Bieber,Sean Kingston
Justin Bieber,BloodPop®
Justin Bieber,Ink
Justin Bieber,Chris Brown
Ink,Chris Brown
Justin Bieber,Sage the Gemini
Justin Bieber,Iamsu!
Sage the Gemini,Iamsu!
Busta Rhymes,Justin Bieber
Justin Bieber,Sean Kingston
BEAM,Justin Bieber
Justin Bieber,BloodPop®
Justin Bieber,Bakar
Daddy Yankee,Justin Bieber
Daddy Yankee,Luis Fonsi
Justin Bieber,Luis Fonsi
Justin Bieber,Post Malone
Justin Bieber,Clever
Post Malone,Clever
Justin Bieber,Boyz II Men
Justin Bieber,Sean Kingston
Justin Bieber,BloodPop®
Kehlani,Justin Bieber
Justin Bieber,Sean Kingston
Trey Songz,Justin Bieber
BEAM,Justin Bieber
Julia Michaels,Justin Bieber
Julia Michaels,BloodPop®
Justin Bieber,BloodPop®
Jaden,Justin Bieber
Trey Songz,Justin Bieber
Justin Bieber,Skrillex
Justin Bieber,Don Toliver
Skrillex,Don Toliver
Justin Bieber,Boyz II Men
Justin Bieber,Sean Kingston
Justin Bieber,Sean Kingston
Usher,Justin Bieber
Justin Bieber,BloodPop®
Dijon,Justin Bieber
Justin Bieber,Tems
Justin Bieber,Wizkid
Tems,Wizkid
Busta Rhymes,Justin Bieber
Justin Bieber,Dominic Fike
Daddy Yankee,Justin Bieber
Daddy Yankee,Luis Fonsi
Justin Bieber,Luis Fonsi
Justin Bieber,Don Toliver
Justin Bieber,DaBaby
Ed Sheeran,Justin Bieber
Ed Sheeran,Justin Bieber
Justin Bieber,Quavo
Chance the Rapper,Justin Bieber
Chance the Rapper,Towkio
Justin Bieber,Towkio
Lil Wayne,DJ Khaled
Lil Wayne,Justin Bieber
Lil Wayne,Quavo
Lil Wayne,Chance the Rapper
DJ Khaled,Justin Bieber
DJ Khaled,Quavo
DJ Khaled,Chance the Rapper
Justin Bieber,Quavo
Justin Bieber,Chance the Rapper
Quavo,Chance the Rapper
Alesso,Justin Bieber
Alesso,Adele
Justin Bieber,Adele
Lil Wayne,DJ Khaled
Lil Wayne,Justin Bieber
Lil Wayne,Quavo
Lil Wayne,Chance the Rapper
DJ Khaled,Justin Bieber
DJ Khaled,Quavo
DJ Khaled,Chance the Rapper
Justin Bieber,Quavo
Justin Bieber,Chance the Rapper
Quavo,Chance the Rapper
Ed Sheeran,Justin Bieber
Justin Bieber,Chris Brown
The Band Perry,Justin Bieber
Lil Wayne,DJ Khaled
Lil Wayne,Justin Bieber
Lil Wayne,Quavo
Lil Wayne,Chance the Rapper
DJ Khaled,Justin Bieber
DJ Khaled,Quavo
DJ Khaled,Chance the Rapper
Justin Bieber,Quavo
Justin Bieber,Chance the Rapper
Quavo,Chance the Rapper
Donovan Woods,Justin Bieber
Donovan Woods,Fefe Dobson
Donovan Woods,Desiire
Donovan Woods,Avril Lavigne
Donovan Woods,Ryland James
Donovan Woods,Scott Helman
Donovan Woods,Olivia Lunny
Donovan Woods,Serena Ryder
Donovan Woods,Dan Kanter
Donovan Woods,Bryan Adams
Donovan Woods,TiKA
Donovan Woods,BAD CHILD
Donovan Woods,Walk off the Earth
Donovan Woods,The Command Sisters
Donovan Woods,Buffy Sainte‐Marie
Donovan Woods,The Tenors
Donovan Woods,Michael Bublé
Donovan Woods,Shawn Hook
Donovan Woods,Johnny Orlando
Donovan Woods,Josh Ramsey
Donovan Woods,Jules Halpern
Donovan Woods,Sarah McLachlan
Donovan Woods,Jann Arden
Donovan Woods,Geddy Lee
Donovan Woods,Tyler Shaw
Donovan Woods,Marie-Mai
Justin Bieber,Fefe Dobson
Justin Bieber,Desiire
Justin Bieber,Avril Lavigne
Justin Bieber,Ryland James
Justin Bieber,Scott Helman
Justin Bieber,Olivia Lunny
Justin Bieber,Serena Ryder
Justin Bieber,Dan Kanter
Justin Bieber,Bryan Adams
Justin Bieber,TiKA
Justin Bieber,BAD CHILD
Justin Bieber,Walk off the Earth
Justin Bieber,The Command Sisters
Justin Bieber,Buffy Sainte‐Marie
Justin Bieber,The Tenors
Justin Bieber,Michael Bublé
Justin Bieber,Shawn Hook
Justin Bieber,Johnny Orlando
Justin Bieber,Josh Ramsey
Justin Bieber,Jules Halpern
Justin Bieber,Sarah McLachlan
Justin Bieber,Jann Arden
Justin Bieber,Geddy Lee
Justin Bieber,Tyler Shaw
Justin Bieber,Marie-Mai
Fefe Dobson,Desiire
Fefe Dobson,Avril Lavigne
Fefe Dobson,Ryland James
Fefe Dobson,Scott Helman
Fefe Dobson,Olivia Lunny
Fefe Dobson,Serena Ryder
Fefe Dobson,Dan Kanter
Fefe Dobson,Bryan Adams
Fefe Dobson,TiKA
Fefe Dobson,BAD CHILD
Fefe Dobson,Walk off the Earth
Fefe Dobson,The Command Sisters
Fefe Dobson,Buffy Sainte‐Marie
Fefe Dobson,The Tenors
Fefe Dobson,Michael Bublé
Fefe Dobson,Shawn Hook
Fefe Dobson,Johnny Orlando
Fefe Dobson,Josh Ramsey
Fefe Dobson,Jules Halpern
Fefe Dobson,Sarah McLachlan
Fefe Dobson,Jann Arden
Fefe Dobson,Geddy Lee
Fefe Dobson,Tyler Shaw
Fefe Dobson,Marie-Mai
Desiire,Avril Lavigne
Desiire,Ryland James
Desiire,Scott Helman
Desiire,Olivia Lunny
Desiire,Serena Ryder
Desiire,Dan Kanter
Desiire,Bryan Adams
Desiire,TiKA
Desiire,BAD CHILD
Desiire,Walk off the Earth
Desiire,The Command Sisters
Desiire,Buffy Sainte‐Marie
Desiire,The Tenors
Desiire,Michael Bublé
Desiire,Shawn Hook
Desiire,Johnny Orlando
Desiire,Josh Ramsey
Desiire,Jules Halpern
Desiire,Sarah McLachlan
Desiire,Jann Arden
Desiire,Geddy Lee
Desiire,Tyler Shaw
Desiire,Marie-Mai
Avril Lavigne,Ryland James
Avril Lavigne,Scott Helman
Avril Lavigne,Olivia Lunny
Avril Lavigne,Serena Ryder
Avril Lavigne,Dan Kanter
Avril Lavigne,Bryan Adams
Avril Lavigne,TiKA
Avril Lavigne,BAD CHILD
Avril Lavigne,Walk off the Earth
Avril Lavigne,The Command Sisters
Avril Lavigne,Buffy Sainte‐Marie
Avril Lavigne,The Tenors
Avril Lavigne,Michael Bublé
Avril Lavigne,Shawn Hook
Avril Lavigne,Johnny Orlando
Avril Lavigne,Josh Ramsey
Avril Lavigne,Jules Halpern
Avril Lavigne,Sarah McLachlan
Avril Lavigne,Jann Arden
Avril Lavigne,Geddy Lee
Avril Lavigne,Tyler Shaw
Avril Lavigne,Marie-Mai
Ryland James,Scott Helman
Ryland James,Olivia Lunny
Ryland James,Serena Ryder
Ryland James,Dan Kanter
Ryland James,Bryan Adams
Ryland James,TiKA
Ryland James,BAD CHILD
Ryland James,Walk off the Earth
Ryland James,The Command Sisters
Ryland James,Buffy Sainte‐Marie
Ryland James,The Tenors
Ryland James,Michael Bublé
Ryland James,Shawn Hook
Ryland James,Johnny Orlando
Ryland James,Josh Ramsey
Ryland James,Jules Halpern
Ryland James,Sarah McLachlan
Ryland James,Jann Arden
Ryland James,Geddy Lee
Ryland James,Tyler Shaw
Ryland James,Marie-Mai
Scott Helman,Olivia Lunny
Scott Helman,Serena Ryder
Scott Helman,Dan Kanter
Scott Helman,Bryan Adams
Scott Helman,TiKA
Scott Helman,BAD CHILD
Scott Helman,Walk off the Earth
Scott Helman,The Command Sisters
Scott Helman,Buffy Sainte‐Marie
Scott Helman,The Tenors
Scott Helman,Michael Bublé
Scott Helman,Shawn Hook
Scott Helman,Johnny Orlando
Scott Helman,Josh Ramsey
Scott Helman,Jules Halpern
Scott Helman,Sarah McLachlan
Scott Helman,Jann Arden
Scott Helman,Geddy Lee
Scott Helman,Tyler Shaw
Scott Helman,Marie-Mai
Olivia Lunny,Serena Ryder
Olivia Lunny,Dan Kanter
Olivia Lunny,Bryan Adams
Olivia Lunny,TiKA
Olivia Lunny,BAD CHILD
Olivia Lunny,Walk off the Earth
Olivia Lunny,The Command Sisters
Olivia Lunny,Buffy Sainte‐Marie
Olivia Lunny,The Tenors
Olivia Lunny,Michael Bublé
Olivia Lunny,Shawn Hook
Olivia Lunny,Johnny Orlando
Olivia Lunny,Josh Ramsey
Olivia Lunny,Jules Halpern
Olivia Lunny,Sarah McLachlan
Olivia Lunny,Jann Arden
Olivia Lunny,Geddy Lee
Olivia Lunny,Tyler Shaw
Olivia Lunny,Marie-Mai
Serena Ryder,Dan Kanter
Serena Ryder,Bryan Adams
Serena Ryder,TiKA
Serena Ryder,BAD CHILD
Serena Ryder,Walk off the Earth
Serena Ryder,The Command Sisters
Serena Ryder,Buffy Sainte‐Marie
Serena Ryder,The Tenors
Serena Ryder,Michael Bublé
Serena Ryder,Shawn Hook
Serena Ryder,Johnny Orlando
Serena Ryder,Josh Ramsey
Serena Ryder,Jules Halpern
Serena Ryder,Sarah McLachlan
Serena Ryder,Jann Arden
Serena Ryder,Geddy Lee
Serena Ryder,Tyler Shaw
Serena Ryder,Marie-Mai
Dan Kanter,Bryan Adams
Dan Kanter,TiKA
Dan Kanter,BAD CHILD
Dan Kanter,Walk off the Earth
Dan Kanter,The Command Sisters
Dan Kanter,Buffy Sainte‐Marie
Dan Kanter,The Tenors
Dan Kanter,Michael Bublé
Dan Kanter,Shawn Hook
Dan Kanter,Johnny Orlando
Dan Kanter,Josh Ramsey
Dan Kanter,Jules Halpern
Dan Kanter,Sarah McLachlan
Dan Kanter,Jann Arden
Dan Kanter,Geddy Lee
Dan Kanter,Tyler Shaw
Dan Kanter,Marie-Mai
Bryan Adams,TiKA
Bryan Adams,BAD CHILD
Bryan Adams,Walk off the Earth
Bryan Adams,The Command Sisters
Bryan Adams,Buffy Sainte‐Marie
Bryan Adams,The Tenors
Bryan Adams,Michael Bublé
Bryan Adams,Shawn Hook
Bryan Adams,Johnny Orlando
Bryan Adams,Josh Ramsey
Bryan Adams,Jules Halpern
Bryan Adams,Sarah McLachlan
Bryan Adams,Jann Arden
Bryan Adams,Geddy Lee
Bryan Adams,Tyler Shaw
Bryan Adams,Marie-Mai
TiKA,BAD CHILD
TiKA,Walk off the Earth
TiKA,The Command Sisters
TiKA,Buffy Sainte‐Marie
TiKA,The Tenors
TiKA,Michael Bublé
TiKA,Shawn Hook
TiKA,Johnny Orlando
TiKA,Josh Ramsey
TiKA,Jules Halpern
TiKA,Sarah McLachlan
TiKA,Jann Arden
TiKA,Geddy Lee
TiKA,Tyler Shaw
TiKA,Marie-Mai
BAD CHILD,Walk off the Earth
BAD CHILD,The Command Sisters
BAD CHILD,Buffy Sainte‐Marie
BAD CHILD,The Tenors
BAD CHILD,Michael Bublé
BAD CHILD,Shawn Hook
BAD CHILD,Johnny Orlando
BAD CHILD,Josh Ramsey
BAD CHILD,Jules Halpern
BAD CHILD,Sarah McLachlan
BAD CHILD,Jann Arden
BAD CHILD,Geddy Lee
BAD CHILD,Tyler Shaw
BAD CHILD,Marie-Mai
Walk off the Earth,The Command Sisters
Walk off the Earth,Buffy Sainte‐Marie
Walk off the Earth,The Tenors
Walk off the Earth,Michael Bublé
Walk off the Earth,Shawn Hook
Walk off the Earth,Johnny Orlando
Walk off the Earth,Josh Ramsey
Walk off the Earth,Jules Halpern
Walk off the Earth,Sarah McLachlan
Walk off the Earth,Jann Arden
Walk off the Earth,Geddy Lee
Walk off the Earth,Tyler Shaw
Walk off the Earth,Marie-Mai
The Command Sisters,Buffy Sainte‐Marie
The Command Sisters,The Tenors
The Command Sisters,Michael Bublé
The Command Sisters,Shawn Hook
The Command Sisters,Johnny Orlando
The Command Sisters,Josh Ramsey
The Command Sisters,Jules Halpern
The Command Sisters,Sarah McLachlan
The Command Sisters,Jann Arden
The Command Sisters,Geddy Lee
The Command Sisters,Tyler Shaw
The Command Sisters,Marie-Mai
Buffy Sainte‐Marie,The Tenors
Buffy Sainte‐Marie,Michael Bublé
Buffy Sainte‐Marie,Shawn Hook
Buffy Sainte‐Marie,Johnny Orlando
Buffy Sainte‐Marie,Josh Ramsey
Buffy Sainte‐Marie,Jules Halpern
Buffy Sainte‐Marie,Sarah McLachlan
Buffy Sainte‐Marie,Jann Arden
Buffy Sainte‐Marie,Geddy Lee
Buffy Sainte‐Marie,Tyler Shaw
Buffy Sainte‐Marie,Marie-Mai
The Tenors,Michael Bublé
The Tenors,Shawn Hook
The Tenors,Johnny Orlando
The Tenors,Josh Ramsey
The Tenors,Jules Halpern
The Tenors,Sarah McLachlan
The Tenors,Jann Arden
The Tenors,Geddy Lee
The Tenors,Tyler Shaw
The Tenors,Marie-Mai
Michael Bublé,Shawn Hook
Michael Bublé,Johnny Orlando
Michael Bublé,Josh Ramsey
Michael Bublé,Jules Halpern
Michael Bublé,Sarah McLachlan
Michael Bublé,Jann Arden
Michael Bublé,Geddy Lee
Michael Bublé,Tyler Shaw
Michael Bublé,Marie-Mai
Shawn Hook,Johnny Orlando
Shawn Hook,Josh Ramsey
Shawn Hook,Jules Halpern
Shawn Hook,Sarah McLachlan
Shawn Hook,Jann Arden
Shawn Hook,Geddy Lee
Shawn Hook,Tyler Shaw
Shawn Hook,Marie-Mai
Johnny Orlando,Josh Ramsey
Johnny Orlando,Jules Halpern
Johnny Orlando,Sarah McLachlan
Johnny Orlando,Jann Arden
Johnny Orlando,Geddy Lee
Johnny Orlando,Tyler Shaw
Johnny Orlando,Marie-Mai
Josh Ramsey,Jules Halpern
Josh Ramsey,Sarah McLachlan
Josh Ramsey,Jann Arden
Josh Ramsey,Geddy Lee
Josh Ramsey,Tyler Shaw
Josh Ramsey,Marie-Mai
Jules Halpern,Sarah McLachlan
Jules Halpern,Jann Arden
Jules Halpern,Geddy Lee
Jules Halpern,Tyler Shaw
Jules Halpern,Marie-Mai
Sarah McLachlan,Jann Arden
Sarah McLachlan,Geddy Lee
Sarah McLachlan,Tyler Shaw
Sarah McLachlan,Marie-Mai
Jann Arden,Geddy Lee
Jann Arden,Tyler Shaw
Jann Arden,Marie-Mai
Geddy Lee,Tyler Shaw
Geddy Lee,Marie-Mai
Tyler Shaw,Marie-Mai
Justin Bieber,Quavo
Justin Bieber,Don Diablo
Justin Bieber,DJ Snake
Don Diablo,DJ Snake
Justin Bieber,DJ Snake
Lil Wayne,DJ Khaled
Lil Wayne,Justin Bieber
Lil Wayne,Quavo
Lil Wayne,Chance the Rapper
DJ Khaled,Justin Bieber
DJ Khaled,Quavo
DJ Khaled,Chance the Rapper
Justin Bieber,Quavo
Justin Bieber,Chance the Rapper
Quavo,Chance the Rapper
Justin Bieber,DJ Snake
Lil Wayne,DJ Khaled
Lil Wayne,Justin Bieber
Lil Wayne,Quavo
Lil Wayne,Chance the Rapper
DJ Khaled,Justin Bieber
DJ Khaled,Quavo
DJ Khaled,Chance the Rapper
Justin Bieber,Quavo
Justin Bieber,Chance the Rapper
Quavo,Chance the Rapper
Jaden,Justin Bieber
Chance the Rapper,Justin Bieber
Justin Bieber,DJ Snake
Justin Bieber,Quavo
Justin Bieber,Poo Bear
Justin Bieber,Jay Electronica
Poo Bear,Jay Electronica
Justin Bieber,DJ Snake
Ed Sheeran,Justin Bieber
Justin Bieber,DJ Snake
Justin Bieber,DJ Snake
Ye,Justin Bieber
Ye,Post Malone
Justin Bieber,Post Malone
Chance the Rapper,Justin Bieber
Justin Bieber,DJ Snake
DJ Khaled,Justin Bieber
DJ Khaled,21 Savage
Justin Bieber,21 Savage
Justin Bieber,Quavo
Chance the Rapper,Justin Bieber
Chance the Rapper,Justin Bieber
Justin Bieber,Tems
Justin Bieber,Don Toliver
Justin Bieber,Don Diablo
Justin Bieber,DJ Snake
Don Diablo,DJ Snake
Justin Bieber,Don Toliver
Justin Bieber,DJ Snake
Justin Bieber,Don Toliver
Justin Bieber,Quavo
Ed Sheeran,Justin Bieber
Justin Bieber,DaBaby
The Band Perry,Justin Bieber
Justin Bieber,Chris Brown
Justin Bieber,Don Toliver
Justin Bieber,DJ Snake
Marshmello,Justin Bieber
Marshmello,DJ Snake
Justin Bieber,DJ Snake
Justin Bieber,DJ Snake
Lil Wayne,DJ Khaled
Lil Wayne,Justin Bieber
Lil Wayne,Quavo
Lil Wayne,Chance the Rapper
DJ Khaled,Justin Bieber
DJ Khaled,Quavo
DJ Khaled,Chance the Rapper
Justin Bieber,Quavo
Justin Bieber,Chance the Rapper
Quavo,Chance the Rapper
Jaden,Justin Bieber
Chance the Rapper,Justin Bieber
Chance the Rapper,The Lewisham and Greenwich NHS Choir
Justin Bieber,The Lewisham and Greenwich NHS Choir
Chance the Rapper,Justin Bieber
Cody Simpson,Justin Bieber
Chance the Rapper,Justin Bieber
Gucci Mane,Justin Bieber
Gucci Mane,Justin Bieber
benny blanco,Justin Bieber
Justin Bieber,Conor Maynard
Justin Bieber,DJ Snake
benny blanco,Justin Bieber
Maejor,Justin Bieber
Maejor,Juicy J
Justin Bieber,Juicy J
benny blanco,Justin Bieber
Justin Bieber,Shawn Mendes
Justin Bieber,Diddy
Justin Bieber,Tronicbox
benny blanco,Justin Bieber
Maejor,Justin Bieber
Maejor,Juicy J
Justin Bieber,Juicy J
Justin Bieber,Shawn Mendes
Justin Bieber,tofubeats
benny blanco,Justin Bieber
BEAM,Justin Bieber
Justin Bieber,Burna Boy
Maejor,Justin Bieber
Maejor,Juicy J
Justin Bieber,Juicy J
Justin Bieber,Shawn Mendes
benny blanco,Justin Bieber
benny blanco,Justin Bieber
Redfoo,Justin Bieber
Redfoo,Far East Movement
Justin Bieber,Far East Movement
Justin Bieber,Poo Bear
Justin Bieber,Bryson Tiller
Poo Bear,Bryson Tiller
Justin Bieber,Far East Movement
Justin Bieber,DJ Snake
Justin Bieber,With You.
Justin Bieber,DJ Snake
With You.,DJ Snake
iann dior,Justin Bieber
iann dior,24kGoldn
iann dior,J Balvin
Justin Bieber,24kGoldn
Justin Bieber,J Balvin
24kGoldn,J Balvin
Redfoo,Justin Bieber
Redfoo,Far East Movement
Justin Bieber,Far East Movement
Sean Paul,Justin Bieber
Sean Paul,DJ Snake
Justin Bieber,DJ Snake
Justin Bieber,Ali
Justin Bieber,Juicy J
Ali,Juicy J
Justin Bieber,Tiësto
Justin Bieber,DJ Snake
Tiësto,DJ Snake
Justin Bieber,Big Sean
Justin Bieber,KayCyy
Justin Bieber,R3HAB
Justin Bieber,DJ Snake
R3HAB,DJ Snake
Justin Bieber,Far East Movement
benny blanco,Justin Bieber
Justin Bieber,Tronicbox
Justin Bieber,Big Sean
Redfoo,Justin Bieber
Redfoo,Far East Movement
Justin Bieber,Far East Movement
Young Thug,Travis Scott
Young Thug,Justin Bieber
Travis Scott,Justin Bieber
Justin Bieber,Tori Kelly
BEAM,Justin Bieber
Justin Bieber,Far East Movement
Justin Bieber,Burna Boy
Young Thug,Travis Scott
Young Thug,Justin Bieber
Travis Scott,Justin Bieber
Justin Bieber,Tori Kelly
Devi April McCallion,Justin Bieber
benny blanco,Justin Bieber
Justin Bieber,Tiësto
Justin Bieber,DJ Snake
Tiësto,DJ Snake
Justin Bieber,Gabby
DJ Khaled,Justin Bieber
DJ Khaled,Chance the Rapper
DJ Khaled,Quavo
Justin Bieber,Chance the Rapper
Justin Bieber,Quavo
Chance the Rapper,Quavo
Justin Bieber,Daniel Caesar
Justin Bieber,GIVĒON
Daniel Caesar,GIVĒON
Jaden,Justin Bieber
Justin Bieber,Daniel Caesar
Justin Bieber,GIVĒON
Daniel Caesar,GIVĒON
DJ Khaled,Justin Bieber
DJ Khaled,Chance the Rapper
DJ Khaled,Quavo
Justin Bieber,Chance the Rapper
Justin Bieber,Quavo
Chance the Rapper,Quavo
Justin Bieber,Ludacris
Justin Bieber,Chris Brown
Justin Bieber,Big Sean
Justin Bieber,Big Sean
Justin Bieber,Omah Lay
Justin Bieber,Alpha P
Omah Lay,Alpha P
Justin Bieber,Eddie Benjamin
Jaden,Justin Bieber
Justin Bieber,Boyz II Men
Justin Bieber,Daniel Caesar
Justin Bieber,GIVĒON
Daniel Caesar,GIVĒON
Jaden,Justin Bieber
Drake,Ozuna
Drake,Justin Bieber
Drake,Zion & Lennox
Ozuna,Justin Bieber
Ozuna,Zion & Lennox
Justin Bieber,Zion & Lennox
Justin Bieber,Daniel Caesar
Justin Bieber,GIVĒON
Daniel Caesar,GIVĒON
Ye,Justin Bieber
Ye,Post Malone
Justin Bieber,Post Malone
TAEYANG,Justin Bieber
Jaden,Justin Bieber
Jaden,Justin Bieber
Justin Bieber,Travis Scott
Usher,Justin Bieber
DJ Khaled,Justin Bieber
DJ Khaled,Chance the Rapper
DJ Khaled,Quavo
Justin Bieber,Chance the Rapper
Justin Bieber,Quavo
Chance the Rapper,Quavo
Justin Bieber,Big Sean
DJ Khaled,Justin Bieber
DJ Khaled,Chance the Rapper
DJ Khaled,Quavo
Justin Bieber,Chance the Rapper
Justin Bieber,Quavo
Chance the Rapper,Quavo
Justin Bieber,Miley Cyrus
Jaden,Justin Bieber
Justin Bieber,Daniel Caesar
Justin Bieber,GIVĒON
Daniel Caesar,GIVĒON
Jessica Jarrell,Justin Bieber
Jessica Jarrell,Justin Bieber
Justin Bieber,Travis Scott
Justin Bieber,Daniel Caesar
Justin Bieber,GIVĒON
Daniel Caesar,GIVĒON
DJ Khaled,Justin Bieber
DJ Khaled,Chance the Rapper
DJ Khaled,Quavo
Justin Bieber,Chance the Rapper
Justin Bieber,Quavo
Chance the Rapper,Quavo
Justin Bieber,Miley Cyrus
Justin Bieber,Sean Kingston
Jaden,Justin Bieber
Jessica Jarrell,Justin Bieber
Justin Bieber,Miley Cyrus
Justin Bieber,Chris Brown
Usher,Justin Bieber
Usher,Ludacris
Usher,Snoop Dogg
Justin Bieber,Ludacris
Justin Bieber,Snoop Dogg
Ludacris,Snoop Dogg
Usher,Justin Bieber
Usher,Ludacris
Usher,Snoop Dogg
Justin Bieber,Ludacris
Justin Bieber,Snoop Dogg
Ludacris,Snoop Dogg
Justin Bieber,DJ Kram
Future,Justin Bieber
Future,Don Toliver
Justin Bieber,Don Toliver
Drake,Justin Bieber
Justin Bieber,SZA
Justin Bieber,TroyBoi
Lil Dicky,Justin Bieber
Usher,Justin Bieber
Ye,Justin Bieber
Ye,Raekwon
Justin Bieber,Raekwon
Justin Bieber,Skrillex
Justin Bieber,Blood
Skrillex,Blood
David Guetta,Clean Bandit
David Guetta,Anne‐Marie
David Guetta,Tujamo
David Guetta,Justin Bieber
David Guetta,Sean Paul
David Guetta,Snap!
Clean Bandit,Anne‐Marie
Clean Bandit,Tujamo
Clean Bandit,Justin Bieber
Clean Bandit,Sean Paul
Clean Bandit,Snap!
Anne‐Marie,Tujamo
Anne‐Marie,Justin Bieber
Anne‐Marie,Sean Paul
Anne‐Marie,Snap!
Tujamo,Justin Bieber
Tujamo,Sean Paul
Tujamo,Snap!
Justin Bieber,Sean Paul
Justin Bieber,Snap!
Sean Paul,Snap!
Justin Bieber,Daniel Caesar
Justin Bieber,GIVĒON
Daniel Caesar,GIVĒON
AJ Tracey,Justin Bieber
Justin Bieber,Omah Lay
Justin Bieber,Alpha P
Omah Lay,Alpha P
Hurricane Chris,Justin Bieber
Justin Bieber,Omah Lay
Justin Bieber,Alpha P
Omah Lay,Alpha P
Justin Bieber,Daniel Caesar
Justin Bieber,GIVĒON
Daniel Caesar,GIVĒON
Justin Bieber,SZA
Usher,Justin Bieber
Usher,Ludacris
Usher,Snoop Dogg
Justin Bieber,Ludacris
Justin Bieber,Snoop Dogg
Ludacris,Snoop Dogg
Lil B,Justin Bieber
Justin Bieber,Raekwon
Usher,Justin Bieber
Future,Justin Bieber
Future,Don Toliver
Justin Bieber,Don Toliver
Justin Bieber,Travis Scott
Justin Bieber,Travis Scott
Usher,Justin Bieber
R. Kelly,Justin Bieber
Usher,Justin Bieber
Drake,Justin Bieber
Usher,Justin Bieber
Justin Bieber,Ariana Grande
Justin Bieber,TroyBoi
Usher,Justin Bieber
Usher,Justin Bieber
Justin Bieber,SZA
Justin Bieber,Ariana Grande
Justin Bieber,Sztoss
Justin Bieber,Kaja Czulewicz
Justin Bieber,Quebonafide
Ariana Grande,Sztoss
Ariana Grande,Kaja Czulewicz
Ariana Grande,Quebonafide
Sztoss,Kaja Czulewicz
Sztoss,Quebonafide
Kaja Czulewicz,Quebonafide
Justin Bieber,Raekwon
Lil Dicky,Justin Bieber
Future,Justin Bieber
Future,Don Toliver
Justin Bieber,Don Toliver
Future,Justin Bieber
Future,Don Toliver
Justin Bieber,Don Toliver
Drake,Justin Bieber
Justin Bieber,Omah Lay
Justin Bieber,Alpha P
Omah Lay,Alpha P
Justin Bieber,Eddie Benjamin
Justin Bieber,Cash Cobain
Eddie Benjamin,Cash Cobain
The Kid LAROI,Justin Bieber
Justin Bieber,Lil Uzi Vert
The Kid LAROI,Justin Bieber
The Kid LAROI,Justin Bieber
The Kid LAROI,Justin Bieber
Justin Bieber,Tyga
The Kid LAROI,Justin Bieber
Justin Bieber,Druski
Justin Bieber,Halsey
The Kid LAROI,Justin Bieber
The Kid LAROI,Justin Bieber
Justin Bieber,Ariana Grande
Justin Bieber,Halsey
Justin Bieber,J Balvin
Justin Bieber,Sexyy Red
BEAM,Justin Bieber
The Kid LAROI,Justin Bieber
Justin Bieber,Druski
Justin Bieber,J Balvin
Justin Bieber,Ariana Grande
The Kid LAROI,Justin Bieber
The Kid LAROI,Justin Bieber
Rascal Flatts,Justin Bieber
Usher,Justin Bieber
Justin Bieber,deadmau5
Justin Bieber,Nicki Minaj
deadmau5,Nicki Minaj
Justin Bieber,Chris Brown
Justin Bieber,Sexyy Red
Jaden,Justin Bieber
Justin Bieber,Druski
Rascal Flatts,Justin Bieber
The Kid LAROI,Justin Bieber
Justin Bieber,Druski
Justin Bieber,Druski
Justin Bieber,Eddie Benjamin
Justin Bieber,Cash Cobain
Eddie Benjamin,Cash Cobain
The Kid LAROI,Justin Bieber
The Kid LAROI,Justin Bieber
The Kid LAROI,Justin Bieber
Justin Bieber,Druski
Justin Bieber,Ariana Grande
Justin Bieber,Ariana Grande
The Kid LAROI,Justin Bieber
Justin Bieber,Lil Uzi Vert
Usher,Justin Bieber
The Kid LAROI,Justin Bieber
Justin Bieber,Ariana Grande
The Kid LAROI,Justin Bieber
Justin Bieber,J Balvin
Justin Bieber,Skrillex
Justin Bieber,Diplo
Skrillex,Diplo
Justin Bieber,Ariana Grande
Ye,Justin Bieber
Ye,toasty digital
Ye,Common
Justin Bieber,toasty digital
Justin Bieber,Common
toasty digital,Common
Justin Bieber,Skrillex
Justin Bieber,Diplo
Skrillex,Diplo
Justin Bieber,Juice WRLD
Justin Bieber,Skrillex
Justin Bieber,Diplo
Skrillex,Diplo
Justin Bieber,Tyga
Jack Ü,Justin Bieber
Jack Ü,Skrillex
Jack Ü,Diplo
Justin Bieber,Skrillex
Justin Bieber,Diplo
Skrillex,Diplo
Skipper,Justin Bieber
Skipper,LoveRance
Skipper,Iamsu!
Justin Bieber,LoveRance
Justin Bieber,Iamsu!
LoveRance,Iamsu!
Jack Ü,Justin Bieber
Future,Justin Bieber
Justin Bieber,Skrillex
Justin Bieber,Diplo
Skrillex,Diplo
Jack Ü,Justin Bieber
Justin Bieber,Juice WRLD
Justin Bieber,Sean Kingston
Justin Bieber,Skrillex
Justin Bieber,Diplo
Skrillex,Diplo
Justin Bieber,Nas
Justin Bieber,Tyga
Justin Bieber,FVR1
Justin Bieber,2Malle
FVR1,2Malle
Jack Ü,Justin Bieber
Chandler Moore,Justin Bieber
Chandler Moore,Judah Smith
Chandler Moore,Tori Kelly
Justin Bieber,Judah Smith
Justin Bieber,Tori Kelly
Judah Smith,Tori Kelly
Justin Bieber,Skrillex
Justin Bieber,Diplo
Skrillex,Diplo
Jack Ü,Justin Bieber
Jack Ü,Skrillex
Jack Ü,Diplo
Justin Bieber,Skrillex
Justin Bieber,Diplo
Skrillex,Diplo
Chandler Moore,Justin Bieber
Chandler Moore,Judah Smith
Chandler Moore,Pink Sweat$
Justin Bieber,Judah Smith
Justin Bieber,Pink Sweat$
Judah Smith,Pink Sweat$
Jack Ü,Justin Bieber
Justin Bieber,Quavo
Justin Bieber,Gunna
Justin Bieber,FVR1
Justin Bieber,2Malle
FVR1,2Malle
Justin Bieber,Quavo
Justin Bieber,Skrillex
Justin Bieber,Diplo
Skrillex,Diplo
DJ Milton,Justin Bieber
DJ Milton,Ferd
Justin Bieber,Ferd
Future,Justin Bieber
Justin Bieber,Tory Lanez
Justin Bieber,Skrillex
Justin Bieber,Diplo
Skrillex,Diplo
Chandler Moore,Justin Bieber
Chandler Moore,Judah Smith
Chandler Moore,Tori Kelly
Justin Bieber,Judah Smith
Justin Bieber,Tori Kelly
Judah Smith,Tori Kelly
Migos,Justin Bieber
Justin Bieber,Florida Georgia Line
Jack Ü,Justin Bieber
Justin Bieber,DJ Tich
Justin Bieber,Diplo
Justin Bieber,Skrillex
DJ Tich,Diplo
DJ Tich,Skrillex
Diplo,Skrillex
Jack Ü,Justin Bieber
T.I.,Justin Bieber
T.I.,Mariah Carey
T.I.,French Montana
Justin Bieber,Mariah Carey
Justin Bieber,French Montana
Mariah Carey,French Montana
Justin Bieber,Quavo
Justin Bieber,Quavo
Kehlani,Justin Bieber
Justin Bieber,Skrillex
Justin Bieber,Diplo
Skrillex,Diplo
Justin Bieber,Nas
Jack Ü,Justin Bieber
Jack Ü,Justin Bieber
Justin Bieber,Ariana Grande
Justin Bieber,Tronicbox
Justin Bieber,3LAU
Justin Bieber,Juice WRLD
Justin Bieber,Florida Georgia Line
Chandler Moore,Justin Bieber
Chandler Moore,Judah Smith
Chandler Moore,Pink Sweat$
Justin Bieber,Judah Smith
Justin Bieber,Pink Sweat$
Judah Smith,Pink Sweat$
Jack Ü,Justin Bieber
Justin Bieber,Chris Brown
Jack Ü,Justin Bieber
Jack Ü,Justin Bieber
Jack Ü,Justin Bieber
Migos,Justin Bieber
The Lonely Island,Justin Timberlake
The Lonely Island,Lady Gaga
Justin Timberlake,Lady Gaga
Lady Gaga,Charli xcx
The Lonely Island,Justin Timberlake
The Lonely Island,Lady Gaga
Justin Timberlake,Lady Gaga
Lady Gaga,Madonna
Jon Hamm,Usher
Jon Hamm,The Lonely Island
Jon Hamm,Justin Bieber
Jon Hamm,Justin Timberlake
Jon Hamm,Natalie Portman
Jon Hamm,T‐Pain
Jon Hamm,Fred Armisen
Jon Hamm,Michael Bolton
Jon Hamm,Jonah Hill
Jon Hamm,Kenan Thompson
Jon Hamm,Will Ferrell
Jon Hamm,Julian Casablancas
Jon Hamm,Kristen Wiig
Jon Hamm,Lady Gaga
Usher,The Lonely Island
Usher,Justin Bieber
Usher,Justin Timberlake
Usher,Natalie Portman
Usher,T‐Pain
Usher,Fred Armisen
Usher,Michael Bolton
Usher,Jonah Hill
Usher,Kenan Thompson
Usher,Will Ferrell
Usher,Julian Casablancas
Usher,Kristen Wiig
Usher,Lady Gaga
The Lonely Island,Justin Bieber
The Lonely Island,Justin Timberlake
The Lonely Island,Natalie Portman
The Lonely Island,T‐Pain
The Lonely Island,Fred Armisen
The Lonely Island,Michael Bolton
The Lonely Island,Jonah Hill
The Lonely Island,Kenan Thompson
The Lonely Island,Will Ferrell
The Lonely Island,Julian Casablancas
The Lonely Island,Kristen Wiig
The Lonely Island,Lady Gaga
Justin Bieber,Justin Timberlake
Justin Bieber,Natalie Portman
Justin Bieber,T‐Pain
Justin Bieber,Fred Armisen
Justin Bieber,Michael Bolton
Justin Bieber,Jonah Hill
Justin Bieber,Kenan Thompson
Justin Bieber,Will Ferrell
Justin Bieber,Julian Casablancas
Justin Bieber,Kristen Wiig
Justin Bieber,Lady Gaga
Justin Timberlake,Natalie Portman
Justin Timberlake,T‐Pain
Justin Timberlake,Fred Armisen
Justin Timberlake,Michael Bolton
Justin Timberlake,Jonah Hill
Justin Timberlake,Kenan Thompson
Justin Timberlake,Will Ferrell
Justin Timberlake,Julian Casablancas
Justin Timberlake,Kristen Wiig
Justin Timberlake,Lady Gaga
Natalie Portman,T‐Pain
Natalie Portman,Fred Armisen
Natalie Portman,Michael Bolton
Natalie Portman,Jonah Hill
Natalie Portman,Kenan Thompson
Natalie Portman,Will Ferrell
Natalie Portman,Julian Casablancas
Natalie Portman,Kristen Wiig
Natalie Portman,Lady Gaga
T‐Pain,Fred Armisen
T‐Pain,Michael Bolton
T‐Pain,Jonah Hill
T‐Pain,Kenan Thompson
T‐Pain,Will Ferrell
T‐Pain,Julian Casablancas
T‐Pain,Kristen Wiig
T‐Pain,Lady Gaga
Fred Armisen,Michael Bolton
Fred Armisen,Jonah Hill
Fred Armisen,Kenan Thompson
Fred Armisen,Will Ferrell
Fred Armisen,Julian Casablancas
Fred Armisen,Kristen Wiig
Fred Armisen,Lady Gaga
Michael Bolton,Jonah Hill
Michael Bolton,Kenan Thompson
Michael Bolton,Will Ferrell
Michael Bolton,Julian Casablancas
Michael Bolton,Kristen Wiig
Michael Bolton,Lady Gaga
Jonah Hill,Kenan Thompson
Jonah Hill,Will Ferrell
Jonah Hill,Julian Casablancas
Jonah Hill,Kristen Wiig
Jonah Hill,Lady Gaga
Kenan Thompson,Will Ferrell
Kenan Thompson,Julian Casablancas
Kenan Thompson,Kristen Wiig
Kenan Thompson,Lady Gaga
Will Ferrell,Julian Casablancas
Will Ferrell,Kristen Wiig
Will Ferrell,Lady Gaga
Julian Casablancas,Kristen Wiig
Julian Casablancas,Lady Gaga
Kristen Wiig,Lady Gaga
The Lonely Island,Justin Timberlake
The Lonely Island,Lady Gaga
Justin Timberlake,Lady Gaga
Joaquin Phoenix,Lady Gaga
Lady Gaga,Tronicbox
Tony Bennett,Lady Gaga
Zedd,Lady Gaga
Lady Gaga,DJ ICE
Tony Bennett,Lady Gaga
Tony Bennett,Lady Gaga
RedOne,Lady Gaga
Lady Gaga,Boney M.
Joaquin Phoenix,Lady Gaga
New Kids on the Block,Lady Gaga
Swedish House Mafia,Lady Gaga
Swedish House Mafia,Fred again..
Lady Gaga,Fred again..
Britney Spears,Lady Gaga
Lady Gaga,Madonna
Lady Gaga,Beyoncé
Lady Gaga,Kendrick Lamar
Britney Spears,Lady Gaga
Lorne Balfe,Lady Gaga
Lorne Balfe,Hans Zimmer
Lorne Balfe,Harold Faltermeyer
Lady Gaga,Hans Zimmer
Lady Gaga,Harold Faltermeyer
Hans Zimmer,Harold Faltermeyer
Tony Bennett,Lady Gaga
Wale,Lady Gaga
Wale,9th Wonder
Lady Gaga,9th Wonder
Lady Gaga,Bruno Mars
Lady Gaga,Bruno Mars
Tony Bennett,Lady Gaga
Tony Bennett,Lady Gaga
Bad Bunny,Lady Gaga
Tony Bennett,Lady Gaga
Space Cowboy,Lady Gaga
Wale,Lady Gaga
Wale,Lady Gaga
Lady Gaga,Bruno Mars
Lorne Balfe,Lady Gaga
Lorne Balfe,Hans Zimmer
Lorne Balfe,Harold Faltermeyer
Lady Gaga,Hans Zimmer
Lady Gaga,Harold Faltermeyer
Hans Zimmer,Harold Faltermeyer
Tony Bennett,Lady Gaga
Wale,Lady Gaga
Lady Gaga,Bruno Mars
Lady Gaga,Mary Magdalan
Wale,Lady Gaga
Wale,Lady Gaga
Lady Gaga,Guru Josh Project
Wale,Lady Gaga
Tony Bennett,Lady Gaga
Tony Bennett,Lady Gaga
Wale,Lady Gaga
Katy Perry,Jennifer Lopez
Katy Perry,Britney Spears
Katy Perry,Adele
Katy Perry,Pitbull
Katy Perry,Lady Gaga
Katy Perry,Beyoncé
Jennifer Lopez,Britney Spears
Jennifer Lopez,Adele
Jennifer Lopez,Pitbull
Jennifer Lopez,Lady Gaga
Jennifer Lopez,Beyoncé
Britney Spears,Adele
Britney Spears,Pitbull
Britney Spears,Lady Gaga
Britney Spears,Beyoncé
Adele,Pitbull
Adele,Lady Gaga
Adele,Beyoncé
Pitbull,Lady Gaga
Pitbull,Beyoncé
Lady Gaga,Beyoncé
Wale,Lady Gaga
Space Cowboy,Lady Gaga
Lady Gaga,Bradley Cooper
Wale,Lady Gaga
Wale,Lady Gaga
Lady Gaga,Bruno Mars
Lady Gaga,Bradley Cooper
Lady Gaga,Bruno Mars
Tony Bennett,Lady Gaga
Lorne Balfe,Lady Gaga
Lorne Balfe,Hans Zimmer
Lorne Balfe,Harold Faltermeyer
Lady Gaga,Hans Zimmer
Lady Gaga,Harold Faltermeyer
Hans Zimmer,Harold Faltermeyer
RAYE,Lady Gaga
Valeria,Lady Gaga
Lady Gaga,Christina Aguilera
Lady Gaga,Christina Aguilera
R. Kelly,Lady Gaga
R. Kelly,Christina Aguilera
R. Kelly,Rick Ross
Lady Gaga,Christina Aguilera
Lady Gaga,Rick Ross
Christina Aguilera,Rick Ross
R. Kelly,Lady Gaga
R. Kelly,Lady Gaga
Taio Cruz,Lady Gaga
R. Kelly,Lady Gaga
Lady Gaga,The Midway State
R. Kelly,Lady Gaga
Lady Gaga,Christina Aguilera
Tony Bennett,Lady Gaga
R. Kelly,Lady Gaga
Lady Gaga,Christina Aguilera
Lady Gaga,Christina Aguilera
Lady Gaga,The Midway State
R. Kelly,Lady Gaga
R. Kelly,Lady Gaga
R. Kelly,Rick Ross
Lady Gaga,Rick Ross
Tony Bennett,Lady Gaga
R. Kelly,Lady Gaga
Lady Gaga,DJ ICE
Brian Newman,Lady Gaga
Lady Gaga,Christina Aguilera
The Pussycat Dolls,Rihanna
The Pussycat Dolls,Lady Gaga
Rihanna,Lady Gaga
Lady Gaga,Christina Aguilera
R. Kelly,Lady Gaga
The Rolling Stones,Lady Gaga
The Rolling Stones,Lady Gaga
Lady Gaga,Honey Dijon
Tony Bennett,Lady Gaga
Tony Bennett,Lady Gaga
Tony Bennett,Lady Gaga
Tony Bennett,Lady Gaga
Lady Gaga,Honey Dijon
Rina Sawayama,Lady Gaga
Joaquin Phoenix,Lady Gaga
The Rolling Stones,Lady Gaga
The Rolling Stones,Lady Gaga
Tony Bennett,Lady Gaga
Tony Bennett,Lady Gaga
Nile Rodgers,Lady Gaga
Nile Rodgers,Chic
Lady Gaga,Chic
Tony Bennett,Lady Gaga
Tony Bennett,Lady Gaga
Katy Perry,Flo Rida
Katy Perry,Lady Gaga
Flo Rida,Lady Gaga
Florence Welch,Lady Gaga
Tony Bennett,Lady Gaga
Lady Gaga,Elton John
Ye,Kid Cudi
Ye,Lady Gaga
Kid Cudi,Lady Gaga
Tony Bennett,Lady Gaga
Florence Welch,Lady Gaga
Tony Bennett,Lady Gaga
Tony Bennett,Lady Gaga
Tony Bennett,Lady Gaga
Tony Bennett,Lady Gaga
Joaquin Phoenix,Lady Gaga
Lady Gaga,Bradley Cooper
Tony Bennett,Lady Gaga
Lady Gaga,Bradley Cooper
Lady Gaga,Bradley Cooper
Lady Gaga,Bradley Cooper
Ye,Lady Gaga
Lady Gaga,Tiësto
Lady Gaga,Sneaky Sound System
Tiësto,Sneaky Sound System
Lady Gaga,Bradley Cooper
Tony Bennett,Lady Gaga
Tony Bennett,Lady Gaga
Tony Bennett,Lady Gaga
Two Door Cinema Club,Lady Gaga
Lady Gaga,Colby O’Donis
Lady Gaga,Colby O’Donis
Lady Gaga,DJ ICE
Lady Gaga,Colby O’Donis
Lady Gaga,Colby O’Donis
T.I.,Twista
T.I.,Too $hort
T.I.,Lady Gaga
Twista,Too $hort
Twista,Lady Gaga
Too $hort,Lady Gaga
Lady Gaga,Colby O’Donis
Tony Bennett,Lady Gaga
T.I.,Twista
T.I.,Too $hort
T.I.,Lady Gaga
Twista,Too $hort
Twista,Lady Gaga
Too $hort,Lady Gaga
Lady Gaga,Parralox
Lady Gaga,Colby O’Donis
Lady Gaga,Colby O’Donis
Tony Bennett,Lady Gaga
T.I.,Twista
T.I.,Too $hort
T.I.,Lady Gaga
Twista,Too $hort
Twista,Lady Gaga
Too $hort,Lady Gaga
Lady Gaga,Colby O’Donis
Tony Bennett,Lady Gaga
Akon,Lady Gaga
Lady Gaga,DJ Square
Lady Gaga,Michael Jackson
Lady Gaga,Colby O’Donis
Lady Gaga,Colby O’Donis
Lady Gaga,Colby O’Donis
T.I.,Twista
T.I.,Too $hort
T.I.,Lady Gaga
Twista,Too $hort
Twista,Lady Gaga
Too $hort,Lady Gaga
Lady Gaga,Colby O’Donis
Tony Bennett,Lady Gaga
T.I.,Twista
T.I.,Too $hort
T.I.,Lady Gaga
Twista,Too $hort
Twista,Lady Gaga
Too $hort,Lady Gaga
T.I.,Twista
T.I.,Too $hort
T.I.,Lady Gaga
Twista,Too $hort
Twista,Lady Gaga
Too $hort,Lady Gaga
Lady Gaga,Colby O’Donis
Tony Bennett,Lady Gaga
Jayko,Lady Gaga
Jayko,Colby O’Donis
Lady Gaga,Colby O’Donis
Lady Gaga,Colby O’Donis
Lady Gaga,Colby O’Donis
Lady Gaga,Kardinal Offishall
Lady Gaga,Colby O’Donis
Left at London,Lady Gaga
David Guetta,Usher
David Guetta,Jennifer Lopez
David Guetta,Nicki Minaj
David Guetta,Rihanna
David Guetta,Sean Kingston
David Guetta,Britney Spears
David Guetta,will.i.am
David Guetta,Pitbull
David Guetta,Lady Gaga
David Guetta,Alexis Jordan
Usher,Jennifer Lopez
Usher,Nicki Minaj
Usher,Rihanna
Usher,Sean Kingston
Usher,Britney Spears
Usher,will.i.am
Usher,Pitbull
Usher,Lady Gaga
Usher,Alexis Jordan
Jennifer Lopez,Nicki Minaj
Jennifer Lopez,Rihanna
Jennifer Lopez,Sean Kingston
Jennifer Lopez,Britney Spears
Jennifer Lopez,will.i.am
Jennifer Lopez,Pitbull
Jennifer Lopez,Lady Gaga
Jennifer Lopez,Alexis Jordan
Nicki Minaj,Rihanna
Nicki Minaj,Sean Kingston
Nicki Minaj,Britney Spears
Nicki Minaj,will.i.am
Nicki Minaj,Pitbull
Nicki Minaj,Lady Gaga
Nicki Minaj,Alexis Jordan
Rihanna,Sean Kingston
Rihanna,Britney Spears
Rihanna,will.i.am
Rihanna,Pitbull
Rihanna,Lady Gaga
Rihanna,Alexis Jordan
Sean Kingston,Britney Spears
Sean Kingston,will.i.am
Sean Kingston,Pitbull
Sean Kingston,Lady Gaga
Sean Kingston,Alexis Jordan
Britney Spears,will.i.am
Britney Spears,Pitbull
Britney Spears,Lady Gaga
Britney Spears,Alexis Jordan
will.i.am,Pitbull
will.i.am,Lady Gaga
will.i.am,Alexis Jordan
Pitbull,Lady Gaga
Pitbull,Alexis Jordan
Lady Gaga,Alexis Jordan
Lady Gaga,Colby O’Donis
Lady Gaga,Colby O’Donis
deadmau5,Lady Gaga
deadmau5,Colby O’Donis
Lady Gaga,Colby O’Donis
Lady Gaga,Colby O’Donis
Lady Gaga,Colby O’Donis
Tyler Woods,Lady Gaga
Tyler Woods,Dubmood
Lady Gaga,Dubmood
Lady Gaga,Colby O’Donis
Lady Gaga,Colby O’Donis
deadmau5,Lady Gaga
deadmau5,Colby O’Donis
Lady Gaga,Colby O’Donis
Lady Gaga,Colby O’Donis
Lady Gaga,Colby O’Donis
Lady Gaga,Colby O’Donis
Lady Gaga,Colby O’Donis
Lady Gaga,Colby O’Donis
Lady Gaga,Colby O’Donis
Lady Gaga,Madonna
Lady Gaga,Colby O’Donis
Lady Gaga,Colby O’Donis
Lady Gaga,Colby O’Donis
Lady Gaga,Colby O’Donis
Madonna,Lady Gaga
Madonna,Colby O’Donis
Lady Gaga,Colby O’Donis
Lady Gaga,Colby O’Donis
Lady Gaga,Colby O’Donis
Lady Gaga,DJ ICE
Lady Gaga,Kardinal Offishall
Lady Gaga,Colby O’Donis
Lady Gaga,Colby O’Donis
Lady Gaga,Colby O’Donis
WeDis,Young Thoro
WeDis,Ash King
WeDis,Lady Gaga
WeDis,Dee Lush
Young Thoro,Ash King
Young Thoro,Lady Gaga
Young Thoro,Dee Lush
Ash King,Lady Gaga
Ash King,Dee Lush
Lady Gaga,Dee Lush
Lady Gaga,Kalenna
Gesaffelstein,Lady Gaga
Lady Gaga,Colby O’Donis
Lady Gaga,Colby O’Donis
Lady Gaga,Colby O’Donis
Lady Gaga,Colby O’Donis
Lady Gaga,Colby O’Donis
Lady Gaga,Kardinal Offishall
Gesaffelstein,Lady Gaga
Lady Gaga,Colby O’Donis
David Guetta,Usher
David Guetta,Travie McCoy
David Guetta,GoonRock
David Guetta,Black Eyed Peas
David Guetta,Lauren Bennett
David Guetta,Kesha
David Guetta,Snoop Dogg
David Guetta,Flo Rida
David Guetta,CeeLo Green
David Guetta,Pitbull
David Guetta,LMFAO
David Guetta,Taio Cruz
David Guetta,Kylie Minogue
David Guetta,Lady Gaga
Usher,Travie McCoy
Usher,GoonRock
Usher,Black Eyed Peas
Usher,Lauren Bennett
Usher,Kesha
Usher,Snoop Dogg
Usher,Flo Rida
Usher,CeeLo Green
Usher,Pitbull
Usher,LMFAO
Usher,Taio Cruz
Usher,Kylie Minogue
Usher,Lady Gaga
Travie McCoy,GoonRock
Travie McCoy,Black Eyed Peas
Travie McCoy,Lauren Bennett
Travie McCoy,Kesha
Travie McCoy,Snoop Dogg
Travie McCoy,Flo Rida
Travie McCoy,CeeLo Green
Travie McCoy,Pitbull
Travie McCoy,LMFAO
Travie McCoy,Taio Cruz
Travie McCoy,Kylie Minogue
Travie McCoy,Lady Gaga
GoonRock,Black Eyed Peas
GoonRock,Lauren Bennett
GoonRock,Kesha
GoonRock,Snoop Dogg
GoonRock,Flo Rida
GoonRock,CeeLo Green
GoonRock,Pitbull
GoonRock,LMFAO
GoonRock,Taio Cruz
GoonRock,Kylie Minogue
GoonRock,Lady Gaga
Black Eyed Peas,Lauren Bennett
Black Eyed Peas,Kesha
Black Eyed Peas,Snoop Dogg
Black Eyed Peas,Flo Rida
Black Eyed Peas,CeeLo Green
Black Eyed Peas,Pitbull
Black Eyed Peas,LMFAO
Black Eyed Peas,Taio Cruz
Black Eyed Peas,Kylie Minogue
Black Eyed Peas,Lady Gaga
Lauren Bennett,Kesha
Lauren Bennett,Snoop Dogg
Lauren Bennett,Flo Rida
Lauren Bennett,CeeLo Green
Lauren Bennett,Pitbull
Lauren Bennett,LMFAO
Lauren Bennett,Taio Cruz
Lauren Bennett,Kylie Minogue
Lauren Bennett,Lady Gaga
Kesha,Snoop Dogg
Kesha,Flo Rida
Kesha,CeeLo Green
Kesha,Pitbull
Kesha,LMFAO
Kesha,Taio Cruz
Kesha,Kylie Minogue
Kesha,Lady Gaga
Snoop Dogg,Flo Rida
Snoop Dogg,CeeLo Green
Snoop Dogg,Pitbull
Snoop Dogg,LMFAO
Snoop Dogg,Taio Cruz
Snoop Dogg,Kylie Minogue
Snoop Dogg,Lady Gaga
Flo Rida,CeeLo Green
Flo Rida,Pitbull
Flo Rida,LMFAO
Flo Rida,Taio Cruz
Flo Rida,Kylie Minogue
Flo Rida,Lady Gaga
CeeLo Green,Pitbull
CeeLo Green,LMFAO
CeeLo Green,Taio Cruz
CeeLo Green,Kylie Minogue
CeeLo Green,Lady Gaga
Pitbull,LMFAO
Pitbull,Taio Cruz
Pitbull,Kylie Minogue
Pitbull,Lady Gaga
LMFAO,Taio Cruz
LMFAO,Kylie Minogue
LMFAO,Lady Gaga
Taio Cruz,Kylie Minogue
Taio Cruz,Lady Gaga
Kylie Minogue,Lady Gaga
Lady Gaga,Colby O’Donis
Lady Gaga,Colby O’Donis
Lady Gaga,Colby O’Donis
Lady Gaga,Colby O’Donis
Lady Gaga,Kardinal Offishall
Lady Gaga,Queen
Lady Gaga,Colby O’Donis
Lady Gaga,Kardinal Offishall
Lady Gaga,Colby O’Donis
Marilyn Manson,Lady Gaga
Tony Bennett,Lady Gaga
Lorne Balfe,Lady Gaga
Lorne Balfe,Hans Zimmer
Lorne Balfe,Harold Faltermeyer
Lady Gaga,Hans Zimmer
Lady Gaga,Harold Faltermeyer
Hans Zimmer,Harold Faltermeyer
Trina,Lady Gaga
Marilyn Manson,Lady Gaga
Tony Bennett,Lady Gaga
CJ Holland,Lady Gaga
Tony Bennett,Lady Gaga
Ye,Kid Cudi
Ye,Lady Gaga
Ye,Common
Kid Cudi,Lady Gaga
Kid Cudi,Common
Lady Gaga,Common
Tony Bennett,Lady Gaga
Tony Bennett,Lady Gaga
Tony Bennett,Lady Gaga
Lady Gaga,Madonna
BIGBANG,Lady Gaga
Ne‐Yo,Tyler Woods
Ne‐Yo,Lady Gaga
Tyler Woods,Lady Gaga
Lady Gaga,Bradley Cooper
Tony Bennett,Lady Gaga
Tony Bennett,Lady Gaga
Ray Lavender,Lady Gaga
Tony Bennett,Lady Gaga
Tony Bennett,Lady Gaga
Tony Bennett,Lady Gaga
Lady Gaga,DJ ICE
Lady Gaga,Michael Bolton
Lady Gaga,Bradley Cooper
Lady Gaga,Kendrick Lamar
Lorne Balfe,Lady Gaga
Lorne Balfe,Hans Zimmer
Lorne Balfe,Harold Faltermeyer
Lady Gaga,Hans Zimmer
Lady Gaga,Harold Faltermeyer
Hans Zimmer,Harold Faltermeyer
Lady Gaga,DJ ICE
Lana Del Rey,Lady Gaga
Lana Del Rey,Nicki Minaj
Lady Gaga,Nicki Minaj
Iggy Azalea,Nicki Minaj
Iggy Azalea,Lady Gaga
Nicki Minaj,Lady Gaga
JEBII,Lady Gaga
Justin Timberlake,Lady Gaga
Duran Duran,Lady Gaga
Lady Gaga,Dave Audé
Lady Gaga,Elton John
Sidney Samson,Lady Gaga
Ariana Grande,Lady Gaga
JEBII,Lady Gaga
Lady Gaga,Michael Jackson
Lady Gaga,Elton John
Lady Gaga,DJ ICE
Lady Gaga,Elton John
Lady Gaga,Tiësto
Lady Gaga,Queen
Tiësto,Queen
Ariana Grande,Lady Gaga
BLACKPINK,Lady Gaga
Lady Gaga,Bradley Cooper
Lady Gaga,Elton John
Lady Gaga,Bradley Cooper
BLACKPINK,Lady Gaga
Lady Gaga,Rodney Jerkins
Ariana Grande,Lady Gaga
Lady Gaga,Bradley Cooper
Ariana Grande,Lady Gaga
Ariana Grande,Lady Gaga
Lady Gaga,Rihanna
Ariana Grande,Lady Gaga
Ariana Grande,Lady Gaga
Ariana Grande,Lady Gaga
Ariana Grande,Lady Gaga
David Guetta,Akon
David Guetta,Lady Gaga
Akon,Lady Gaga
Ariana Grande,Lady Gaga
Lady Gaga,Elton John
Ariana Grande,Lady Gaga
Lady Gaga,Elton John
Azealia Banks,Lady Gaga
Ariana Grande,Lady Gaga
Lady Gaga,Elton John
Lady Gaga,Bradley Cooper
Ariana Grande,Lady Gaga
New Kids on the Block,Britney Spears
New Kids on the Block,Spice Girls
New Kids on the Block,Falco
New Kids on the Block,Sugababes
New Kids on the Block,GoonRock
New Kids on the Block,Black Eyed Peas
New Kids on the Block,Lauren Bennett
New Kids on the Block,2 Unlimited
New Kids on the Block,Steps
New Kids on the Block,Take That
New Kids on the Block,Madonna
New Kids on the Block,Michael Jackson
New Kids on the Block,Kylie Minogue
New Kids on the Block,LMFAO
New Kids on the Block,Lady Gaga
New Kids on the Block,Colby O’Donis
New Kids on the Block,Livin’ Joy
Britney Spears,Spice Girls
Britney Spears,Falco
Britney Spears,Sugababes
Britney Spears,GoonRock
Britney Spears,Black Eyed Peas
Britney Spears,Lauren Bennett
Britney Spears,2 Unlimited
Britney Spears,Steps
Britney Spears,Take That
Britney Spears,Madonna
Britney Spears,Michael Jackson
Britney Spears,Kylie Minogue
Britney Spears,LMFAO
Britney Spears,Lady Gaga
Britney Spears,Colby O’Donis
Britney Spears,Livin’ Joy
Spice Girls,Falco
Spice Girls,Sugababes
Spice Girls,GoonRock
Spice Girls,Black Eyed Peas
Spice Girls,Lauren Bennett
Spice Girls,2 Unlimited
Spice Girls,Steps
Spice Girls,Take That
Spice Girls,Madonna
Spice Girls,Michael Jackson
Spice Girls,Kylie Minogue
Spice Girls,LMFAO
Spice Girls,Lady Gaga
Spice Girls,Colby O’Donis
Spice Girls,Livin’ Joy
Falco,Sugababes
Falco,GoonRock
Falco,Black Eyed Peas
Falco,Lauren Bennett
Falco,2 Unlimited
Falco,Steps
Falco,Take That
Falco,Madonna
Falco,Michael Jackson
Falco,Kylie Minogue
Falco,LMFAO
Falco,Lady Gaga
Falco,Colby O’Donis
Falco,Livin’ Joy
Sugababes,GoonRock
Sugababes,Black Eyed Peas
Sugababes,Lauren Bennett
Sugababes,2 Unlimited
Sugababes,Steps
Sugababes,Take That
Sugababes,Madonna
Sugababes,Michael Jackson
Sugababes,Kylie Minogue
Sugababes,LMFAO
Sugababes,Lady Gaga
Sugababes,Colby O’Donis
Sugababes,Livin’ Joy
GoonRock,Black Eyed Peas
GoonRock,Lauren Bennett
GoonRock,2 Unlimited
GoonRock,Steps
GoonRock,Take That
GoonRock,Madonna
GoonRock,Michael Jackson
GoonRock,Kylie Minogue
GoonRock,LMFAO
GoonRock,Lady Gaga
GoonRock,Colby O’Donis
GoonRock,Livin’ Joy
Black Eyed Peas,Lauren Bennett
Black Eyed Peas,2 Unlimited
Black Eyed Peas,Steps
Black Eyed Peas,Take That
Black Eyed Peas,Madonna
Black Eyed Peas,Michael Jackson
Black Eyed Peas,Kylie Minogue
Black Eyed Peas,LMFAO
Black Eyed Peas,Lady Gaga
Black Eyed Peas,Colby O’Donis
Black Eyed Peas,Livin’ Joy
Lauren Bennett,2 Unlimited
Lauren Bennett,Steps
Lauren Bennett,Take That
Lauren Bennett,Madonna
Lauren Bennett,Michael Jackson
Lauren Bennett,Kylie Minogue
Lauren Bennett,LMFAO
Lauren Bennett,Lady Gaga
Lauren Bennett,Colby O’Donis
Lauren Bennett,Livin’ Joy
2 Unlimited,Steps
2 Unlimited,Take That
2 Unlimited,Madonna
2 Unlimited,Michael Jackson
2 Unlimited,Kylie Minogue
2 Unlimited,LMFAO
2 Unlimited,Lady Gaga
2 Unlimited,Colby O’Donis
2 Unlimited,Livin’ Joy
Steps,Take That
Steps,Madonna
Steps,Michael Jackson
Steps,Kylie Minogue
Steps,LMFAO
Steps,Lady Gaga
Steps,Colby O’Donis
Steps,Livin’ Joy
Take That,Madonna
Take That,Michael Jackson
Take That,Kylie Minogue
Take That,LMFAO
Take That,Lady Gaga
Take That,Colby O’Donis
Take That,Livin’ Joy
Madonna,Michael Jackson
Madonna,Kylie Minogue
Madonna,LMFAO
Madonna,Lady Gaga
Madonna,Colby O’Donis
Madonna,Livin’ Joy
Michael Jackson,Kylie Minogue
Michael Jackson,LMFAO
Michael Jackson,Lady Gaga
Michael Jackson,Colby O’Donis
Michael Jackson,Livin’ Joy
Kylie Minogue,LMFAO
Kylie Minogue,Lady Gaga
Kylie Minogue,Colby O’Donis
Kylie Minogue,Livin’ Joy
LMFAO,Lady Gaga
LMFAO,Colby O’Donis
LMFAO,Livin’ Joy
Lady Gaga,Colby O’Donis
Lady Gaga,Livin’ Joy
Colby O’Donis,Livin’ Joy
Ariana Grande,Lady Gaga
Lady Gaga,Bradley Cooper
Beyoncé,Lady Gaga
Beyoncé,Dua Lipa
Lady Gaga,Dua Lipa
Lady Gaga,Beyoncé
Lady Gaga,Beyoncé
Lady Gaga,Beyoncé
JYTR,Lady Gaga
DJ ICE,Lady Gaga
DJ ICE,Beyoncé
Lady Gaga,Beyoncé
The Rolling Stones,Lady Gaga
Lady Gaga,Beyoncé
The Rolling Stones,Lady Gaga
Lady Gaga,Beyoncé
Ellie Goulding,Louisa
Ellie Goulding,Martin Solveig
Ellie Goulding,Louis Tomlinson
Ellie Goulding,ALMA
Ellie Goulding,Lady Gaga
Ellie Goulding,JP Cooper
Ellie Goulding,Emeli Sandé
Ellie Goulding,Nick Jonas
Ellie Goulding,M.O.
Ellie Goulding,Calum Scott
Ellie Goulding,Clean Bandit
Ellie Goulding,Starley
Ellie Goulding,Demi Lovato
Ellie Goulding,Bastille
Ellie Goulding,Niall Horan
Ellie Goulding,Anne‐Marie
Ellie Goulding,Cheat Codes
Ellie Goulding,Zedd
Ellie Goulding,Ina Wroldsen
Ellie Goulding,Alessia Cara
Ellie Goulding,Take That
Ellie Goulding,Steve Aoki
Ellie Goulding,Sigma
Ellie Goulding,Sean Paul
Louisa,Martin Solveig
Louisa,Louis Tomlinson
Louisa,ALMA
Louisa,Lady Gaga
Louisa,JP Cooper
Louisa,Emeli Sandé
Louisa,Nick Jonas
Louisa,M.O.
Louisa,Calum Scott
Louisa,Clean Bandit
Louisa,Starley
Louisa,Demi Lovato
Louisa,Bastille
Louisa,Niall Horan
Louisa,Anne‐Marie
Louisa,Cheat Codes
Louisa,Zedd
Louisa,Ina Wroldsen
Louisa,Alessia Cara
Louisa,Take That
Louisa,Steve Aoki
Louisa,Sigma
Louisa,Sean Paul
Martin Solveig,Louis Tomlinson
Martin Solveig,ALMA
Martin Solveig,Lady Gaga
Martin Solveig,JP Cooper
Martin Solveig,Emeli Sandé
Martin Solveig,Nick Jonas
Martin Solveig,M.O.
Martin Solveig,Calum Scott
Martin Solveig,Clean Bandit
Martin Solveig,Starley
Martin Solveig,Demi Lovato
Martin Solveig,Bastille
Martin Solveig,Niall Horan
Martin Solveig,Anne‐Marie
Martin Solveig,Cheat Codes
Martin Solveig,Zedd
Martin Solveig,Ina Wroldsen
Martin Solveig,Alessia Cara
Martin Solveig,Take That
Martin Solveig,Steve Aoki
Martin Solveig,Sigma
Martin Solveig,Sean Paul
Louis Tomlinson,ALMA
Louis Tomlinson,Lady Gaga
Louis Tomlinson,JP Cooper
Louis Tomlinson,Emeli Sandé
Louis Tomlinson,Nick Jonas
Louis Tomlinson,M.O.
Louis Tomlinson,Calum Scott
Louis Tomlinson,Clean Bandit
Louis Tomlinson,Starley
Louis Tomlinson,Demi Lovato
Louis Tomlinson,Bastille
Louis Tomlinson,Niall Horan
Louis Tomlinson,Anne‐Marie
Louis Tomlinson,Cheat Codes
Louis Tomlinson,Zedd
Louis Tomlinson,Ina Wroldsen
Louis Tomlinson,Alessia Cara
Louis Tomlinson,Take That
Louis Tomlinson,Steve Aoki
Louis Tomlinson,Sigma
Louis Tomlinson,Sean Paul
ALMA,Lady Gaga
ALMA,JP Cooper
ALMA,Emeli Sandé
ALMA,Nick Jonas
ALMA,M.O.
ALMA,Calum Scott
ALMA,Clean Bandit
ALMA,Starley
ALMA,Demi Lovato
ALMA,Bastille
ALMA,Niall Horan
ALMA,Anne‐Marie
ALMA,Cheat Codes
ALMA,Zedd
ALMA,Ina Wroldsen
ALMA,Alessia Cara
ALMA,Take That
ALMA,Steve Aoki
ALMA,Sigma
ALMA,Sean Paul
Lady Gaga,JP Cooper
Lady Gaga,Emeli Sandé
Lady Gaga,Nick Jonas
Lady Gaga,M.O.
Lady Gaga,Calum Scott
Lady Gaga,Clean Bandit
Lady Gaga,Starley
Lady Gaga,Demi Lovato
Lady Gaga,Bastille
Lady Gaga,Niall Horan
Lady Gaga,Anne‐Marie
Lady Gaga,Cheat Codes
Lady Gaga,Zedd
Lady Gaga,Ina Wroldsen
Lady Gaga,Alessia Cara
Lady Gaga,Take That
Lady Gaga,Steve Aoki
Lady Gaga,Sigma
Lady Gaga,Sean Paul
JP Cooper,Emeli Sandé
JP Cooper,Nick Jonas
JP Cooper,M.O.
JP Cooper,Calum Scott
JP Cooper,Clean Bandit
JP Cooper,Starley
JP Cooper,Demi Lovato
JP Cooper,Bastille
JP Cooper,Niall Horan
JP Cooper,Anne‐Marie
JP Cooper,Cheat Codes
JP Cooper,Zedd
JP Cooper,Ina Wroldsen
JP Cooper,Alessia Cara
JP Cooper,Take That
JP Cooper,Steve Aoki
JP Cooper,Sigma
JP Cooper,Sean Paul
Emeli Sandé,Nick Jonas
Emeli Sandé,M.O.
Emeli Sandé,Calum Scott
Emeli Sandé,Clean Bandit
Emeli Sandé,Starley
Emeli Sandé,Demi Lovato
Emeli Sandé,Bastille
Emeli Sandé,Niall Horan
Emeli Sandé,Anne‐Marie
Emeli Sandé,Cheat Codes
Emeli Sandé,Zedd
Emeli Sandé,Ina Wroldsen
Emeli Sandé,Alessia Cara
Emeli Sandé,Take That
Emeli Sandé,Steve Aoki
Emeli Sandé,Sigma
Emeli Sandé,Sean Paul
Nick Jonas,M.O.
Nick Jonas,Calum Scott
Nick Jonas,Clean Bandit
Nick Jonas,Starley
Nick Jonas,Demi Lovato
Nick Jonas,Bastille
Nick Jonas,Niall Horan
Nick Jonas,Anne‐Marie
Nick Jonas,Cheat Codes
Nick Jonas,Zedd
Nick Jonas,Ina Wroldsen
Nick Jonas,Alessia Cara
Nick Jonas,Take That
Nick Jonas,Steve Aoki
Nick Jonas,Sigma
Nick Jonas,Sean Paul
M.O.,Calum Scott
M.O.,Clean Bandit
M.O.,Starley
M.O.,Demi Lovato
M.O.,Bastille
M.O.,Niall Horan
M.O.,Anne‐Marie
M.O.,Cheat Codes
M.O.,Zedd
M.O.,Ina Wroldsen
M.O.,Alessia Cara
M.O.,Take That
M.O.,Steve Aoki
M.O.,Sigma
M.O.,Sean Paul
Calum Scott,Clean Bandit
Calum Scott,Starley
Calum Scott,Demi Lovato
Calum Scott,Bastille
Calum Scott,Niall Horan
Calum Scott,Anne‐Marie
Calum Scott,Cheat Codes
Calum Scott,Zedd
Calum Scott,Ina Wroldsen
Calum Scott,Alessia Cara
Calum Scott,Take That
Calum Scott,Steve Aoki
Calum Scott,Sigma
Calum Scott,Sean Paul
Clean Bandit,Starley
Clean Bandit,Demi Lovato
Clean Bandit,Bastille
Clean Bandit,Niall Horan
Clean Bandit,Anne‐Marie
Clean Bandit,Cheat Codes
Clean Bandit,Zedd
Clean Bandit,Ina Wroldsen
Clean Bandit,Alessia Cara
Clean Bandit,Take That
Clean Bandit,Steve Aoki
Clean Bandit,Sigma
Clean Bandit,Sean Paul
Starley,Demi Lovato
Starley,Bastille
Starley,Niall Horan
Starley,Anne‐Marie
Starley,Cheat Codes
Starley,Zedd
Starley,Ina Wroldsen
Starley,Alessia Cara
Starley,Take That
Starley,Steve Aoki
Starley,Sigma
Starley,Sean Paul
Demi Lovato,Bastille
Demi Lovato,Niall Horan
Demi Lovato,Anne‐Marie
Demi Lovato,Cheat Codes
Demi Lovato,Zedd
Demi Lovato,Ina Wroldsen
Demi Lovato,Alessia Cara
Demi Lovato,Take That
Demi Lovato,Steve Aoki
Demi Lovato,Sigma
Demi Lovato,Sean Paul
Bastille,Niall Horan
Bastille,Anne‐Marie
Bastille,Cheat Codes
Bastille,Zedd
Bastille,Ina Wroldsen
Bastille,Alessia Cara
Bastille,Take That
Bastille,Steve Aoki
Bastille,Sigma
Bastille,Sean Paul
Niall Horan,Anne‐Marie
Niall Horan,Cheat Codes
Niall Horan,Zedd
Niall Horan,Ina Wroldsen
Niall Horan,Alessia Cara
Niall Horan,Take That
Niall Horan,Steve Aoki
Niall Horan,Sigma
Niall Horan,Sean Paul
Anne‐Marie,Cheat Codes
Anne‐Marie,Zedd
Anne‐Marie,Ina Wroldsen
Anne‐Marie,Alessia Cara
Anne‐Marie,Take That
Anne‐Marie,Steve Aoki
Anne‐Marie,Sigma
Anne‐Marie,Sean Paul
Cheat Codes,Zedd
Cheat Codes,Ina Wroldsen
Cheat Codes,Alessia Cara
Cheat Codes,Take That
Cheat Codes,Steve Aoki
Cheat Codes,Sigma
Cheat Codes,Sean Paul
Zedd,Ina Wroldsen
Zedd,Alessia Cara
Zedd,Take That
Zedd,Steve Aoki
Zedd,Sigma
Zedd,Sean Paul
Ina Wroldsen,Alessia Cara
Ina Wroldsen,Take That
Ina Wroldsen,Steve Aoki
Ina Wroldsen,Sigma
Ina Wroldsen,Sean Paul
Alessia Cara,Take That
Alessia Cara,Steve Aoki
Alessia Cara,Sigma
Alessia Cara,Sean Paul
Take That,Steve Aoki
Take That,Sigma
Take That,Sean Paul
Steve Aoki,Sigma
Steve Aoki,Sean Paul
Sigma,Sean Paul
BLACKPINK,Lady Gaga
BLACKPINK,Lady Gaga
Lorne Balfe,Lady Gaga
Lorne Balfe,Hans Zimmer
Lorne Balfe,Harold Faltermeyer
Lady Gaga,Hans Zimmer
Lady Gaga,Harold Faltermeyer
Hans Zimmer,Harold Faltermeyer
Space Cowboy,Flo Rida
Space Cowboy,Lady Gaga
Flo Rida,Lady Gaga
BLACKPINK,Lady Gaga
Lady Gaga,Beyoncé
Space Cowboy,Flo Rida
Space Cowboy,Lady Gaga
Flo Rida,Lady Gaga
Eurythmics,Lady Gaga
Lady Gaga,Beyoncé
Keri Hilson,Lady Gaga
Lady Gaga,Beyoncé
Space Cowboy,Flo Rida
Space Cowboy,Lady Gaga
Flo Rida,Lady Gaga
Lady Gaga,Beyoncé
Lady Gaga,Beyoncé
Lady Gaga,Beyoncé
The Rolling Stones,Lady Gaga
Lady Gaga,Beyoncé
The Rolling Stones,Lady Gaga
Lady Gaga,Beyoncé
The Rolling Stones,Lady Gaga
Space Cowboy,Flo Rida
Space Cowboy,Lady Gaga
Flo Rida,Lady Gaga
The Rolling Stones,Lady Gaga
Lady Gaga,Beyoncé
Lady Gaga,Beyoncé
Lady Gaga,Beyoncé
Lady Gaga,Beyoncé
Lady Gaga,Beyoncé
Lady Gaga,Beyoncé
Lady Gaga,Beyoncé
Lady Gaga,Beyoncé
Lady Gaga,Beyoncé
Lady Gaga,Beyoncé
Lady Gaga,Beyoncé
Lady Gaga,Beyoncé
Lady Gaga,Kelly Clarkson
Lady Gaga,Beyoncé
Lady Gaga,Beyoncé
Lady Gaga,Beyoncé
Lady Gaga,Beyoncé
Lady Gaga,Beyoncé
Lady Gaga,DJ ICE
Lady Gaga,Beyoncé
Lady Gaga,Beyoncé
Lady Gaga,Beyoncé
Lady Gaga,Beyoncé
Lady Gaga,Beyoncé
Lady Gaga,Beyoncé
Lady Gaga,Beyoncé
Lady Gaga,Vespers
Lady Gaga,Beyoncé
Lady Gaga,Beyoncé
Lady Gaga,Beyoncé
Lady Gaga,Beyoncé
Lady Gaga,Beyoncé
Tony Bennett,Lady Gaga
Lady Gaga,The Weeknd
Lorne Balfe,Lady Gaga
Lorne Balfe,Hans Zimmer
Lorne Balfe,Harold Faltermeyer
Lady Gaga,Hans Zimmer
Lady Gaga,Harold Faltermeyer
Hans Zimmer,Harold Faltermeyer
Lady Gaga,DJ ICE
Lady Gaga,Beyoncé
Andrea Bocelli,John Legend
Andrea Bocelli,Lang Lang
Andrea Bocelli,Lady Gaga
Andrea Bocelli,Céline Dion
John Legend,Lang Lang
John Legend,Lady Gaga
John Legend,Céline Dion
Lang Lang,Lady Gaga
Lang Lang,Céline Dion
Lady Gaga,Céline Dion
Tony Bennett,Lady Gaga
Tony Bennett,Lady Gaga
Tony Bennett,Lady Gaga
The Muppets,Tony Bennett
The Muppets,Lady Gaga
Tony Bennett,Lady Gaga
Lady Gaga,Beyoncé
The Muppets,Tony Bennett
The Muppets,Lady Gaga
Tony Bennett,Lady Gaga
Tony Bennett,Lady Gaga
Lina Morgana,Lady Gaga
Lady Gaga,Beyoncé
Nadia Rose,Kideko
Nadia Rose,George Kwali
Nadia Rose,Lady Gaga
Nadia Rose,Calvin Harris
Nadia Rose,Sweetie Irie
Kideko,George Kwali
Kideko,Lady Gaga
Kideko,Calvin Harris
Kideko,Sweetie Irie
George Kwali,Lady Gaga
George Kwali,Calvin Harris
George Kwali,Sweetie Irie
Lady Gaga,Calvin Harris
Lady Gaga,Sweetie Irie
Calvin Harris,Sweetie Irie
Lorne Balfe,Lady Gaga
Lorne Balfe,Hans Zimmer
Lorne Balfe,Harold Faltermeyer
Lady Gaga,Hans Zimmer
Lady Gaga,Harold Faltermeyer
Hans Zimmer,Harold Faltermeyer
Lady Gaga,Beyoncé
Tony Bennett,Lady Gaga
Joaquin Phoenix,Lady Gaga
Spice Girls,Lady Gaga
Coldplay,Lady Gaga
Tony Bennett,Lady Gaga
Ariana Grande,Lady Gaga
Lorne Balfe,Lady Gaga
Lorne Balfe,Hans Zimmer
Lorne Balfe,Harold Faltermeyer
Lady Gaga,Hans Zimmer
Lady Gaga,Harold Faltermeyer
Hans Zimmer,Harold Faltermeyer
Pitbull,Lady Gaga
Pitbull,Madonna
Lady Gaga,Madonna
Tony Bennett,Lady Gaga
Eddy B & Tim Gunter,Coldplay
Coldplay,We Are KING
Coldplay,Jacob Collier
We Are KING,Jacob Collier
Coldplay,We Are KING
Coldplay,Jacob Collier
We Are KING,Jacob Collier
Coldplay,We Are KING
Drake,Coldplay
Coldplay,CAJOR
Jon Hopkins,Coldplay
PNAU,Coldplay
Harald Revery,Coldplay
Richard Ashcroft,Coldplay
Angel Moon,Coldplay
2Pac,Coldplay
Richard Ashcroft,Coldplay
Coldplay,Rhythms del Mundo
Buena Vista Social Club,Coldplay
Big Narstie,Coldplay
Lele,Coldplay
Lele,Rhythms del Mundo
Coldplay,Rhythms del Mundo
Coldplay,Matt Caseli
Coldplay,Danny Freakazoid
Matt Caseli,Danny Freakazoid
Coldplay,Craig David
Alicia Keys,Coldplay
Dizzee Rascal,Coldplay
Drake,Coldplay
Elisa,Coldplay
Swedish House Mafia,Coldplay
Swedish House Mafia,Coldplay
Swedish House Mafia,Coldplay
Swedish House Mafia,Coldplay
Coldplay,Zerb
AC/DC,Coldplay
AC/DC,2 Unlimited
Coldplay,2 Unlimited
Coldplay,"Albert Hammond, Jr."
Aylen,Coldplay
Deniz Koyu,Karmin
Deniz Koyu,Coldplay
Deniz Koyu,Kap Slap
Karmin,Coldplay
Karmin,Kap Slap
Coldplay,Kap Slap
Coldplay,Tove Lo
Drake,Lil Wayne
Drake,Ye
Drake,Eminem
Drake,Coldplay
Lil Wayne,Ye
Lil Wayne,Eminem
Lil Wayne,Coldplay
Ye,Eminem
Ye,Coldplay
Eminem,Coldplay
Mr. Thing,Coldplay
Mr. Thing,Coldplay
Coldplay,dead prez
Coldplay,Ayra Starr
Coldplay,Rick Ross
Coldplay,Plan B
Rick Ross,Plan B
Coldplay,Beyoncé
Coldplay,Beyoncé
Coldplay,Beyoncé
Coldplay,Tiësto
Coldplay,Kat Krazy
Coldplay,Beyoncé
Coldplay,Beyoncé
Coldplay,Beyoncé
Coldplay,Beyoncé
Coldplay,Alan Walker
Coldplay,Beyoncé
Coldplay,Michael Stipe
Selena Gomez,Coldplay
Coldplay,H.E.R.
Selena Gomez,Coldplay
Coldplay,Michael Stipe
Selena Gomez,Coldplay
Selena Gomez,Coldplay
Selena Gomez,Coldplay
Coldplay,Kylie Minogue
JAY‐Z,Coldplay
Noel Gallagher,Coldplay
Drake,Coldplay
JAY‐Z,Coldplay
Selena Gomez,Coldplay
JAY‐Z,Coldplay
JAY‐Z,Coldplay
Dirty South,Coldplay
Dirty South,Sebastian Ingrosso
Coldplay,Sebastian Ingrosso
Stromae,Riot Games Music Team
Stromae,Arcane
Stromae,Elyanna
Stromae,Pomme
Stromae,Coldplay
Riot Games Music Team,Arcane
Riot Games Music Team,Elyanna
Riot Games Music Team,Pomme
Riot Games Music Team,Coldplay
Arcane,Elyanna
Arcane,Pomme
Arcane,Coldplay
Elyanna,Pomme
Elyanna,Coldplay
Pomme,Coldplay
Coldplay,Big Sean
Coldplay,Big Sean
Coldplay,Kygo
Coldplay,BTS
Coldplay,Michael Stipe
Coldplay,BTS
Coldplay,BTS
Coldplay,BTS
Coldplay,BTS
Drake,Coldplay
Drake,Birdman
Drake,Lil Wayne
Coldplay,Birdman
Coldplay,Lil Wayne
Birdman,Lil Wayne
Coldplay,BTS
Coldplay,BTS
Coldplay,BTS
Coldplay,Michael Eavis
Coldplay,BTS
Coldplay,BTS
Coldplay,BTS
Swedish House Mafia,Coldplay
Swedish House Mafia,Knife Party
Coldplay,Knife Party
Hardwell,Jeff Doubleu
Hardwell,Coldplay
Hardwell,Skitzofrenix
Jeff Doubleu,Coldplay
Jeff Doubleu,Skitzofrenix
Coldplay,Skitzofrenix
Coldplay,Rihanna
Coldplay,Rihanna
Coldplay,Rihanna
Coldplay,Rihanna
Coldplay,Rihanna
Coldplay,Rihanna
Coldplay,Rihanna
Coldplay,Rihanna
Coldplay,Rihanna
Coldplay,Rihanna
Coldplay,Rihanna
Michael Calfan,Coldplay
Drake,Coldplay
Drake,Timbaland
Coldplay,Timbaland
Coldplay,Afrojack
Coldplay,Gabriel & Dresden
Sean Paul,Anne‐Marie
Sean Paul,Coldplay
Anne‐Marie,Coldplay
Coldplay,Je’kob
Moby,Coldplay
Moby,Coldplay
J. Cole,Cults
J. Cole,Amber Coffman
J. Cole,Coldplay
Cults,Amber Coffman
Cults,Coldplay
Amber Coffman,Coldplay
Maur,Coldplay
Maur,R3WIRE
Maur,Faber
Coldplay,R3WIRE
Coldplay,Faber
R3WIRE,Faber
Coldplay,The Chainsmokers
Coldplay,The Chainsmokers
Avicii,Coldplay
Avicii,The Chainsmokers
Coldplay,The Chainsmokers
Coldplay,The Chainsmokers
Coldplay,The Chainsmokers
Coldplay,The Chainsmokers
Coldplay,The Chainsmokers
Coldplay,The Chainsmokers
Coldplay,The Chainsmokers
Coldplay,The Chainsmokers
Coldplay,The Chainsmokers
Coldplay,The Chainsmokers
Coldplay,The Chainsmokers
Coldplay,The Chainsmokers
Coldplay,The Chainsmokers
Coldplay,The Chainsmokers
Coldplay,The Chainsmokers
Coldplay,The Chainsmokers
Coldplay,The Chainsmokers
Coldplay,The Chainsmokers
Coldplay,The Chainsmokers
Coldplay,The Chainsmokers
Coldplay,The Chainsmokers
Coldplay,The Chainsmokers
Coldplay,The Chainsmokers
Coldplay,The Chainsmokers
Barry Gibb,Coldplay
Big Narstie,Coldplay
Barry Gibb,Coldplay
Drake,Trey Songz
Drake,Coldplay
Trey Songz,Coldplay
Coldplay,Max Graham
Drake,Coldplay
Drake,Silver Medallion
Drake,Page
Coldplay,Silver Medallion
Coldplay,Page
Silver Medallion,Page
Drake,Coldplay
Coldplay,Max Graham
JAY‐Z,Coldplay
Barry Gibb,Coldplay
Coldplay,Elton John
Drake,Coldplay
The Undertones,Coldplay
Lil Wayne,Coldplay
Michael Woods,Coldplay
Michael Woods,Chicane
Coldplay,Chicane
Coldplay,Lady Gaga
Burna Boy,Elyanna
Burna Boy,TINI
Burna Boy,Coldplay
Burna Boy,Little Simz
Elyanna,TINI
Elyanna,Coldplay
Elyanna,Little Simz
TINI,Coldplay
TINI,Little Simz
Coldplay,Little Simz
Burna Boy,Elyanna
Burna Boy,TINI
Burna Boy,Coldplay
Burna Boy,TWICE
Burna Boy,Little Simz
Elyanna,TINI
Elyanna,Coldplay
Elyanna,TWICE
Elyanna,Little Simz
TINI,Coldplay
TINI,TWICE
TINI,Little Simz
Coldplay,TWICE
Coldplay,Little Simz
TWICE,Little Simz
Burna Boy,Elyanna
Burna Boy,TINI
Burna Boy,Coldplay
Burna Boy,Little Simz
Elyanna,TINI
Elyanna,Coldplay
Elyanna,Little Simz
TINI,Coldplay
TINI,Little Simz
Coldplay,Little Simz
Coldplay,Dinka
Coldplay,Calvin Harris
Coldplay,Rihanna
Dinka,Calvin Harris
Dinka,Rihanna
Calvin Harris,Rihanna
Burna Boy,Elyanna
Burna Boy,TINI
Burna Boy,Coldplay
Burna Boy,Little Simz
Elyanna,TINI
Elyanna,Coldplay
Elyanna,Little Simz
TINI,Coldplay
TINI,Little Simz
Coldplay,Little Simz
Burna Boy,Elyanna
Burna Boy,TINI
Burna Boy,Coldplay
Burna Boy,Little Simz
Elyanna,TINI
Elyanna,Coldplay
Elyanna,Little Simz
TINI,Coldplay
TINI,Little Simz
Coldplay,Little Simz
Burna Boy,Elyanna
Burna Boy,TINI
Burna Boy,Coldplay
Burna Boy,Little Simz
Elyanna,TINI
Elyanna,Coldplay
Elyanna,Little Simz
TINI,Coldplay
TINI,Little Simz
Coldplay,Little Simz
Bono,Coldplay
Cat Power,Coldplay
John Farnham,Coldplay
Lyrics Born,Zion I
Lyrics Born,Coldplay
Lyrics Born,The Grouch
Zion I,Coldplay
Zion I,The Grouch
Coldplay,The Grouch
Drake,Tinashe
Drake,ScHoolboy Q
Tinashe,ScHoolboy Q
Drake,Static Major
Drake,Ty Dolla $ign
Static Major,Ty Dolla $ign
Drake,2 Chainz
Drake,Future
Drake,DJ Esco
2 Chainz,Future
2 Chainz,DJ Esco
Future,DJ Esco
Drake,Birdman
Drake,Imran Khan
Drake,Birdman
Future,2 Chainz
Future,Drake
2 Chainz,Drake
Drake,Young Thug
Drake,Future
Young Thug,Future
Drake,Dinamarca
Drake,Popcaan
Drake,The Game
Drake,4batz
Drake,Lloyd
Drake,Nickelus F
Drake,DJ Smallz
Nickelus F,DJ Smallz
Drake,Lykke Li
Drake,Birdman
Drake,Lil Wayne
Birdman,Lil Wayne
Drake,Coldplay
Drake,Trey Songz
Drake,DJ Smallz
Trey Songz,DJ Smallz
Drake,Lloyd
Drake,Lil Rake
Drake,2 Chainz
Drake,Big Sean
2 Chainz,Big Sean
Drake,Smiley
Drake,Tinashe
Drake,Detail
Drake,Sampha
Drake,Birdman
Drake,Lil Wayne
Birdman,Lil Wayne
Drake,The Game
Drake,Smiley
Drake,4batz
Drake,2 Chainz
Drake,Big Sean
2 Chainz,Big Sean
Drake,Static Major
Drake,Ty Dolla $ign
Static Major,Ty Dolla $ign
Drake,4batz
Drake,Sampha
Drake,The Game
Drake,Lloyd
Drake,Detail
Lil Wayne,Drake
Drake,Cookin’ Soul
Drake,DrewsDatDude
Drake,McClenney
DrewsDatDude,McClenney
Drake,Nickelus F
Drake,DJ Smallz
Nickelus F,DJ Smallz
Drake,Popcaan
Drake,2 Chainz
Drake,Big Sean
2 Chainz,Big Sean
Drake,The Game
Drake,Tinashe
Drake,ScHoolboy Q
Tinashe,ScHoolboy Q
Drake,Gucci Mane
Drake,Meek Mill
Drake,Big Sean
Drake,Lil Wayne
Big Sean,Lil Wayne
Drake,Rick Ross
Drake,Chrisette Michele
Rick Ross,Chrisette Michele
Lil Wayne,Drake
Lil Wayne,Nicki Minaj
Lil Wayne,Tyga
Lil Wayne,Jae Millz
Lil Wayne,Gudda Gudda
Drake,Nicki Minaj
Drake,Tyga
Drake,Jae Millz
Drake,Gudda Gudda
Nicki Minaj,Tyga
Nicki Minaj,Jae Millz
Nicki Minaj,Gudda Gudda
Tyga,Jae Millz
Tyga,Gudda Gudda
Jae Millz,Gudda Gudda
Lil Wayne,Drake
Lil Wayne,Nicki Minaj
Lil Wayne,Tyga
Lil Wayne,Jae Millz
Lil Wayne,Gudda Gudda
Lil Wayne,Lloyd
Drake,Nicki Minaj
Drake,Tyga
Drake,Jae Millz
Drake,Gudda Gudda
Drake,Lloyd
Nicki Minaj,Tyga
Nicki Minaj,Jae Millz
Nicki Minaj,Gudda Gudda
Nicki Minaj,Lloyd
Tyga,Jae Millz
Tyga,Gudda Gudda
Tyga,Lloyd
Jae Millz,Gudda Gudda
Jae Millz,Lloyd
Gudda Gudda,Lloyd
Drake,Slakah the Beatchild
Drake,DJ Smallz
Slakah the Beatchild,DJ Smallz
Drake,Teezo Touchdown
Drake,Meek Mill
Drake,The Game
Meek Mill,The Game
Drake,Nicki Minaj
Drake,Lil Yachty
Drake,Yeat
Drake,Lil Yachty
Drake,John Legend
Drake,The‐Dream
Drake,Fergie
Drake,Kid Cudi
Drake,Rihanna
Drake,Ryan Leslie
Drake,Ye
Drake,Tony Williams
Drake,Elton John
Drake,Alicia Keys
Drake,Elly Jackson
Drake,Charlie Wilson
John Legend,The‐Dream
John Legend,Fergie
John Legend,Kid Cudi
John Legend,Rihanna
John Legend,Ryan Leslie
John Legend,Ye
John Legend,Tony Williams
John Legend,Elton John
John Legend,Alicia Keys
John Legend,Elly Jackson
John Legend,Charlie Wilson
The‐Dream,Fergie
The‐Dream,Kid Cudi
The‐Dream,Rihanna
The‐Dream,Ryan Leslie
The‐Dream,Ye
The‐Dream,Tony Williams
The‐Dream,Elton John
The‐Dream,Alicia Keys
The‐Dream,Elly Jackson
The‐Dream,Charlie Wilson
Fergie,Kid Cudi
Fergie,Rihanna
Fergie,Ryan Leslie
Fergie,Ye
Fergie,Tony Williams
Fergie,Elton John
Fergie,Alicia Keys
Fergie,Elly Jackson
Fergie,Charlie Wilson
Kid Cudi,Rihanna
Kid Cudi,Ryan Leslie
Kid Cudi,Ye
Kid Cudi,Tony Williams
Kid Cudi,Elton John
Kid Cudi,Alicia Keys
Kid Cudi,Elly Jackson
Kid Cudi,Charlie Wilson
Rihanna,Ryan Leslie
Rihanna,Ye
Rihanna,Tony Williams
Rihanna,Elton John
Rihanna,Alicia Keys
Rihanna,Elly Jackson
Rihanna,Charlie Wilson
Ryan Leslie,Ye
Ryan Leslie,Tony Williams
Ryan Leslie,Elton John
Ryan Leslie,Alicia Keys
Ryan Leslie,Elly Jackson
Ryan Leslie,Charlie Wilson
Ye,Tony Williams
Ye,Elton John
Ye,Alicia Keys
Ye,Elly Jackson
Ye,Charlie Wilson
Tony Williams,Elton John
Tony Williams,Alicia Keys
Tony Williams,Elly Jackson
Tony Williams,Charlie Wilson
Elton John,Alicia Keys
Elton John,Elly Jackson
Elton John,Charlie Wilson
Alicia Keys,Elly Jackson
Alicia Keys,Charlie Wilson
Elly Jackson,Charlie Wilson
Drake,R. Kelly
Drake,Meek Mill
Drake,Jeremih
Meek Mill,Jeremih
Drake,Ye
Drake,Tony Williams
Ye,Tony Williams
Lil Wayne,Rihanna
Lil Wayne,Big Sean
Lil Wayne,Drake
Rihanna,Big Sean
Rihanna,Drake
Big Sean,Drake
Drake,Rick Ross
Drake,Chrisette Michele
Rick Ross,Chrisette Michele
Drake,Slakah the Beatchild
Drake,Rick Ross
Drake,Chrisette Michele
Rick Ross,Chrisette Michele
Drake,Rick Ross
Drake,Chrisette Michele
Rick Ross,Chrisette Michele
Drake,Meek Mill
Drake,Jeremih
Meek Mill,Jeremih
Drake,Future
Drake,2 Chainz
Drake,Big Sean
2 Chainz,Big Sean
Drake,Lil Wayne
Drake,Foz Tee
Lil Wayne,Foz Tee
Drake,Meek Mill
Lil Wayne,Ye
Lil Wayne,Big Sean
Lil Wayne,Drake
Ye,Big Sean
Ye,Drake
Big Sean,Drake
Drake,Rick Ross
Drake,Chrisette Michele
Rick Ross,Chrisette Michele
Drake,Rick Ross
Drake,Chrisette Michele
Rick Ross,Chrisette Michele
Lil Wayne,Drake
Lil Wayne,Lloyd
Lil Wayne,Drake
Lloyd,Drake
Drake,Kendrick Lamar
Drake,Elton John
Kendrick Lamar,Elton John
Lil Wayne,Lloyd
Lil Wayne,Drake
Lloyd,Drake
Drake,Chief Keef
Drake,Iamkeynotes
Lil Wayne,Drake
Drake,Dan Mason
Drake,Chief Keef
Drake,Meek Mill
Lil Wayne,Drake
Lil Wayne,Lloyd
Lil Wayne,Drake
Lloyd,Drake
Drake,Yeat
Drake,Yeat
Thai Viet G,Drake
Lil Wayne,Big Sean
Lil Wayne,Drake
Big Sean,Drake
Drake,Gucci Mane
Drake,Gucci Mane
Drake,Meek Mill
Drake,Jeremih
Meek Mill,Jeremih
Drake,Teezo Touchdown
Drake,Nicki Minaj
Drake,Meek Mill
Drake,Lil Wayne
Drake,2 Chainz
Drake,Big Sean
2 Chainz,Big Sean
Drake,Gucci Mane
Lil Wayne,Drake
Lil Wayne,Drake
Drake,DJ Smallz
Drake,Voyce
DJ Smallz,Voyce
Drake,Lil Wayne
Drake,Sister Nancy
Drake,Tom Tom Club
Drake,Cutty Ranks
Lil Wayne,Sister Nancy
Lil Wayne,Tom Tom Club
Lil Wayne,Cutty Ranks
Sister Nancy,Tom Tom Club
Sister Nancy,Cutty Ranks
Tom Tom Club,Cutty Ranks
Drake,Ye
Drake,Big Sean
Ye,Big Sean
Drake,Trippie Redd
Young Thug,Travis Scott
Young Thug,Drake
Travis Scott,Drake
Drake,2 Chainz
Drake,Quavo
2 Chainz,Quavo
Drake,Colin Munroe
Drake,Jae Millz
Drake,Gudda Gudda
Drake,Colin Munroe
Jae Millz,Gudda Gudda
Jae Millz,Colin Munroe
Gudda Gudda,Colin Munroe
Drake,Ye
Drake,Big Sean
Ye,Big Sean
Drake,Cookin’ Soul
Drake,Future
Drake,2 Chainz
Drake,Big Sean
Drake,21 Savage
Drake,Kendrick Lamar
Drake,Nicki Minaj
Drake,Benny the Butcher
Drake,Beyoncé
Drake,Future
Drake,Future
Drake,R. Kelly
Drake,Gucci Mane
Drake,Lil Wayne
R. Kelly,Gucci Mane
R. Kelly,Lil Wayne
Gucci Mane,Lil Wayne
Drake,Colin Munroe
Drake,GAZZI
Drake,Ye
Drake,Big Sean
Ye,Big Sean
Drake,Lil Wayne
Drake,Ye
Drake,Big Sean
Ye,Big Sean
Drake,Beyoncé
Lil Wayne,Future
Lil Wayne,Drake
Future,Drake
Drake,21 Savage
Drake,2 Chainz
Drake,Swizz Beatz
Drake,Sal Houdini
Drake,Beyoncé
Sal Houdini,Beyoncé
Drake,Busta Rhymes
Drake,Gucci Mane
Drake,Colin Munroe
Drake,Future
Drake,Future
Young Thug,Travis Scott
Young Thug,Drake
Travis Scott,Drake
Drake,Big Sean
Drake,Omarion
Drake,Kendrick Lamar
Drake,Future
Drake,Lil Wayne
Drake,Trouble
Drake,Mike WiLL Made‐It
Trouble,Mike WiLL Made‐It
Drake,Penguin Prison
Drake,iLoveMakonnen
Penguin Prison,iLoveMakonnen
Drake,2 Chainz
Lil Wayne,Future
Lil Wayne,Drake
Future,Drake
Lil Wayne,Drake
Drake,Gucci Mane
Drake,Big Sean
Drake,PARTYNEXTDOOR
Drake,Ye
Drake,Big Sean
Ye,Big Sean
Drake,Justin Timberlake
Drake,21 Savage
Drake,21 Savage
Drake,Future
Drake,Beyoncé
Future,Drake
Drake,2 Chainz
Drake,Quavo
2 Chainz,Quavo
Drake,Rapture
Drake,Beyoncé
Drake,2 Chainz
Drake,Quavo
2 Chainz,Quavo
Drake,Omarion
Drake,Trouble
Drake,Nicki Minaj
Drake,Gucci Mane
Drake,Lil Wayne
Gucci Mane,Lil Wayne
Drake,Justin Timberlake
Drake,2 Chainz
Drake,Quavo
2 Chainz,Quavo
Drake,Tank
Drake,Jack Harlow
Drake,Travis Scott
Drake,Travis Scott
Drake,PARTYNEXTDOOR
Drake,21 Savage
Drake,Andreena Mill
Drake,GIVĒON
Drake,Olivia
Drake,PARTYNEXTDOOR
Drake,Future
Drake,The Lifestyle
Drake,The Game
The Lifestyle,The Game
Drake,PARTYNEXTDOOR
Drake,PARTYNEXTDOOR
Drake,DJ S.R.
Drake,Tank
DJ S.R.,Tank
Drake,Jack Harlow
Drake,The Weeknd
Drake,Trey Songz
Drake,Nicki Minaj
Drake,Jeezy
Drake,Nas
Nicki Minaj,Jeezy
Nicki Minaj,Nas
Jeezy,Nas
Drake,DJ Smallz
Drake,Nicki Minaj
Drake,Jeezy
Drake,Nas
Nicki Minaj,Jeezy
Nicki Minaj,Nas
Jeezy,Nas
Drake,The Game
Drake,Nicki Minaj
Drake,Jeezy
Drake,Nas
Nicki Minaj,Jeezy
Nicki Minaj,Nas
Jeezy,Nas
Drake,Future
Drake,The PropheC
Drake,The Weeknd
The PropheC,The Weeknd
Drake,The Weeknd
Drake,The Weeknd
Drake,GIVĒON
Drake,DJ Smallz
Drake,Jack Harlow
Drake,Tank
Drake,The Weeknd
Drake,The Weeknd
Drake,The Weeknd
Drake,Nicki Minaj
Drake,Jeezy
Drake,Nas
Nicki Minaj,Jeezy
Nicki Minaj,Nas
Jeezy,Nas
Drake,Nicki Minaj
Drake,Jeezy
Drake,Nas
Nicki Minaj,Jeezy
Nicki Minaj,Nas
Jeezy,Nas
Drake,PARTYNEXTDOOR
Drake,Andreena Mill
Drake,The Weeknd
Drake,Popcaan
Drake,PARTYNEXTDOOR
Drake,Nicki Minaj
Drake,Jeezy
Drake,Nas
Nicki Minaj,Jeezy
Nicki Minaj,Nas
Jeezy,Nas
Drake,PARTYNEXTDOOR
Drake,PARTYNEXTDOOR
Drake,PARTYNEXTDOOR
Drake,Andreena Mill
Drake,Future
Drake,Popcaan
Drake,The Weeknd
Drake,Wizkid
Drake,Kyoko
Drake,21 Savage
Drake,Future
Drake,GIVĒON
Drake,The Weeknd
Drake,PARTYNEXTDOOR
Drake,High Park
Drake,Future
Drake,Rick Ross
Drake,Wale
Rick Ross,Wale
Drake,Fabolous
Drake,T.I.
Drake,Ye
Drake,Rick Ross
Drake,André 3000
Drake,Chris Brown
Fabolous,T.I.
Fabolous,Ye
Fabolous,Rick Ross
Fabolous,André 3000
Fabolous,Chris Brown
T.I.,Ye
T.I.,Rick Ross
T.I.,André 3000
T.I.,Chris Brown
Ye,Rick Ross
Ye,André 3000
Ye,Chris Brown
Rick Ross,André 3000
Rick Ross,Chris Brown
André 3000,Chris Brown
Drake,Lil Wayne
Drake,The Weeknd
Lil Wayne,The Weeknd
Drake,Ye
Drake,André 3000
Drake,Chris Brown
Ye,André 3000
Ye,Chris Brown
André 3000,Chris Brown
Future,Young Thug
Future,Drake
Young Thug,Drake
Drake,Stevie Wonder
Drake,Preme
Drake,Future
Preme,Future
Drake,Clipse
Drake,DJ Smallz
Drake,Roy Woods
Drake,OutKast
Drake,Fabolous
Drake,T.I.
Drake,Ye
Drake,Chris Brown
OutKast,Fabolous
OutKast,T.I.
OutKast,Ye
OutKast,Chris Brown
Fabolous,T.I.
Fabolous,Ye
Fabolous,Chris Brown
T.I.,Ye
T.I.,Chris Brown
Ye,Chris Brown
Drake,Future
Drake,Mila J
Drake,Future
Mila J,Future
Drake,Roy Woods
Drake,The‐Dream
Drake,Ye
Drake,Jamie Foxx
The‐Dream,Ye
The‐Dream,Jamie Foxx
Ye,Jamie Foxx
Drake,Preme
Drake,Future
Preme,Future
Drake,FS Green
Drake,Dwele
Drake,Don Mayor
Drake,Little Brother
FS Green,Dwele
FS Green,Don Mayor
FS Green,Little Brother
Dwele,Don Mayor
Dwele,Little Brother
Don Mayor,Little Brother
Drake,Future
Drake,Michael Jackson
Wale,Rick Ross
Wale,Drake
Rick Ross,Drake
Drake,The‐Dream
Drake,Ye
Drake,Jamie Foxx
The‐Dream,Ye
The‐Dream,Jamie Foxx
Ye,Jamie Foxx
Drake,The Weeknd
Drake,Mila J
Drake,Future
Mila J,Future
Drake,Preme
Drake,Future
Preme,Future
Drake,Jai Paul
Drake,Charli xcx
Jai Paul,Charli xcx
Drake,Fabolous
Drake,T.I.
Drake,Ye
Drake,Rick Ross
Drake,André 3000
Drake,Chris Brown
Fabolous,T.I.
Fabolous,Ye
Fabolous,Rick Ross
Fabolous,André 3000
Fabolous,Chris Brown
T.I.,Ye
T.I.,Rick Ross
T.I.,André 3000
T.I.,Chris Brown
Ye,Rick Ross
Ye,André 3000
Ye,Chris Brown
Rick Ross,André 3000
Rick Ross,Chris Brown
André 3000,Chris Brown
Drake,Yebba
Drake,PARTYNEXTDOOR
Yebba,PARTYNEXTDOOR
Drake,Future
Drake,Stevie Wonder
Drake,Yebba
Drake,PARTYNEXTDOOR
Yebba,PARTYNEXTDOOR
Drake,Future
Drake,Julia Wolf
Drake,Yeat
Julia Wolf,Yeat
Drake,Future
Drake,Sosa Geek
Drake,Fivio Foreign
Sosa Geek,Fivio Foreign
Drake,Ye
Drake,Chris Brown
Drake,Lil Wayne
Ye,Chris Brown
Ye,Lil Wayne
Chris Brown,Lil Wayne
Drake,Future
Future,Verse Simmonds
Future,Drake
Verse Simmonds,Drake
Wale,Rick Ross
Wale,Drake
Rick Ross,Drake
Drake,Dwele
Drake,Little Brother
Dwele,Little Brother
Drake,Ye
Drake,Chris Brown
Ye,Chris Brown
Drake,Future
Drake,DJ Smallz
Jay Sean,Akon
Jay Sean,Drake
Jay Sean,Lil Wayne
Akon,Drake
Akon,Lil Wayne
Drake,Lil Wayne
Wale,Rick Ross
Wale,Drake
Rick Ross,Drake
Drake,Nickelus F
Drake,Clipse
Nickelus F,Clipse
Drake,Preme
Drake,Future
Preme,Future
Future,Young Thug
Future,Drake
Young Thug,Drake
Drake,Future
Drake,The‐Dream
Drake,Ye
Drake,Jamie Foxx
The‐Dream,Ye
The‐Dream,Jamie Foxx
Ye,Jamie Foxx
Drake,Future
Drake,DJ Smallz
Drake,vvsvlogs
Drake,Ye
Drake,MrBeast
vvsvlogs,Ye
vvsvlogs,MrBeast
Ye,MrBeast
Wale,Rick Ross
Wale,Drake
Rick Ross,Drake
Drake,Sosa Geek
Drake,Fivio Foreign
Sosa Geek,Fivio Foreign
Drake,DJ Smallz
Drake,T.I.
Drake,Swizz Beatz
T.I.,Swizz Beatz
Drake,T.I.
Drake,Swizz Beatz
Drake,Mary J. Blige
T.I.,Swizz Beatz
T.I.,Mary J. Blige
Swizz Beatz,Mary J. Blige
Lil Wayne,Jae Millz
Lil Wayne,Mack Maine
Lil Wayne,Drake
Jae Millz,Mack Maine
Jae Millz,Drake
Mack Maine,Drake
Drake,Young Money
Lil Wayne,Drake
Drake,J. Cole
Drake,Richie Sosa
Drake,Slakah the Beatchild
Drake,dvsn
Drake,Pimp C
dvsn,Pimp C
Drake,Yo Majesty
Drake,Aaliyah
Drake,T.I.
Drake,Swizz Beatz
T.I.,Swizz Beatz
Lil Wayne,Jae Millz
Lil Wayne,Gudda Gudda
Lil Wayne,Drake
Jae Millz,Gudda Gudda
Jae Millz,Drake
Gudda Gudda,Drake
Drake,Travis Scott
Drake,The Weeknd
Drake,T.I.
Drake,Swizz Beatz
Drake,Doc Roc
T.I.,Swizz Beatz
T.I.,Doc Roc
Swizz Beatz,Doc Roc
Drake,k‐os
Drake,Sean Garrett
Lil Wayne,Drake
Drake,Richie Sosa
Drake,Coldplay
Drake,Pimp C
Lil Wayne,Drake
Lil Wayne,Mack Maine
Lil Wayne,Jae Millz
Lil Wayne,Gudda Gudda
Drake,Mack Maine
Drake,Jae Millz
Drake,Gudda Gudda
Mack Maine,Jae Millz
Mack Maine,Gudda Gudda
Jae Millz,Gudda Gudda
Drake,DJ S.R.
Drake,J.U.S.T.I.C.E. League
Drake,Rick Ross
J.U.S.T.I.C.E. League,Rick Ross
Lil Wayne,Drake
Drake,Aaliyah
Drake,Aaliyah
Drake,J. Cole
Drake,dvsn
Drake,Pimp C
dvsn,Pimp C
Drake,JAY‐Z
Drake,Swizz Beatz
JAY‐Z,Swizz Beatz
Drake,Slakah the Beatchild
Drake,Keshia Chanté
Drake,Kevin o Chris
Drake,J. Cole
Drake,Jim Jones
Drake,Collie Buddz
Drake,Dr. Dre
Drake,Birdman
Drake,JAY‐Z
Drake,The Glitch Mob
Drake,The Game
Jim Jones,Collie Buddz
Jim Jones,Dr. Dre
Jim Jones,Birdman
Jim Jones,JAY‐Z
Jim Jones,The Glitch Mob
Jim Jones,The Game
Collie Buddz,Dr. Dre
Collie Buddz,Birdman
Collie Buddz,JAY‐Z
Collie Buddz,The Glitch Mob
Collie Buddz,The Game
Dr. Dre,Birdman
Dr. Dre,JAY‐Z
Dr. Dre,The Glitch Mob
Dr. Dre,The Game
Birdman,JAY‐Z
Birdman,The Glitch Mob
Birdman,The Game
JAY‐Z,The Glitch Mob
JAY‐Z,The Game
The Glitch Mob,The Game
Lil Wayne,Drake
Lil Wayne,Usher
Lil Wayne,DJ Khaled
Lil Wayne,Rick Ross
Lil Wayne,Jeezy
Drake,Usher
Drake,DJ Khaled
Drake,Rick Ross
Drake,Jeezy
Usher,DJ Khaled
Usher,Rick Ross
Usher,Jeezy
DJ Khaled,Rick Ross
DJ Khaled,Jeezy
Rick Ross,Jeezy
Drake,Radio Slave
Drake,Kendrick Lamar
Radio Slave,Kendrick Lamar
Drake,T.I.
Drake,Swizz Beatz
T.I.,Swizz Beatz
Drake,Travis Scott
Lil Wayne,Jae Millz
Lil Wayne,Gudda Gudda
Lil Wayne,Drake
Jae Millz,Gudda Gudda
Jae Millz,Drake
Gudda Gudda,Drake
Drake,Usher
Drake,DJ Khaled
Drake,Rick Ross
Drake,Jeezy
Usher,DJ Khaled
Usher,Rick Ross
Usher,Jeezy
DJ Khaled,Rick Ross
DJ Khaled,Jeezy
Rick Ross,Jeezy
Drake,DJ Smallz
Drake,T.I.
Drake,Swizz Beatz
T.I.,Swizz Beatz
Drake,A$AP Rocky
Drake,2 Chainz
Drake,Kendrick Lamar
A$AP Rocky,2 Chainz
A$AP Rocky,Kendrick Lamar
2 Chainz,Kendrick Lamar
Drake,T.I.
Drake,Swizz Beatz
T.I.,Swizz Beatz
Drake,Saukrates
Drake,King Reign
Saukrates,King Reign
Lil Wayne,Drake
Lil Wayne,Mack Maine
Lil Wayne,Jae Millz
Lil Wayne,Gudda Gudda
Drake,Mack Maine
Drake,Jae Millz
Drake,Gudda Gudda
Mack Maine,Jae Millz
Mack Maine,Gudda Gudda
Jae Millz,Gudda Gudda
Drake,Usher
Drake,DJ Khaled
Drake,Rick Ross
Drake,Jeezy
Usher,DJ Khaled
Usher,Rick Ross
Usher,Jeezy
DJ Khaled,Rick Ross
DJ Khaled,Jeezy
Rick Ross,Jeezy
Drake,J.U.S.T.I.C.E. League
Drake,Rick Ross
J.U.S.T.I.C.E. League,Rick Ross
Drake,Sean Garrett
Drake,Jamie Foxx
Drake,k‐os
Drake,Lil Wayne
Young Money,Drake
Young Money,Lil Wayne
Young Money,Mack Maine
Young Money,Jae Millz
Young Money,Gudda Gudda
Drake,Lil Wayne
Drake,Mack Maine
Drake,Jae Millz
Drake,Gudda Gudda
Lil Wayne,Mack Maine
Lil Wayne,Jae Millz
Lil Wayne,Gudda Gudda
Mack Maine,Jae Millz
Mack Maine,Gudda Gudda
Jae Millz,Gudda Gudda
Drake,Usher
Drake,Lil Wayne
Drake,DJ Khaled
Drake,Rick Ross
Drake,Jeezy
Usher,Lil Wayne
Usher,DJ Khaled
Usher,Rick Ross
Usher,Jeezy
Lil Wayne,DJ Khaled
Lil Wayne,Rick Ross
Lil Wayne,Jeezy
DJ Khaled,Rick Ross
DJ Khaled,Jeezy
Rick Ross,Jeezy
Drake,J. Cole
Drake,Hood Guy
Drake,J. Cole
Drake,Future
Drake,Quavo
Drake,Trae
Drake,Rick Ross
Drake,Tems
Drake,Ye
Drake,Eminem
Drake,Lil Wayne
Ye,Eminem
Ye,Lil Wayne
Eminem,Lil Wayne
Drake,Ye
Drake,Lil Wayne
Ye,Lil Wayne
Drake,DJ Khaled
Drake,Nut Da Kidd
Drake,Lil Wayne
Nut Da Kidd,Lil Wayne
Future,Drake
Drake,Ye
Drake,Eminem
Drake,Lil Wayne
Ye,Eminem
Ye,Lil Wayne
Eminem,Lil Wayne
Drake,Rick Ross
Drake,Jhené Aiko
Drake,Ye
Drake,Travis Scott
Drake,Ye
Drake,Eminem
Drake,Lil Wayne
Ye,Eminem
Ye,Lil Wayne
Eminem,Lil Wayne
Drake,Ye
Drake,Eminem
Drake,Lil Wayne
Ye,Eminem
Ye,Lil Wayne
Eminem,Lil Wayne
Drake,DJ Khaled
Drake,Tems
Drake,Jhené Aiko
Drake,Jason Eric
Drake,Travis Scott
Jason Eric,Travis Scott
Drake,Ye
Drake,Eminem
Drake,Lil Wayne
Ye,Eminem
Ye,Lil Wayne
Eminem,Lil Wayne
Eminem,Drake
Drake,DJ Smoke
Drake,Nicki Minaj
Drake,Chief Keef
Nicki Minaj,Chief Keef
Drake,Ye
Drake,Eminem
Drake,Lil Wayne
Ye,Eminem
Ye,Lil Wayne
Eminem,Lil Wayne
Drake,Alicia Keys
Drake,J. Cole
Lil Wayne,Drake
Lil Wayne,Busta Rhymes
Lil Wayne,Daft Punk
Lil Wayne,The Glitch Mob
Lil Wayne,The Game
Drake,Busta Rhymes
Drake,Daft Punk
Drake,The Glitch Mob
Drake,The Game
Busta Rhymes,Daft Punk
Busta Rhymes,The Glitch Mob
Busta Rhymes,The Game
Daft Punk,The Glitch Mob
Daft Punk,The Game
The Glitch Mob,The Game
Drake,Rick Ross
Drake,Rick Ross
Nosaj Thing,Lil Wayne
Nosaj Thing,Drake
Nosaj Thing,Ye
Nosaj Thing,Eminem
Lil Wayne,Drake
Lil Wayne,Ye
Lil Wayne,Eminem
Drake,Ye
Drake,Eminem
Ye,Eminem
Eminem,Ye
Eminem,Lil Wayne
Eminem,Drake
Ye,Lil Wayne
Ye,Drake
Lil Wayne,Drake
Drake,Ye
Drake,Eminem
Drake,Lil Wayne
Ye,Eminem
Ye,Lil Wayne
Eminem,Lil Wayne
Drake,Ye
Drake,Eminem
Drake,Lil Wayne
Ye,Eminem
Ye,Lil Wayne
Eminem,Lil Wayne
Drake,J. Cole
Drake,Alicia Keys
Drake,Ye
Lil Wayne,Drake
Lil Wayne,Mack Maine
Lil Wayne,Jae Millz
Lil Wayne,Gudda Gudda
Drake,Mack Maine
Drake,Jae Millz
Drake,Gudda Gudda
Mack Maine,Jae Millz
Mack Maine,Gudda Gudda
Jae Millz,Gudda Gudda
Drake,A$AP Rocky
Drake,2 Chainz
Drake,Kendrick Lamar
A$AP Rocky,2 Chainz
A$AP Rocky,Kendrick Lamar
2 Chainz,Kendrick Lamar
Eminem,Drake
Drake,Ye
Drake,Eminem
Drake,Lil Wayne
Ye,Eminem
Ye,Lil Wayne
Eminem,Lil Wayne
Future,Drake
Drake,Ye
Drake,Eminem
Drake,Lil Wayne
Ye,Eminem
Ye,Lil Wayne
Eminem,Lil Wayne
Drake,Lil Wayne
Drake,Ye
Drake,Eminem
Drake,Coldplay
Lil Wayne,Ye
Lil Wayne,Eminem
Lil Wayne,Coldplay
Ye,Eminem
Ye,Coldplay
Eminem,Coldplay
lil catgirl,Drake
Drake,Rick Ross
Drake,Consequence
Rick Ross,Consequence
Drake,Ye
Drake,Eminem
Drake,Lil Wayne
Ye,Eminem
Ye,Lil Wayne
Eminem,Lil Wayne
Drake,Ye
Drake,Eminem
Drake,Lil Wayne
Ye,Eminem
Ye,Lil Wayne
Eminem,Lil Wayne
Drake,Alicia Keys
Drake,Jhené Aiko
Drake,Ye
Drake,Eminem
Drake,Lil Wayne
Ye,Eminem
Ye,Lil Wayne
Eminem,Lil Wayne
Lil Wayne,Future
Lil Wayne,Drake
Future,Drake
Drake,Ty Dolla $ign
Drake,James Fauntleroy
Drake,Rebstar Rock City
Drake,Jhené Aiko
Drake,Rick Ross
Drake,Lloyd
Drake,Babylon
Drake,Lil Baby
Drake,Belly
Drake,Jhené Aiko
Drake,Meek Mill
Drake,Lil Mosquito Disease
Drake,The Weeknd
Drake,The Game
Lil Wayne,Drake
Lil Wayne,Drake
Lil Wayne,Drake
Drake,Future
Drake,Babylon
Drake,Cookin’ Soul
Drake,Future
Drake,PARTYNEXTDOOR
Drake,James Fauntleroy
Drake,Bad Bunny
Drake,Summer Walker
Drake,Summer Walker
Lil Wayne,Drake
Drake,PARTYNEXTDOOR
Drake,Ye
Drake,The Game
Drake,Summer Walker
Drake,Bad Bunny
Drake,Ye
Drake,Jorja Smith
Drake,Black Coffee
Jorja Smith,Black Coffee
Drake,Future
Drake,Lil Wayne
Drake,Bad Bunny
Drake,DJ Khaled
Lil Wayne,Drake
Drake,A$AP Rocky
Drake,2 Chainz
Drake,Kendrick Lamar
A$AP Rocky,2 Chainz
A$AP Rocky,Kendrick Lamar
2 Chainz,Kendrick Lamar
Drake,Ye
Drake,Trey Songz
Drake,Ye
Drake,A$AP Rocky
Drake,2 Chainz
Drake,Kendrick Lamar
A$AP Rocky,2 Chainz
A$AP Rocky,Kendrick Lamar
2 Chainz,Kendrick Lamar
Drake,Jhené Aiko
Drake,Ty Dolla $ign
Drake,A$AP Rocky
Drake,2 Chainz
Drake,Kendrick Lamar
A$AP Rocky,2 Chainz
A$AP Rocky,Kendrick Lamar
2 Chainz,Kendrick Lamar
Drake,9th Wonder
Drake,Jorja Smith
Drake,Black Coffee
Jorja Smith,Black Coffee
Drake,Slim Thug
Drake,Timbaland
Slim Thug,Timbaland
Drake,PARTYNEXTDOOR
Drake,Meek Mill
Drake,A$AP Rocky
Drake,2 Chainz
Drake,Kendrick Lamar
A$AP Rocky,2 Chainz
A$AP Rocky,Kendrick Lamar
2 Chainz,Kendrick Lamar
Drake,James Fauntleroy
Drake,Rick Ross
Drake,9th Wonder
Drake,Lil Baby
Drake,Meek Mill
Drake,Vini Vici
Meek Mill,Vini Vici
Lil Wayne,Drake
Lil Wayne,Nicki Minaj
Lil Wayne,Birdman
Lil Wayne,Gudda Gudda
Drake,Nicki Minaj
Drake,Birdman
Drake,Gudda Gudda
Nicki Minaj,Birdman
Nicki Minaj,Gudda Gudda
Birdman,Gudda Gudda
Drake,Jhené Aiko
Drake,A$AP Rocky
Drake,2 Chainz
A$AP Rocky,2 Chainz
Drake,Jorja Smith
Drake,Black Coffee
Jorja Smith,Black Coffee
Drake,Trey Songz
Drake,Camila Cabello
Drake,Gordo
Drake,Migos
Drake,Lil Wayne
Drake,James Blake
Drake,Migos
Drake,Lil Wayne
Drake,Major Lazer
Drake,La Roux
Major Lazer,La Roux
Drake,Lil Wayne
Drake,Majid Jordan
Drake,Sizzla
Drake,Majid Jordan
Drake,Latto
Drake,Majid Jordan
Drake,Travis Scott
Drake,Young Thug
Travis Scott,Young Thug
Lil Wayne,Drake
Drake,Lil Wayne
Drake,Kidd Kidd
Drake,Lil Wayne
Kidd Kidd,Lil Wayne
Drake,Majid Jordan
Drake,Camila Cabello
Drake,Majid Jordan
Lil Wayne,Drake
Wale,Drake
Wale,Fabolous
Wale,JAY‐Z
Wale,Page
Wale,The Glitch Mob
Wale,The Game
Drake,Fabolous
Drake,JAY‐Z
Drake,Page
Drake,The Glitch Mob
Drake,The Game
Fabolous,JAY‐Z
Fabolous,Page
Fabolous,The Glitch Mob
Fabolous,The Game
JAY‐Z,Page
JAY‐Z,The Glitch Mob
JAY‐Z,The Game
Page,The Glitch Mob
Page,The Game
The Glitch Mob,The Game
Drake,Lil Wayne
Drake,Ye
Drake,Kendrick Lamar
Drake,MC Eiht
Ye,Kendrick Lamar
Ye,MC Eiht
Kendrick Lamar,MC Eiht
Drake,Kehlani
Drake,Charlie Puth
Kehlani,Charlie Puth
Drake,Majid Jordan
Drake,Migos
Drake,21 Savage
Lil Wayne,Drake
Drake,Latto
Drake,Latto
Drake,JAY‐Z
Drake,Jeezy
Drake,OutKast
JAY‐Z,Jeezy
JAY‐Z,OutKast
Jeezy,OutKast
Drake,Majid Jordan
Drake,Majid Jordan
Drake,Majid Jordan
Drake,Majid Jordan
Drake,Majid Jordan
Drake,Lil Wayne
Lil Wayne,Drake
Drake,Lil Wayne
Drake,21 Savage
Drake,JAY‐Z
Drake,Jeezy
JAY‐Z,Jeezy
Drake,DJ Khaled
Drake,Rick Ross
Drake,Lil Wayne
DJ Khaled,Rick Ross
DJ Khaled,Lil Wayne
Rick Ross,Lil Wayne
Drake,DJ Khaled
Drake,Rick Ross
Drake,Lil Wayne
DJ Khaled,Rick Ross
DJ Khaled,Lil Wayne
Rick Ross,Lil Wayne
Drake,Big Page
Lil Wayne,Drake
Drake,Big Page
Drake,Kid Cudi
Drake,Belly
Drake,Kevin Cossom
Drake,Jeezy
Drake,Lil Wayne
Jeezy,Lil Wayne
Drake,Future
Drake,Lil Wayne
Drake,Gucci Mane
Drake,Sean Garrett
Gucci Mane,Sean Garrett
Lil Wayne,Drake
Drake,Lil Wayne
Drake,DJ Hard Hitta
Drake,Rick Ross
Drake,Trae
Lil Wayne,DJ Hard Hitta
Lil Wayne,Rick Ross
Lil Wayne,Trae
DJ Hard Hitta,Rick Ross
DJ Hard Hitta,Trae
Rick Ross,Trae
Future,Drake
Drake,DJ Khaled
Drake,Rick Ross
Drake,Lil Wayne
DJ Khaled,Rick Ross
DJ Khaled,Lil Wayne
Rick Ross,Lil Wayne
Future,Drake
Lil Wayne,Truth
Lil Wayne,DJ Capcom
Lil Wayne,Drake
Truth,DJ Capcom
Truth,Drake
DJ Capcom,Drake
Drake,Lil Wayne
Drake,DJ Khaled
Drake,Rick Ross
Drake,Lil Wayne
DJ Khaled,Rick Ross
DJ Khaled,Lil Wayne
Rick Ross,Lil Wayne
Drake,DJ Khaled
Drake,KillaGraham
Drake,Lil Wayne
DJ Khaled,KillaGraham
DJ Khaled,Lil Wayne
KillaGraham,Lil Wayne
Drake,Jeezy
Drake,Lil Wayne
Jeezy,Lil Wayne
Drake,2 Chainz
Drake,Lil Wayne
2 Chainz,Lil Wayne
Drake,Future
Drake,Rick Ross
Drake,DJ Khaled
Drake,Rick Ross
Drake,Lil Wayne
DJ Khaled,Rick Ross
DJ Khaled,Lil Wayne
Rick Ross,Lil Wayne
Drake,Jeezy
Drake,Lil Wayne
Jeezy,Lil Wayne
Drake,DJ Khaled
Drake,Rick Ross
Drake,Lil Wayne
DJ Khaled,Rick Ross
DJ Khaled,Lil Wayne
Rick Ross,Lil Wayne
Drake,Young Thug
Drake,Gucci Mane
Drake,Sean Garrett
Gucci Mane,Sean Garrett
Drake,GIVĒON
Drake,Lil Durk
GIVĒON,Lil Durk
Drake,Lil Wayne
Drake,DJ Khaled
Drake,Rick Ross
Drake,Lil Wayne
DJ Khaled,Rick Ross
DJ Khaled,Lil Wayne
Rick Ross,Lil Wayne
Drake,Lil Wayne
Drake,Big Sloan
Drake,D-Rado
Drake,Lil Wayne
Big Sloan,D-Rado
Big Sloan,Lil Wayne
D-Rado,Lil Wayne
Lil Wayne,Drake
Drake,Romeo
Drake,Kevin Cossom
Lil Wayne,Drake
Drake,DJ Khaled
Drake,Rick Ross
Drake,Lil Wayne
DJ Khaled,Rick Ross
DJ Khaled,Lil Wayne
Rick Ross,Lil Wayne
Drake,Yeat
Drake,DJ Khaled
Drake,Rick Ross
Drake,Lil Wayne
DJ Khaled,Rick Ross
DJ Khaled,Lil Wayne
Rick Ross,Lil Wayne
Drake,DJ Khaled
Drake,Rick Ross
Drake,Lil Wayne
DJ Khaled,Rick Ross
DJ Khaled,Lil Wayne
Rick Ross,Lil Wayne
Drake,Lil Wayne
Drake,Lil Wayne
Lil Wayne,Drake
Drake,2 Chainz
Drake,Lil Wayne
2 Chainz,Lil Wayne
Drake,DJ Khaled
Drake,Rick Ross
Drake,Lil Wayne
DJ Khaled,Rick Ross
DJ Khaled,Lil Wayne
Rick Ross,Lil Wayne
Drake,Jeremih
Drake,Nut Da Kidd
Drake,Lil Wayne
Nut Da Kidd,Lil Wayne
Drake,Jeezy
Drake,[unknown]
Drake,Lil Wayne
Jeezy,[unknown]
Jeezy,Lil Wayne
[unknown],Lil Wayne
Drake,Future
Drake,Young Thug
Future,Drake
Lil Wayne,Rick Ross
Lil Wayne,Drake
Rick Ross,Drake
Future,Drake
Drake,Trey Songz
Drake,Big Page
PAGE,Drake
Drake,DJ Khaled
Lil Wayne,Jeezy
Lil Wayne,Drake
Jeezy,Drake
Drake,Belly
Drake,Alicia Myers
Drake,J Hus
Alicia Myers,J Hus
Drake,GIVĒON
Drake,Lil Durk
GIVĒON,Lil Durk
Drake,Young Thug
Drake,Kid Cudi
Lil Wayne,DJ Khaled
Lil Wayne,Rick Ross
Lil Wayne,Drake
DJ Khaled,Rick Ross
DJ Khaled,Drake
Rick Ross,Drake
Drake,Yeat
Drake,Trey Songz
Drake,Lil Wayne
Drake,Future
Lil Wayne,Jeezy
Lil Wayne,Drake
Jeezy,Drake
Drake,Lil Wayne
Drake,Big Page
Drake,Future
Drake,Giggs
Drake,Bun B
Drake,Future
Drake,Trey Songz
Drake,21 Savage
Drake,Jaye
Lil Wayne,Jadakiss
Lil Wayne,Drake
Jadakiss,Drake
Drake,J. Cole
Drake,J. Cole
Drake,Giggs
Drake,J. Cole
Drake,Nipsey Hussle
Drake,Sturge
Drake,ANF
Drake,Andre Ossit
Drake,Future
Sturge,ANF
Sturge,Andre Ossit
Sturge,Future
ANF,Andre Ossit
ANF,Future
Andre Ossit,Future
Drake,Future
Drake,Lupe Fiasco
Drake,DJ Smallz
Lupe Fiasco,DJ Smallz
Drake,Young Thug
Drake,21 Savage
Young Thug,21 Savage
Drake,Omarion
Drake,J. Cole
Drake,Fabolous
Omarion,J. Cole
Omarion,Fabolous
J. Cole,Fabolous
Drake,J. Cole
Drake,J. Cole
Drake,Jhené Aiko
Drake,Future
Future,Rick Ross
Future,Drake
Rick Ross,Drake
Drake,21 Savage
Drake,J. Cole
Drake,2Pac
Drake,DJ Smallz
Drake,Future
Drake,Future
Drake,Giggs
Drake,Nipsey Hussle
Drake,Young Thug
Drake,21 Savage
Young Thug,21 Savage
Drake,Future
Drake,Future
Drake,Future
Drake,Future
Drake,J. Cole
Lil Wayne,Jadakiss
Lil Wayne,Drake
Jadakiss,Drake
Drake,Lil Wayne
Drake,Project Pat
Drake,21 Savage
Project Pat,21 Savage
Drake,JAY‐Z
Drake,James Fauntleroy
Drake,Timbaland
JAY‐Z,James Fauntleroy
JAY‐Z,Timbaland
James Fauntleroy,Timbaland
Lil Wayne,Jadakiss
Lil Wayne,Drake
Jadakiss,Drake
Drake,Project Pat
Drake,21 Savage
Project Pat,21 Savage
Drake,Future
Future,Drake
Drake,J. Cole
Lil Wayne,Jadakiss
Lil Wayne,Drake
Jadakiss,Drake
Drake,Bun B
Drake,Nipsey Hussle
Drake,J. Cole
Drake,Trey Songz
Drake,Young Thug
Drake,21 Savage
Young Thug,21 Savage
Drake,Jhené Aiko
Drake,Giggs
Drake,Nipsey Hussle
Drake,Future
Drake,Big Sean
Future,Drake
Drake,Rick Ross
Lil Wayne,Future
Lil Wayne,Drake
Future,Drake
Drake,Jeezy
Drake,Plies
Drake,Trae
Jeezy,Plies
Jeezy,Trae
Plies,Trae
Drake,Diddy – Dirty Money
Drake,Rick Ross
Future,French Montana
Future,Drake
French Montana,Drake
Drake,Lil Durk
Drake,The Weeknd
Drake,The Weeknd
Drake,JAY‐Z
Future,DaBaby
Future,Lil Baby
Future,Drake
DaBaby,Lil Baby
DaBaby,Drake
Lil Baby,Drake
Drake,Rick Ross
Lil Wayne,Future
Lil Wayne,Drake
Future,Drake
Drake,JAY‐Z
Drake,Diddy – Dirty Money
Drake,Jeezy
Drake,The Weeknd
Drake,Akron/Family
Drake,Lykke Li
Future,French Montana
Future,Drake
French Montana,Drake
Drake,Cookin’ Soul
Drake,Lil Durk
Drake,μ's
Drake,Trae
Drake,The Weeknd
Drake,BlocBoy JB
Drake,Future
Lil Wayne,Future
Lil Wayne,Drake
Future,Drake
Drake,JAY‐Z
Drake,Bad Bunny
Drake,PARTYNEXTDOOR
Bad Bunny,PARTYNEXTDOOR
Drake,JAY‐Z
Drake,Lil Durk
Drake,The Weeknd
Drake,PARTYNEXTDOOR
Drake,Big Sean
Drake,Peter Bjorn and John
Drake,Big Sean
Future,DaBaby
Future,Lil Baby
Future,Drake
DaBaby,Lil Baby
DaBaby,Drake
Lil Baby,Drake
Drake,Lykke Li
Future,Drake
Drake,Lil Wayne
Drake,Dr. Dre
Drake,Nas
Drake,2Pac
Drake,Roger Troutman
Dr. Dre,Nas
Dr. Dre,2Pac
Dr. Dre,Roger Troutman
Nas,2Pac
Nas,Roger Troutman
2Pac,Roger Troutman
Drake,PARTYNEXTDOOR
Drake,Lykke Li
Future,French Montana
Future,Drake
French Montana,Drake
Drake,Busta Rhymes
Drake,Diddy – Dirty Money
Busta Rhymes,Diddy – Dirty Money
Drake,Lil Durk
Drake,Future
Drake,Peter Bjorn and John
Drake,JAY‐Z
Drake,A$AP Rocky
JAY‐Z,A$AP Rocky
Drake,Coldplay
Drake,BlocBoy JB
Drake,Jeezy
Lil Wayne,Future
Lil Wayne,Drake
Future,Drake
Drake,JAY‐Z
Future,DaBaby
Future,Lil Baby
Future,Drake
DaBaby,Lil Baby
DaBaby,Drake
Lil Baby,Drake
Drake,JAY‐Z
Drake,Rick Ross
Drake,JAY‐Z
Drake,The Notorious B.I.G.
JAY‐Z,The Notorious B.I.G.
Drake,JAY‐Z
Drake,Future
Drake,PARTYNEXTDOOR
Drake,The Weeknd
Drake,Nicki Minaj
Drake,Sean Kingston
Nicki Minaj,Sean Kingston
Drake,OG Ron C
Drake,PARTYNEXTDOOR
Drake,DJ Candlestick
Drake,Bad Bunny
OG Ron C,PARTYNEXTDOOR
OG Ron C,DJ Candlestick
OG Ron C,Bad Bunny
PARTYNEXTDOOR,DJ Candlestick
PARTYNEXTDOOR,Bad Bunny
DJ Candlestick,Bad Bunny
Drake,Rick Ross
Drake,Future
Future,Drake
Drake,Diddy – Dirty Money
Drake,Future
Drake,Lil Baby
Drake,Future
Lil Baby,Future
Drake,N*E*R*D
Drake,Rihanna
N*E*R*D,Rihanna
Drake,JAY‐Z
Future,French Montana
Future,Drake
French Montana,Drake
Drake,Bad Bunny
Drake,PARTYNEXTDOOR
Bad Bunny,PARTYNEXTDOOR
Drake,Nicki Minaj
Drake,Travis Scott
Drake,Kid Cudi
Drake,Ludacris
Kid Cudi,Ludacris
Drake,Lil Wayne
Drake,Beyoncé
Drake,Lil Wayne
Drake,Nicki Minaj
Drake,AgusFortnite2008
Drake,Travis Scott
Drake,Belly
Drake,Rick Ross
Drake,Nicki Minaj
Drake,Rick Ross
Drake,Beyoncé
Drake,Nicki Minaj
Drake,Lil Jon
Drake,Rick Ross
Lil Jon,Rick Ross
Drake,Nickelus F
Drake,DJ Smallz
Nickelus F,DJ Smallz
Drake,Rick Ross
Drake,Kendrick Lamar
Drake,Birdman
Drake,Lil Wayne
Birdman,Lil Wayne
Drake,DJ Smallz
Lil Wayne,Drake
Drake,Nicki Minaj
Drake,Wes Fif
Drake,Lil Wayne
Wes Fif,Lil Wayne
Drake,Chino Pacas
Drake,PARTYNEXTDOOR
Chino Pacas,PARTYNEXTDOOR
Drake,Travis Scott
Drake,Lil Wayne
Drake,Nicki Minaj
Drake,Nicki Minaj
Drake,Rick Ross
Drake,Birdman
Drake,Lil Wayne
Birdman,Lil Wayne
Drake,Nicki Minaj
Drake,Nicki Minaj
Drake,Lil Wayne
Drake,Foz Tee
Lil Wayne,Foz Tee
Drake,21 Savage
Drake,Lil Wayne
Drake,Lil Wayne
Drake,Lil Wayne
Chino Pacas,Fuerza Regida
Chino Pacas,Drake
Fuerza Regida,Drake
Drake,Nicki Minaj
Drake,Chino Pacas
Drake,PARTYNEXTDOOR
Chino Pacas,PARTYNEXTDOOR
Drake,Birdman
Drake,Lil Wayne
Birdman,Lil Wayne
Drake,Bad Bunny
Drake,Nicki Minaj
Drake,Nicki Minaj
Lil Wayne,Birdman
Lil Wayne,Drake
Birdman,Drake
Drake,Nicki Minaj
Drake,Beyoncé
Drake,PARTYNEXTDOOR
Drake,Bun B
Drake,Birdman
Bun B,Birdman
Drake,Nicki Minaj
Drake,Beyoncé
Drake,Travis Scott
Drake,Big Sloan
Drake,YP
Drake,Nicki Minaj
Drake,Lil Wayne
Drake,21 Savage
Drake,Lil Jon
Drake,Rick Ross
Lil Jon,Rick Ross
Drake,Nicki Minaj
Drake,Lil Wayne
Drake,Birdman
Drake,Lil Wayne
Birdman,Lil Wayne
Drake,Lil Wayne
Drake,Birdman
Drake,Lil Wayne
Birdman,Lil Wayne
Drake,Nicki Minaj
Drake,Bad Bunny
Drake,PARTYNEXTDOOR
Drake,Krunk!
Drake,Bad Bunny
Drake,Dimatik
Krunk!,Bad Bunny
Krunk!,Dimatik
Bad Bunny,Dimatik
Drake,Nicki Minaj
Mary J. Blige,Drake
Drake,2 Chainz
Drake,Fetty Wap
Drake,Majid Jordan
Drake,2 Chainz
Ead3n,Drake
Drake,French Montana
Drake,French Montana
Drake,Nicki Minaj
Drake,Lil Wayne
Nicki Minaj,Lil Wayne
Drake,Gucci Mane
Drake,Lil Wayne
Drake,Majid Jordan
Drake,French Montana
Drake,2 Chainz
Lil Wayne,Birdman
Lil Wayne,Drake
Birdman,Drake
Drake,French Montana
Lil Wayne,Drake
Drake,2 Chainz
Drake,Snoop Lion
Drake,Cori B
Snoop Lion,Cori B
Drake,Freszko
Drake,French Montana
Freszko,French Montana
Drake,French Montana
Drake,Birdman
Drake,DJ Khaled
Drake,Rick Ross
Drake,Lil Wayne
DJ Khaled,Rick Ross
DJ Khaled,Lil Wayne
Rick Ross,Lil Wayne
Drake,Rick Ross
Drake,Fetty Wap
Drake,Future
Rick Ross,Fetty Wap
Rick Ross,Future
Fetty Wap,Future
Drake,Fetty Wap
Drake,2 Chainz
Drake,Majid Jordan
Drake,Birdman
Drake,Fetty Wap
Metro Boomin,Drake
Metro Boomin,21 Savage
Drake,21 Savage
Drake,Giggs
Drake,Chris Brown
Drake,21 Savage
Drake,21 Savage
Drake,Lil Baby
Drake,Gunna
Lil Baby,Gunna
Drake,Lil Wayne
Drake,Nicki Minaj
Drake,21 Savage
Drake,Nicki Minaj
Drake,Giggs
Drake,DJ Khaled
Drake,Rick Ross
Drake,Lil Wayne
DJ Khaled,Rick Ross
DJ Khaled,Lil Wayne
Rick Ross,Lil Wayne
Drake,Chris Brown
Drake,PARTYNEXTDOOR
Drake,Nicki Minaj
Drake,Lil Wayne
Nicki Minaj,Lil Wayne
Drake,Giggs
Drake,Fetty Wap
Drake,2 Chainz
Drake,Rich Boy
Metro Boomin,Offset
Metro Boomin,Drake
Offset,Drake
Drake,French Montana
Drake,Fetty Wap
Drake,Lil Baby
Drake,Gunna
Lil Baby,Gunna
Metro Boomin,Drake
Metro Boomin,21 Savage
Drake,21 Savage
Drake,21 Savage
Drake,Snoop Lion
Drake,Cori B
Snoop Lion,Cori B
Drake,DJ Khaled
Drake,DJ Khaled
Drake,Rick Ross
Drake,Lil Wayne
DJ Khaled,Rick Ross
DJ Khaled,Lil Wayne
Rick Ross,Lil Wayne
Lil Wayne,Drake
Drake,Fetty Wap
Drake,Coldplay
Drake,Birdman
Drake,Lil Wayne
Coldplay,Birdman
Coldplay,Lil Wayne
Birdman,Lil Wayne
Drake,Rick Ross
Drake,Fetty Wap
Drake,Future
Rick Ross,Fetty Wap
Rick Ross,Future
Fetty Wap,Future
Drake,Fetty Wap
Drake,Nicki Minaj
Drake,Future
Future,Drake
Metro Boomin,Drake
Metro Boomin,21 Savage
Drake,21 Savage
Drake,Fetty Wap
Drake,Nicki Minaj
Drake,Lil Wayne
Nicki Minaj,Lil Wayne
Drake,PARTYNEXTDOOR
Drake,DJ Khaled
Drake,Rick Ross
Drake,Lil Wayne
DJ Khaled,Rick Ross
DJ Khaled,Lil Wayne
Rick Ross,Lil Wayne
Drake,Nicki Minaj
Drake,Chris Brown
Drake,Majid Jordan
Metro Boomin,Offset
Metro Boomin,Drake
Offset,Drake
Drake,Majid Jordan
Young Thug,Drake
Drake,Lil Yachty
Drake,DaBaby
Lil Yachty,DaBaby
Drake,Central Cee
Drake,Bryson Tiller
Drake,21 Savage
Drake,Lil Yachty
Drake,DaBaby
Lil Yachty,DaBaby
Drake,Nicki Minaj
Drake,Chris Brown
Drake,Lil Wayne
Nicki Minaj,Chris Brown
Nicki Minaj,Lil Wayne
Chris Brown,Lil Wayne
Drake,Nickelus F
Drake,Lil Yachty
Drake,DaBaby
Lil Yachty,DaBaby
Drake,Tinashe
Drake,PARTYNEXTDOOR
Drake,Lil Yachty
Drake,DaBaby
Lil Yachty,DaBaby
Drake,JAY‐Z
Drake,Nicki Minaj
Drake,Chris Brown
Drake,Lil Wayne
Nicki Minaj,Chris Brown
Nicki Minaj,Lil Wayne
Chris Brown,Lil Wayne
Drake,Madonna
Drake,Lil Wayne
Madonna,Lil Wayne
Drake,Chilly Gonzales
Drake,21 Savage
Drake,Smiley
Drake,Lil Yachty
Drake,DaBaby
Lil Yachty,DaBaby
Drake,Ozuna
Drake,Justin Bieber
Drake,Zion & Lennox
Ozuna,Justin Bieber
Ozuna,Zion & Lennox
Justin Bieber,Zion & Lennox
Drake,Smiley
Drake,Skepta
Drake,Wizkid
Skepta,Wizkid
Drake,JAY‐Z
Drake,Chris Brown
Young Thug,Drake
Headie One,Drake
Drake,Mickey Factz
Drake,Travie McCoy
Mickey Factz,Travie McCoy
Drake,PARTYNEXTDOOR
Drake,Romeo Santos
Drake,Nicki Minaj
Drake,Chris Brown
Drake,Lil Wayne
Nicki Minaj,Chris Brown
Nicki Minaj,Lil Wayne
Chris Brown,Lil Wayne
Drake,Kyla
Drake,Wizkid
Kyla,Wizkid
Drake,Lil Yachty
Drake,DaBaby
Lil Yachty,DaBaby
Drake,Meek Mill
Drake,Rick Ross
Meek Mill,Rick Ross
Drake,Kyla
Drake,Wizkid
Kyla,Wizkid
Drake,Lil Yachty
Drake,DaBaby
Lil Yachty,DaBaby
Drake,Kyla
Drake,Wizkid
Kyla,Wizkid
Drake,Lil Yachty
Drake,DaBaby
Lil Yachty,DaBaby
Drake,Kyla
Drake,Wizkid
Kyla,Wizkid
Drake,Cookin’ Soul
Drake,JAY‐Z
Drake,Nicki Minaj
Drake,Chris Brown
Drake,Lil Wayne
Nicki Minaj,Chris Brown
Nicki Minaj,Lil Wayne
Chris Brown,Lil Wayne
Drake,21 Savage
Drake,Chilly Gonzales
Drake,Post Malone
Drake,Nicki Minaj
Drake,Chris Brown
Drake,Lil Wayne
Nicki Minaj,Chris Brown
Nicki Minaj,Lil Wayne
Chris Brown,Lil Wayne
Drake,Kyla
Drake,Wizkid
Kyla,Wizkid
Drake,Chris Brown
Drake,JAY‐Z
Drake,PARTYNEXTDOOR
Drake,Tinashe
Drake,Kyla
Drake,Wizkid
Kyla,Wizkid
Wale,Jeremih
Wale,Rick Ross
Wale,Drake
Jeremih,Rick Ross
Jeremih,Drake
Rick Ross,Drake
Drake,Cookin’ Soul
Young Thug,Drake
Drake,Kendrick Lamar
Drake,Jarreau Vandal
Drake,JAY‐Z
Drake,JAY‐Z
Drake,JAY‐Z
Drake,Kendrick Lamar
Drake,21 Savage
Drake,Kendrick Lamar
Drake,Kendrick Lamar
T.I.,Drake
Young Thug,Drake
Young Thug,Drake
Drake,Gunna
Drake,Rick Ross
Drake,French Montana
Drake,Lil Wayne
Rick Ross,French Montana
Rick Ross,Lil Wayne
French Montana,Lil Wayne
Drake,DJ Khaled
Drake,Future
Drake,Playboi Carti
Drake,Kendrick Lamar
Drake,Kagwe
Kendrick Lamar,Kagwe
Drake,Trey Songz
Lil Wayne,Rick Ross
Lil Wayne,French Montana
Lil Wayne,Drake
Rick Ross,French Montana
Rick Ross,Drake
French Montana,Drake
Drake,Rick Ross
Drake,French Montana
Drake,Lil Wayne
Rick Ross,French Montana
Rick Ross,Lil Wayne
French Montana,Lil Wayne
Drake,Kendrick Lamar
Drake,Rick Ross
Drake,French Montana
Drake,Lil Wayne
Rick Ross,French Montana
Rick Ross,Lil Wayne
French Montana,Lil Wayne
Lil Wayne,Short Dawg
Lil Wayne,Gudda Gudda
Lil Wayne,Drake
Short Dawg,Gudda Gudda
Short Dawg,Drake
Gudda Gudda,Drake
Young Thug,Drake
Drake,Future
Drake,Kendrick Lamar
Drake,Playboi Carti
Drake,Travis Scott
Drake,Quavo
Travis Scott,Quavo
Drake,21 Savage
Drake,Trey Songz
Drake,JAY‐Z
Drake,Ye
JAY‐Z,Ye
Drake,Rick Ross
Drake,French Montana
Drake,Lil Wayne
Rick Ross,French Montana
Rick Ross,Lil Wayne
French Montana,Lil Wayne
Drake,JAY‐Z
Drake,JAY‐Z
Drake,Ye
JAY‐Z,Ye
Drake,Kendrick Lamar
Drake,JAY‐Z
Drake,Pim
Drake,PARTYNEXTDOOR
Pim,PARTYNEXTDOOR
Drake,Trey Songz
Drake,JAY‐Z
Drake,Wu‐Tang Clan
JAY‐Z,Wu‐Tang Clan
Drake,PARTYNEXTDOOR
Drake,Future
Drake,JAY‐Z
Drake,Ye
JAY‐Z,Ye
Drake,DJ Smallz
Drake,Juvenile
Drake,Rick Ross
Juvenile,Rick Ross
Drake,T.I.
Drake,A$AP Rocky
Drake,2 Chainz
Drake,Kendrick Lamar
A$AP Rocky,2 Chainz
A$AP Rocky,Kendrick Lamar
2 Chainz,Kendrick Lamar
Drake,Travis Scott
Drake,Quavo
Travis Scott,Quavo
Drake,Rick Ross
Drake,French Montana
Drake,Lil Wayne
Rick Ross,French Montana
Rick Ross,Lil Wayne
French Montana,Lil Wayne
Drake,Kendrick Lamar
Drake,T.I.
Drake,Gunna
Drake,Planet VI
T.I.,Drake
Drake,DJ Khaled
Drake,Mickey Factz
Drake,Travie McCoy
Mickey Factz,Travie McCoy
Drake,Mickey Factz
Drake,Travie
Mickey Factz,Travie
Drake,PARTYNEXTDOOR
Drake,Travis Scott
Drake,Quavo
Travis Scott,Quavo
T.I.,Drake
Drake,Travis Scott
Drake,Quavo
Travis Scott,Quavo
Drake,Waka Flocka Flame
Lil Wayne,Mark Roberts
Lil Wayne,Drake
Mark Roberts,Drake
Drake,Lil Wayne
Drake,Trey Songz
Drake,Lil Wayne
Drake,Waka Flocka Flame
Drake,Bun B
Drake,Coldplay
Drake,Timbaland
Coldplay,Timbaland
Drake,Justin Bieber
Drake,Termanology
Drake,Travis Scott
Drake,21 Savage
Travis Scott,21 Savage
Drake,2 Chainz
Drake,Future
2 Chainz,Future
Drake,[unknown]
Drake,21 Savage
[unknown],21 Savage
Drake,Timbaland
Lil Wayne,Drake
Drake,Bun B
Drake,Young Thug
Drake,2 Chainz
Young Thug,2 Chainz
Drake,Lil Wayne
Drake,Meek Mill
Drake,PARTYNEXTDOOR
Lil Wayne,Mark Roberts
Lil Wayne,Drake
Mark Roberts,Drake
Drake,Bun B
Drake,Travis Scott
Drake,21 Savage
Travis Scott,21 Savage
Lil Wayne,Drake
Lil Wayne,Drake
Drake,Tanya Morgan
Drake,Meek Mill
Drake,Nick Serra
Drake,Ryan Carter
Nick Serra,Ryan Carter
Drake,Trey Songz
Drake,Ye
Drake,Jeezy
Drake,Timbaland
Ye,Jeezy
Ye,Timbaland
Jeezy,Timbaland
Lil Wayne,Drake
Drake,Future
Drake,Bun B
Drake,SZA
Drake,Sexyy Red
SZA,Sexyy Red
Drake,21 Savage
Drake,Waka Flocka Flame
Drake,DJ Smallz
Drake,Waka Flocka Flame
Lil Wayne,Drake
Drake,Timbaland
Drake,PARTYNEXTDOOR
Drake,Skyzoo
Drake,Timbaland
Drake,Future
Drake,Bryson Tiller
Future,Bryson Tiller
Lil Wayne,Drake
Drake,The Weeknd
Drake,Waka Flocka Flame
Drake,SZA
Drake,Sexyy Red
SZA,Sexyy Red
Drake,Trey Songz
Drake,Justin Bieber
Drake,Young Thug
Drake,2 Chainz
Young Thug,2 Chainz
Drake,SZA
Drake,Sexyy Red
SZA,Sexyy Red
Drake,Bun B
Drake,Timbaland
Drake,Waka Flocka Flame
Drake,21 Savage
Drake,Lil Wayne
Drake,TVBOO
Lil Wayne,Drake
Drake,JD Era
Drake,Meek Mill
Drake,Bun B
Drake,PARTYNEXTDOOR
Drake,Timbaland
Drake,Justin Bieber
Drake,Young Thug
Drake,2 Chainz
Young Thug,2 Chainz
Future,Drake
Future,Juicy J
Future,DJ Esco
Drake,Juicy J
Drake,DJ Esco
Juicy J,DJ Esco
Drake,C.A.S.H.
Lil Wayne,Drake
Lil Wayne,Drake
Lil Wayne,Drake
Lil Wayne,Rick Ross
Lil Wayne,Busta Rhymes
Lil Wayne,Jeezy
Drake,Rick Ross
Drake,Busta Rhymes
Drake,Jeezy
Rick Ross,Busta Rhymes
Rick Ross,Jeezy
Busta Rhymes,Jeezy
Drake,Nicki Minaj
Drake,Lil Wayne
Nicki Minaj,Lil Wayne
Drake,PARTYNEXTDOOR
Drake,BlocBoy JB
Drake,Lupe Fiasco
Drake,Sheck Wes
Drake,Travis Scott
Drake,Swae Lee
BlocBoy JB,Lupe Fiasco
BlocBoy JB,Sheck Wes
BlocBoy JB,Travis Scott
BlocBoy JB,Swae Lee
Lupe Fiasco,Sheck Wes
Lupe Fiasco,Travis Scott
Lupe Fiasco,Swae Lee
Sheck Wes,Travis Scott
Sheck Wes,Swae Lee
Travis Scott,Swae Lee
Drake,Nicki Minaj
Drake,Lil Wayne
Nicki Minaj,Lil Wayne
Drake,Nicki Minaj
Drake,Lil Wayne
Nicki Minaj,Lil Wayne
Drake,Trey Songz
Drake,PARTYNEXTDOOR
Drake,Preme
Drake,OB OBrien
Preme,OB OBrien
Drake,Travis Scott
Drake,Adele
Drake,PARTYNEXTDOOR
Drake,Cash Cobain
Drake,PARTYNEXTDOOR
Cash Cobain,PARTYNEXTDOOR
Drake,Häzel
Drake,Slakah the Beatchild
Häzel,Slakah the Beatchild
Drake,Travis Scott
Drake,Skrillex
Drake,SaberZ
Travis Scott,Skrillex
Travis Scott,SaberZ
Skrillex,SaberZ
Drake,PARTYNEXTDOOR
Drake,Nicki Minaj
Drake,Lil Wayne
Nicki Minaj,Lil Wayne
Drake,The‐Dream
Drake,Shanell
Drake,Lil Wayne
Shanell,Lil Wayne
Drake,Cookin’ Soul
Drake,Travis Scott
Young Stoner Life,Drake
Young Stoner Life,Young Thug
Young Stoner Life,Gunna
Drake,Young Thug
Drake,Gunna
Young Thug,Gunna
Drake,SZA
Lil Wayne,Drake
Lil Wayne,N*E*R*D
Lil Wayne,Tyga
Lil Wayne,Eminem
Drake,N*E*R*D
Drake,Tyga
Drake,Eminem
N*E*R*D,Tyga
N*E*R*D,Eminem
Tyga,Eminem
Drake,Travis Scott
Drake,100 gecs
Travis Scott,100 gecs
Drake,PARTYNEXTDOOR
Drake,Future
Young Stoner Life,Drake
Young Stoner Life,Young Thug
Young Stoner Life,Gunna
Drake,Young Thug
Drake,Gunna
Young Thug,Gunna
Drake,Young Thug
Drake,Future
Young Thug,Future
Young Stoner Life,Drake
Young Stoner Life,Young Thug
Young Stoner Life,Gunna
Drake,Young Thug
Drake,Gunna
Young Thug,Gunna
Drake,The‐Dream
Drake,Troy'ce Sayles
Future,Drake
Drake,Miguel
Drake,Future
Miguel,Future
Lil Wayne,Drake
Lil Wayne,Drake
Lil Wayne,Drake
Future,Juicy J
Future,Drake
Juicy J,Drake
Drake,Gordo
T.I.,Drake
T.I.,Jeezy
T.I.,Lil Wayne
Drake,Jeezy
Drake,Lil Wayne
Jeezy,Lil Wayne
Drake,The‐Dream
Drake,PARTYNEXTDOOR
Drake,Driicky Graham
Drake,Waka Flocka Flame
Driicky Graham,Waka Flocka Flame
Drake,21 Savage
Drake,Future
Drake,Lil Wayne
Drake,Häzel
Drake,Slakah the Beatchild
Häzel,Slakah the Beatchild
Lil Wayne,Drake
Lil Wayne,Drake
Lil Wayne,Shannell
Lil Wayne,Drake
Shannell,Drake
Drake,Gordo
Lil Wayne,Drake
Drake,SZA
Drake,Voyce Alexander
Drake,The‐Dream
Lil Wayne,Shanell
Lil Wayne,Drake
Shanell,Drake
Drake,Nicki Minaj
Drake,Lil Wayne
Nicki Minaj,Lil Wayne
Drake,Ludacris
Drake,Nut Da Kidd
Drake,Lil Wayne
Nut Da Kidd,Lil Wayne
Drake,Trey Songz
Drake,Lil Wayne
Trey Songz,Lil Wayne
Drake,DJ Khaled
Drake,Lil Baby
DJ Khaled,Lil Baby
Drake,Tyga
Drake,Ramriddlz
Drake,Trey Songz
Drake,Lil Wayne
Trey Songz,Lil Wayne
Drake,Tyga
Drake,Trey Songz
Drake,Lil Wayne
Trey Songz,Lil Wayne
Drake,Chuck Inglish
Drake,Asher Roth
Drake,Chip King
Drake,T. Mills
Chuck Inglish,Asher Roth
Chuck Inglish,Chip King
Chuck Inglish,T. Mills
Asher Roth,Chip King
Asher Roth,T. Mills
Chip King,T. Mills
Drake,PARTYNEXTDOOR
Drake,Lenny Kravitz
Drake,Rihanna
Drake,Rick Ross
Drake,French Montana
Rick Ross,French Montana
Drake,PARTYNEXTDOOR
Drake,Trey Songz
Drake,Lil Wayne
Drake,DJ Smallz
Drake,Voyce
DJ Smallz,Voyce
Drake,GAZZI
Drake,Showtek
Drake,Primetyme
Showtek,Primetyme
Drake,DJ Drama
Drake,Gucci Mane
Drake,Killer Mike
DJ Drama,Gucci Mane
DJ Drama,Killer Mike
Gucci Mane,Killer Mike
Drake,Jaye
Drake,JAY‐Z
Drake,Trey Songz
Drake,Chip tha Ripper
Trey Songz,Chip tha Ripper
Drake,Tyga
Drake,Wiz Khalifa
Drake,21 Savage
Drake,Trey Songz
Drake,21 Savage
Lil Wayne,Drake
Drake,DJ Khaled
Drake,Lil Baby
DJ Khaled,Lil Baby
Drake,Trey Songz
Drake,Lil Wayne
Trey Songz,Lil Wayne
Drake,Rick Ross
Drake,French Montana
Rick Ross,French Montana
Drake,Trey Songz
Drake,Trey Songz
Drake,Hitmaka
Drake,Trey Songz
Drake,Coldplay
Trey Songz,Coldplay
Drake,Tyga
Drake,Trey Songz
Drake,Rihanna
Drake,Rihanna
Drake,Majid Jordan
Drake,Trey Songz
Drake,Lil Wayne
Trey Songz,Lil Wayne
L∆VINCi,DJ Sliink
L∆VINCi,Drake
DJ Sliink,Drake
Drake,Rich Homie Quan
Drake,OutKast
Drake,Lil Wayne
OutKast,Lil Wayne
Drake,André 3000
Drake,Lil Wayne
André 3000,Lil Wayne
Drake,Tyga
Drake,Lil Wayne
Tyga,Lil Wayne
Drake,Lil Wayne
Lil Wayne,Nut Da Kidd
Lil Wayne,Drake
Nut Da Kidd,Drake
Drake,Lil Wayne
Drake,Lil Wayne
Drake,Nickelus F
Drake,The Weeknd
Drake,PARTYNEXTDOOR
Drake,Lil Wayne
Drake,Drakeo the Ruler
Drake,Tyga
Drake,Lil Wayne
Tyga,Lil Wayne
Drake,Lil Wayne
Drake,Ye
Drake,ScHoolboy Q
Ye,ScHoolboy Q
Drake,Coldplay
Drake,Silver Medallion
Drake,Page
Coldplay,Silver Medallion
Coldplay,Page
Silver Medallion,Page
Drake,Lil Wayne
Drake,Rihanna
Lil Wayne,André 3000
Lil Wayne,Drake
André 3000,Drake
Drake,Tyga
Drake,Lil Wayne
Tyga,Lil Wayne
Drake,Coldplay
Drake,Mary J. Blige
Drake,Tyga
Drake,Lil Wayne
Tyga,Lil Wayne
Drake,Ye
Drake,The Weeknd
Ye,The Weeknd
Drake,Sampha
Drake,Rihanna
Drake,Lil Wayne
Lil Wayne,Timbaland
Lil Wayne,Drake
Timbaland,Drake
Drake,Cassettes Won’t Listen
Drake,Robin Thicke
Drake,Rihanna
Drake,Ye
Drake,The Weeknd
Ye,The Weeknd
Drake,Rihanna
Drake,Andreena Mill
Drake,Kardinal Offishall
Andreena Mill,Kardinal Offishall
Drake,Mary J. Blige
Drake,Rich Homie Quan
Drake,Rich Gang
Rich Homie Quan,Rich Gang
Drake,JAY‐Z
Drake,Rihanna
Drake,Lil Wayne
Drake,Sampha
Drake,Rihanna
Drake,Drakeo the Ruler
Drake,JAY‐Z
Drake,Lil Wayne
Drake,Rihanna
Drake,The Weeknd
Drake,André 3000
Drake,Lil Wayne
André 3000,Lil Wayne
Young Thug,Rich Homie Quan
Young Thug,Birdman
Young Thug,Drake
Rich Homie Quan,Birdman
Rich Homie Quan,Drake
Birdman,Drake
Drake,Lil Wayne
Mary J. Blige,Drake
Lil Wayne,Drake
Drake,Sampha
Drake,Nicki Minaj
Drake,Lil Wayne
Nicki Minaj,Lil Wayne
Drake,Nicki Minaj
Drake,Lil Wayne
Nicki Minaj,Lil Wayne
Drake,DJ Khaled
Drake,Lil Wayne
Drake,Metallica
Drake,Ye
Drake,Eminem
Lil Wayne,Metallica
Lil Wayne,Ye
Lil Wayne,Eminem
Metallica,Ye
Metallica,Eminem
Ye,Eminem
Future,Drake
Drake,The Weeknd
Metro Boomin,Travis Scott
Metro Boomin,Young Thug
Metro Boomin,Drake
Travis Scott,Young Thug
Travis Scott,Drake
Young Thug,Drake
Drake,Rihanna
Drake,Sampha
Drake,Fabolous
Drake,The Weeknd
Future,Drake
Drake,21 Savage
Drake,Nicki Minaj
Drake,Lil Wayne
Nicki Minaj,Lil Wayne
Drake,Sampha
Drake,Nicki Minaj
Drake,Lil Wayne
Nicki Minaj,Lil Wayne
Future,Drake
Drake,DJ Khaled
Drake,The‐Dream
Drake,Fabolous
The‐Dream,Fabolous
Drake,DJ Khaled
Drake,Nicki Minaj
Drake,Lil Wayne
Nicki Minaj,Lil Wayne
Drake,Nicki Minaj
Drake,Lil Wayne
Nicki Minaj,Lil Wayne
Drake,Lloyd
Young Money,Drake
Future,Drake
Young Money,Drake
Drake,The Weeknd
Drake,Fabolous
Drake,Babeo Baggins
Drake,Rihanna
Drake,The Weeknd
Drake,Ty Dolla $ign
Drake,Juicy J
Ty Dolla $ign,Juicy J
Drake,Ty Dolla $ign
Drake,Juicy J
Ty Dolla $ign,Juicy J
Drake,Future
Future,Drake
Drake,The Weeknd
Drake,Fabolous
Drake,DJ Smallz
Drake,The Weeknd
Drake,DJ Smallz
Drake,Rihanna
Drake,Nicki Minaj
Drake,Lil Wayne
Nicki Minaj,Lil Wayne
Drake,Nicki Minaj
Drake,Lil Wayne
Nicki Minaj,Lil Wayne
Drake,The Weeknd
Drake,The Weeknd
Drake,Sampha
Future,Drake
Drake,The Weeknd
Drake,Rihanna
Drake,Nicki Minaj
Drake,Lil Wayne
Nicki Minaj,Lil Wayne
Drake,21 Savage
Drake,Ty Dolla $ign
Drake,Juicy J
Ty Dolla $ign,Juicy J
Drake,The Weeknd
Drake,Ty Dolla $ign
Drake,Juicy J
Ty Dolla $ign,Juicy J
Drake,Nicki Minaj
Drake,Lil Wayne
Nicki Minaj,Lil Wayne
Drake,The Weeknd
Young Money,Drake
Drake,Nicki Minaj
Drake,Lil Wayne
Nicki Minaj,Lil Wayne
Drake,Fabolous
Drake,The Weeknd
Young Money,Drake
Drake,Nicki Minaj
Drake,50 Cent
Drake,Fabolous
Drake,The Weeknd
Drake,Coldplay
Drake,Trey Songz
Drake,Nicki Minaj
Drake,Lil Wayne
Nicki Minaj,Lil Wayne
Drake,The Weeknd
Drake,Alicia Keys
Drake,Lil Reese
Drake,Rick Ross
Lil Reese,Rick Ross
Drake,Santigold
Drake,Lil Wayne
Santigold,Lil Wayne
Lil Wayne,Grafh
Lil Wayne,Drake
Grafh,Drake
Drake,Migos
Drake,The J.B.’s
Migos,The J.B.’s
Drake,Cookin’ Soul
Drake,Nicki Minaj
Drake,Lana Del Rey
Drake,Alicia Keys
Drake,Snowd4y
Future,Tems
Future,Drake
Tems,Drake
Drake,Lil Baby
Drake,Lil Wayne
Drake,iLoveMakonnen
Drake,iLoveMakonnen
Drake,Migos
Drake,Nicki Minaj
Lil Wayne,Drake
Drake,Santigold
Drake,Lil Wayne
Santigold,Lil Wayne
Drake,iLoveMakonnen
Drake,Nicki Minaj
Drake,KC Rebell
Nicki Minaj,KC Rebell
Drake,DJ Smallz
Drake,Jeezy
Drake,Jeezy
Drake,Lil Reese
Drake,Rick Ross
Lil Reese,Rick Ross
Drake,iLoveMakonnen
Drake,Jeezy
Drake,Migos
Drake,Bun B
Drake,Lil Wayne
Bun B,Lil Wayne
Drake,Migos
Future,Tems
Future,Drake
Tems,Drake
Drake,Alicia Keys
Drake,Lil Reese
Drake,Rick Ross
Lil Reese,Rick Ross
Drake,Migos
Drake,Meek Mill
Drake,Tyga
Migos,Meek Mill
Migos,Tyga
Meek Mill,Tyga
Drake,Sexyy Red
Drake,Jeezy
Drake,Nicki Minaj
Drake,Bun B
Drake,Lil Wayne
Bun B,Lil Wayne
Lil Wayne,Drake
Drake,Nicki Minaj
Drake,Migos
Drake,Popcaan
Drake,PARTYNEXTDOOR
Popcaan,PARTYNEXTDOOR
Drake,Jeezy
Drake,Trey Songz
Drake,Trey Songz
Drake,Santigold
Drake,Lil Wayne
Santigold,Lil Wayne
Drake,Nicki Minaj
Future,Drake
Drake,Migos
Drake,Trey Songz
Drake,Bun B
Drake,Lil Wayne
Bun B,Lil Wayne
Lil Wayne,Drake
Drake,iLoveMakonnen
Drake,iLoveMakonnen
Drake,Nicki Minaj
Future,Tems
Future,Drake
Tems,Drake
Future,2Malle
Future,Drake
2Malle,Drake
Future,Tems
Future,Drake
Tems,Drake
Drake,Sean G
Drake,DJ Smallz
Sean G,DJ Smallz
Drake,Migos
Drake,Lil Wayne
Future,Tems
Future,Drake
Tems,Drake
Drake,Nicki Minaj
Drake,Bun B
Drake,Lil Wayne
Bun B,Lil Wayne
Drake,Dave
Drake,iLoveMakonnen
Future,Tems
Future,Drake
Tems,Drake
Drake,Future
Future,Drake
Drake,Popcaan
Drake,PARTYNEXTDOOR
Popcaan,PARTYNEXTDOOR
Drake,Jeezy
Drake,Alicia Keys
Lil Wayne,Drake
Drake,Alicia Keys
Drake,Alicia Keys
Drake,Bun B
Drake,Lil Wayne
Bun B,Lil Wayne
Drake,PARTYNEXTDOOR
Drake,YG
Future,Drake
Drake,Rihanna
Drake,Chamillionaire
Drake,Rick Ross
Drake,Lil Wayne
Chamillionaire,Rick Ross
Chamillionaire,Lil Wayne
Rick Ross,Lil Wayne
Central Cee,Drake
Drake,Young Thug
Drake,Future
Young Thug,Future
Drake,Young Thug
Drake,Future
Young Thug,Future
Drake,Rihanna
Drake,Rihanna
Drake,Ludacris
Drake,Future
Ludacris,Future
Drake,Rihanna
Drake,YG
Drake,Rihanna
Drake,YG
Drake,YG
Mustard,YG
Mustard,Drake
YG,Drake
Drake,Rihanna
Drake,Central Cee
Drake,Birdman
Drake,Rihanna
Pimp C,Bun B
Pimp C,Drake
Bun B,Drake
Drake,PARTYNEXTDOOR
Drake,Lil Baby
Drake,DJ Drama
Drake,Future
DJ Drama,Future
Central Cee,Drake
Drake,The Neptunes
Drake,Brent Faiyaz
The Neptunes,Brent Faiyaz
Drake,OG Ron C
Drake,The Neptunes
Drake,DJ Candlestick
Drake,Brent Faiyaz
OG Ron C,The Neptunes
OG Ron C,DJ Candlestick
OG Ron C,Brent Faiyaz
The Neptunes,DJ Candlestick
The Neptunes,Brent Faiyaz
DJ Candlestick,Brent Faiyaz
Drake,Rihanna
Drake,Rihanna
Drake,Colin Munroe
Drake,Colin Munroe
Drake,Rihanna
WestBam,Drake
Drake,Soulja Boy
Drake,YG
Future,Drake
Drake,Brent Faiyaz
Drake,Dawn Richard
Future,Drake
Drake,Rihanna
Future,Drake
Drake,Popcaan
Drake,PARTYNEXTDOOR
Drake,Soulja Boy
Drake,Future
Future,Drake
Drake,PARTYNEXTDOOR
Drake,DJ Drama
Drake,Future
DJ Drama,Future
Drake,YG
Drake,The Game
YG,The Game
Drake,Rihanna
Future,Drake
Drake,YG
Drake,Young Thug
Drake,Future
Young Thug,Future
Drake,TheTrakAddicts
Drake,Cascada
Drake,Wale
TheTrakAddicts,Cascada
TheTrakAddicts,Wale
Cascada,Wale
Drake,Rihanna
Drake,Birdman
Drake,Future
Drake,Future
Drake,Rihanna
Drake,Rihanna
Drake,J Hus
Drake,DJ Drama
Drake,Future
DJ Drama,Future
Drake,Rihanna
Future,Rick Ross
Future,Drake
Rick Ross,Drake
Pimp C,Bun B
Pimp C,Drake
Bun B,Drake
Drake,Rihanna
Drake,Rihanna
Drake,Yebba
Drake,Rihanna
Drake,Rihanna
Drake,YG
Drake,Kamaiyah
YG,Kamaiyah
Drake,Nicki Minaj
Drake,Rick Ross
Nicki Minaj,Rick Ross
Drake,BLEU
Drake,Rihanna
Drake,Lil Baby
Drake,Yebba
Drake,Rihanna
Drake,Madonna
Drake,Rihanna
Drake,Rihanna
Drake,Rihanna
Drake,Rihanna
Drake,Rihanna
Drake,Rihanna
Drake,A$AP Rocky
Drake,Ye
Drake,J Hus
Drake,Rihanna
Drake,Rihanna
Drake,Lil Baby
Drake,Swae Lee
Drake,Rihanna
Drake,Terror Fabulous
Rihanna,Terror Fabulous
Drake,PARTYNEXTDOOR
Drake,Rihanna
Drake,Rihanna
Drake,Chris Brown
Drake,The Paradise
Drake,BlocBoy JB
The Paradise,BlocBoy JB
Drake,Cookin’ Soul
Drake,SBTRKT
Drake,Little Dragon
SBTRKT,Little Dragon
Drake,Rihanna
Drake,Rick Ross
Drake,Lil Wayne
Rick Ross,Lil Wayne
Lil Wayne,Drake
Drake,Rihanna
Drake,Rihanna
Drake,BLEU
Drake,Rihanna
Drake,Rihanna
Lil Wayne,Drake
Drake,Lil Wayne
Drake,Rihanna
Drake,JAY‐Z
Drake,Ye
Drake,Steve Porter
Drake,Beyoncé
Lil Wayne,Rihanna
Lil Wayne,JAY‐Z
Lil Wayne,Ye
Lil Wayne,Steve Porter
Lil Wayne,Beyoncé
Rihanna,JAY‐Z
Rihanna,Ye
Rihanna,Steve Porter
Rihanna,Beyoncé
JAY‐Z,Ye
JAY‐Z,Steve Porter
JAY‐Z,Beyoncé
Ye,Steve Porter
Ye,Beyoncé
Steve Porter,Beyoncé
Drake,Swae Lee
Drake,Chris Brown
Drake,Rihanna
Drake,Rihanna
Lil Wayne,Drake
Drake,Rick Ross
Drake,Lil Wayne
Rick Ross,Lil Wayne
Drake,Rihanna
Drake,George
Drake,JDiggz
George,JDiggz
Drake,Rihanna
Drake,SBTRKT
Drake,Little Dragon
SBTRKT,Little Dragon
Drake,Rihanna
Drake,YG
Drake,Kamaiyah
YG,Kamaiyah
Drake,PARTYNEXTDOOR
FINNEAS,Billie Eilish
Vince Staples,Billie Eilish
FINNEAS,Billie Eilish
FINNEAS,Billie Eilish
Justin Bieber,Billie Eilish
FINNEAS,Billie Eilish
FINNEAS,Billie Eilish
FINNEAS,Billie Eilish
David Di Sabato,Billie Eilish
Justin Bieber,Billie Eilish
FINNEAS,Billie Eilish
FINNEAS,Billie Eilish
FINNEAS,Billie Eilish
FINNEAS,Billie Eilish
FINNEAS,Billie Eilish
FINNEAS,Billie Eilish
FINNEAS,Billie Eilish
FINNEAS,Billie Eilish
Billie Eilish,Charli xcx
Billie Eilish,Charli xcx
FINNEAS,Billie Eilish
Billie Eilish,Charli xcx
M83,Billie Eilish
Billie Eilish,Charli xcx
Jasmin,Billie Eilish
Khalid,Billie Eilish
Billie Eilish,Charli xcx
FINNEAS,Billie Eilish
ROSALÍA,Billie Eilish
Big Baller B,Lil Mosquito Disease
Big Baller B,Billie Eilish
Lil Mosquito Disease,Billie Eilish
FINNEAS,Billie Eilish
Khalid,Billie Eilish
Khalid,Billie Eilish
Billie Eilish,Charli xcx
Green Day,Billie Eilish
Jay 626,Khalid
Jay 626,Billie Eilish
Khalid,Billie Eilish
Billie Eilish,Charli xcx
Khalid,Billie Eilish
ROSALÍA,Billie Eilish
Chrystal,NOTION
Chrystal,Billie Eilish
NOTION,Billie Eilish
Khalid,Billie Eilish
Lana Del Rey,Billie Eilish
Ego Nwodim,Kenan Thompson
Ego Nwodim,Kate McKinnon
Ego Nwodim,Billie Eilish
Kenan Thompson,Kate McKinnon
Kenan Thompson,Billie Eilish
Kate McKinnon,Billie Eilish
Nick Dungo,Billie Eilish
Hazey Eyes,Billie Eilish
Lana Del Rey,Billie Eilish
FINNEAS,Billie Eilish
Benny Benassi,The White Stripes
Benny Benassi,Billie Eilish
The White Stripes,Billie Eilish
FINNEAS,Billie Eilish
FINNEAS,Billie Eilish
HAUSER,London Symphony Orchestra
HAUSER,FINNEAS
HAUSER,Billie Eilish
London Symphony Orchestra,FINNEAS
London Symphony Orchestra,Billie Eilish
FINNEAS,Billie Eilish
FINNEAS,Billie Eilish
Lana Del Rey,Billie Eilish
FINNEAS,Billie Eilish
FINNEAS,Billie Eilish
boygenius,Billie Eilish
Hoodie Allen,Ed Sheeran
Ed Sheeran,Star.One
Anne‐Marie,Ed Sheeran
Ed Sheeran,Антитіла
Ed Sheeran,Meek Mill
Ed Sheeran,A Boogie Wit da Hoodie
Meek Mill,A Boogie Wit da Hoodie
Ed Sheeran,Elton John
Ed Sheeran,Travis Scott
Ed Sheeran,Russ
Ed Sheeran,Travis Scott
Ed Sheeran,MK
Travis Scott,MK
David Hodges,Ed Sheeran
David Hodges,Lil Baby
Ed Sheeran,Lil Baby
Ed Sheeran,D.O.D
Central Cee,Ed Sheeran
Central Cee,Tion Wayne
Ed Sheeran,Tion Wayne
Ed Sheeran,Quevedo
Mikill Pane,Ed Sheeran
Ed Sheeran,Chefin
Ed Sheeran,Lil Baby
Ed Sheeran,Leto
Alonestar,Ed Sheeran
Ed Sheeran,Bring Me the Horizon
Ed Sheeran,Meek Mill
Ed Sheeran,A Boogie Wit da Hoodie
Meek Mill,A Boogie Wit da Hoodie
Ed Sheeran,Potter Payper
Ed Sheeran,1.Cuz
Ed Sheeran,Elton John
Ed Sheeran,Devlin
Ed Sheeran,Lil Baby
Alonestar,Ed Sheeran
Alonestar,Dirty Pop
Ed Sheeran,Dirty Pop
Ed Sheeran,Budjerah
Ed Sheeran,Armaan Malik
Ghetts,Ed Sheeran
Ed Sheeran,Travis Scott
Andrea Bocelli,Ed Sheeran
Ed Sheeran,Googoosh
Ed Sheeran,Travis Scott
Alonestar,Ed Sheeran
Ed Sheeran,Bring Me the Horizon
Ed Sheeran,Rockie Fresh
Hoodie Allen,Ed Sheeran
Ed Sheeran,Lil Baby
Ed Sheeran,Bashy
Ed Sheeran,Ultimo
Ed Sheeran,Denise Chaila
Ellinoora,Ed Sheeran
Ed Sheeran,reezy
Ed Sheeran,Rudimental
Ed Sheeran,The Game
Ed Sheeran,Khalid
Ed Sheeran,Mugeez
Ed Sheeran,Fuse ODG
Mugeez,Fuse ODG
Ed Sheeran,Rudimental
Ed Sheeran,Khalid
Ed Sheeran,Bruno Mars
Ed Sheeran,Chris Stapleton
Bruno Mars,Chris Stapleton
Ed Sheeran,Camila Cabello
Ed Sheeran,Yebba
Ed Sheeran,Rudimental
Ed Sheeran,Khalid
Ricky Wilson,Olly Murs
Ricky Wilson,Ed Sheeran
Ricky Wilson,Davina McCall
Ricky Wilson,Danny O’Donoghue
Ricky Wilson,Chris Moyles
Ricky Wilson,Gary Barlow
Ricky Wilson,James Corden
Ricky Wilson,Robbie Williams
Ricky Wilson,Pixie Lott
Olly Murs,Ed Sheeran
Olly Murs,Davina McCall
Olly Murs,Danny O’Donoghue
Olly Murs,Chris Moyles
Olly Murs,Gary Barlow
Olly Murs,James Corden
Olly Murs,Robbie Williams
Olly Murs,Pixie Lott
Ed Sheeran,Davina McCall
Ed Sheeran,Danny O’Donoghue
Ed Sheeran,Chris Moyles
Ed Sheeran,Gary Barlow
Ed Sheeran,James Corden
Ed Sheeran,Robbie Williams
Ed Sheeran,Pixie Lott
Davina McCall,Danny O’Donoghue
Davina McCall,Chris Moyles
Davina McCall,Gary Barlow
Davina McCall,James Corden
Davina McCall,Robbie Williams
Davina McCall,Pixie Lott
Danny O’Donoghue,Chris Moyles
Danny O’Donoghue,Gary Barlow
Danny O’Donoghue,James Corden
Danny O’Donoghue,Robbie Williams
Danny O’Donoghue,Pixie Lott
Chris Moyles,Gary Barlow
Chris Moyles,James Corden
Chris Moyles,Robbie Williams
Chris Moyles,Pixie Lott
Gary Barlow,James Corden
Gary Barlow,Robbie Williams
Gary Barlow,Pixie Lott
James Corden,Robbie Williams
James Corden,Pixie Lott
Robbie Williams,Pixie Lott
Ed Sheeran,Camila Cabello
Ed Sheeran,Rudimental
Ed Sheeran,Mugeez
Ed Sheeran,Fuse ODG
Mugeez,Fuse ODG
Ed Sheeran,Bruno Mars
Ed Sheeran,Chris Stapleton
Bruno Mars,Chris Stapleton
Khalid,Becky Hill
Khalid,Ed Sheeran
Khalid,Sigala
Khalid,Jess Glynne
Khalid,Camila Cabello
Khalid,Mark Ronson
Khalid,Jax Jones
Khalid,Bebe Rexha
Becky Hill,Ed Sheeran
Becky Hill,Sigala
Becky Hill,Jess Glynne
Becky Hill,Camila Cabello
Becky Hill,Mark Ronson
Becky Hill,Jax Jones
Becky Hill,Bebe Rexha
Ed Sheeran,Sigala
Ed Sheeran,Jess Glynne
Ed Sheeran,Camila Cabello
Ed Sheeran,Mark Ronson
Ed Sheeran,Jax Jones
Ed Sheeran,Bebe Rexha
Sigala,Jess Glynne
Sigala,Camila Cabello
Sigala,Mark Ronson
Sigala,Jax Jones
Sigala,Bebe Rexha
Jess Glynne,Camila Cabello
Jess Glynne,Mark Ronson
Jess Glynne,Jax Jones
Jess Glynne,Bebe Rexha
Camila Cabello,Mark Ronson
Camila Cabello,Jax Jones
Camila Cabello,Bebe Rexha
Mark Ronson,Jax Jones
Mark Ronson,Bebe Rexha
Jax Jones,Bebe Rexha
Ed Sheeran,The Rolling Stones
Ed Sheeran,New Order
Ed Sheeran,Khalid
Christina Perri,Ed Sheeran
Ed Sheeran,Rudimental
Ed Sheeran,Khalid
Ed Sheeran,Khalid
Ed Sheeran,Gary Lightbody
Ed Sheeran,Yebba
Ed Sheeran,CYRIL
Ed Sheeran,Vianney
Dizzman,DJ Mich
Dizzman,Ed Sheeran
Dizzman,Rudimental
DJ Mich,Ed Sheeran
DJ Mich,Rudimental
Ed Sheeran,Rudimental
Ed Sheeran,Eurythmics
Ed Sheeran,Camila Cabello
Ed Sheeran,The Weeknd
Ed Sheeran,Rick Ross
Ed Sheeran,Ghetts
Future,Ed Sheeran
Future,klav
Ed Sheeran,klav
Ed Sheeran,PnB Rock
Ed Sheeran,Chance the Rapper
PnB Rock,Chance the Rapper
Future,Ed Sheeran
Future,Taylor Swift
Ed Sheeran,Taylor Swift
Ed Sheeran,PnB Rock
Ed Sheeran,Chance the Rapper
PnB Rock,Chance the Rapper
Ed Sheeran,Cherry Poppadom Netorare Massacre
Ed Sheeran,PnB Rock
Ed Sheeran,Chance the Rapper
PnB Rock,Chance the Rapper
Ed Sheeran,Chip
Ed Sheeran,Devlin
Ed Sheeran,Plan B
Chip,Devlin
Chip,Plan B
Devlin,Plan B
Future,Ed Sheeran
Future,Taylor Swift
Ed Sheeran,Taylor Swift
Ed Sheeran,The Weeknd
Ed Sheeran,The Weeknd
Ed Sheeran,The Weeknd
Ed Sheeran,PnB Rock
Ed Sheeran,Chance the Rapper
PnB Rock,Chance the Rapper
Ed Sheeran,The Weeknd
Future,Ed Sheeran
Future,Taylor Swift
Ed Sheeran,Taylor Swift
Future,Ed Sheeran
Future,Taylor Swift
Ed Sheeran,Taylor Swift
Ed Sheeran,Beats International
Fireboy DML,Ed Sheeran
Fireboy DML,DJC
Ed Sheeran,DJC
Ed Sheeran,Jamie Lawson
Ed Sheeran,Santhosh Narayanan
Ed Sheeran,Dhee
Ed Sheeran,Hanumankind
Santhosh Narayanan,Dhee
Santhosh Narayanan,Hanumankind
Dhee,Hanumankind
Ed Sheeran,Elton John
Ed Sheeran,PnB Rock
Ed Sheeran,Chance the Rapper
PnB Rock,Chance the Rapper
Ed Sheeran,PnB Rock
Ed Sheeran,Chance the Rapper
PnB Rock,Chance the Rapper
Ed Sheeran,Soul II Soul
Krept & Konan,Ed Sheeran
Future,Ed Sheeran
Future,Taylor Swift
Ed Sheeran,Taylor Swift
Ed Sheeran,Macklemore & Ryan Lewis
Young Thug,Ed Sheeran
Young Thug,J Hus
Ed Sheeran,J Hus
Ed Sheeran,Taylor Swift
Ed Sheeran,Mic Righteous
Ed Sheeran,Taylor Swift
Ed Sheeran,Taylor Swift
Ed Sheeran,Taylor Swift
Ed Sheeran,Taylor Swift
Papoose,Big Narstie
Papoose,Ed Sheeran
Big Narstie,Ed Sheeran
Ed Sheeran,Taylor Swift
Young Thug,Ed Sheeran
Young Thug,J Hus
Ed Sheeran,J Hus
Ed Sheeran,J Balvin
Ed Sheeran,P Money
Ed Sheeran,Dot Rotten
Ed Sheeran,Yelawolf
Ed Sheeran,Burna Boy
Ed Sheeran,Macklemore & Ryan Lewis
Ed Sheeran,Taylor Swift
Ed Sheeran,Taylor Swift
Master Shortie,Ed Sheeran
Ed Sheeran,Taylor Swift
Ed Sheeran,Taylor Swift
Ed Sheeran,Taylor Swift
Ed Sheeran,Alan Walker
Ed Sheeran,Calvin Harris
Alan Walker,Calvin Harris
Ed Sheeran,Taylor Swift
Ed Sheeran,Devlin
Ed Sheeran,Justin Bieber
Ed Sheeran,Rudimental
Ed Sheeran,Rudimental
Ed Sheeran,Justin Bieber
Ed Sheeran,Jonita Gandhi
Ed Sheeran,Beéle
Ed Sheeran,Shakira
Beéle,Shakira
Ed Sheeran,Rudimental
Ed Sheeran,Rudimental
Ed Sheeran,Rudimental
Vic Mensa,Big Sean
Vic Mensa,Ed Sheeran
Vic Mensa,Rudimental
Big Sean,Ed Sheeran
Big Sean,Rudimental
Ed Sheeran,Rudimental
Wretch 32,Ed Sheeran
Wretch 32,Ed Sheeran
Ed Sheeran,Justin Bieber
Wretch 32,Ed Sheeran
Ed Sheeran,Rudimental
Ed Sheeran,Rudimental
Ed Sheeran,The Game
Wretch 32,Ed Sheeran
Ed Sheeran,Rudimental
Ed Sheeran,Rudimental
Ed Sheeran,Justin Bieber
Wretch 32,Ed Sheeran
Ed Sheeran,Rudimental
Ed Sheeran,Rudimental
Wretch 32,Ed Sheeran
Wretch 32,Ed Sheeran
Ed Sheeran,Rudimental
Ed Sheeran,Passenger
Ed Sheeran,Megan Moroney
Wretch 32,Ed Sheeran
Ed Sheeran,Rudimental
Ed Sheeran,H.E.R.
Wretch 32,Ed Sheeran
Ed Sheeran,H.E.R.
Ed Sheeran,Rudimental
Ed Sheeran,Rudimental
Wretch 32,Ed Sheeran
Ed Sheeran,Rudimental
Ed Sheeran,Rudimental
Ed Sheeran,Justin Bieber
Ed Sheeran,Alexa
Ed Sheeran,Wiley
Wretch 32,Ed Sheeran
Ed Sheeran,Tori Kelly
Wretch 32,Ed Sheeran
Wretch 32,Ed Sheeran
Ed Sheeran,Big Narstie
Ed Sheeran,Rudimental
Ed Sheeran,Rudimental
Ed Sheeran,Luke Combs
Aitch,Ed Sheeran
Ed Sheeran,Lupe Fiasco
Ed Sheeran,Labrinth
Ed Sheeran,Devlin
Labrinth,Devlin
Snow Patrol,Ed Sheeran
Ed Sheeran,Elton John
Mikill Pane,Ed Sheeran
D‐Block Europe,Ed Sheeran
Ed Sheeran,Elton John
Ed Sheeran,Passenger
Ed Sheeran,Dave
Ed Sheeran,Paulo Londra
Dave,Paulo Londra
Ed Sheeran,Little Mix
Ed Sheeran,Passenger
Ed Sheeran,Lupe Fiasco
Ed Sheeran,Ariana Grande
Ed Sheeran,Passenger
Ed Sheeran,Dave
Ed Sheeran,Paulo Londra
Dave,Paulo Londra
Ed Sheeran,ShezAr
Ed Sheeran,Labrinth
Ed Sheeran,Devlin
Ed Sheeran,Wretch 32
ShezAr,Labrinth
ShezAr,Devlin
ShezAr,Wretch 32
Labrinth,Devlin
Labrinth,Wretch 32
Devlin,Wretch 32
Maroon 5,Ed Sheeran
Ed Sheeran,Paulo Londra
Aitch,Ed Sheeran
Ed Sheeran,Yelawolf
Ed Sheeran,Lupe Fiasco
Ed Sheeran,Example
Ed Sheeran,N*E*R*D
Sway Dasafo,Ed Sheeran
Sway Dasafo,Random Impulse
Sway Dasafo,Wretch 32
Ed Sheeran,Random Impulse
Ed Sheeran,Wretch 32
Random Impulse,Wretch 32
Ed Sheeran,Yelawolf
Ed Sheeran,P Money
Ed Sheeran,Lupe Fiasco
Ed Sheeran,Passenger
Ed Sheeran,Toto
Ed Sheeran,The Police
Toto,The Police
Fireboy DML,Ed Sheeran
Eminem,Ed Sheeran
Ed Sheeran,Taylor Swift
Ed Sheeran,Hus Kingpin
Fireboy DML,Ed Sheeran
Ella Mai,Ed Sheeran
Eminem,Ed Sheeran
Eminem,50 Cent
Ed Sheeran,50 Cent
Fireboy DML,Ed Sheeran
Ella Mai,Ed Sheeran
Fireboy DML,Ed Sheeran
Andrea Bocelli,Ed Sheeran
Ed Sheeran,Taylor Swift
Eminem,Ed Sheeran
Eminem,Ed Sheeran
Eminem,50 Cent
Ed Sheeran,50 Cent
Stormzy,Ed Sheeran
Stormzy,Burna Boy
Ed Sheeran,Burna Boy
Stormzy,Ed Sheeran
Stormzy,Burna Boy
Ed Sheeran,Burna Boy
Fireboy DML,Ed Sheeran
Eminem,Ed Sheeran
Ed Sheeran,Jme
Ed Sheeran,Chris Moyles
Eminem,Ed Sheeran
Ed Sheeran,Arijit Singh
Ed Sheeran,Jme
Ed Sheeran,Beyoncé
Ed Sheeran,Ultimo
Alonestar,Ed Sheeran
Fireboy DML,Ed Sheeran
Ed Sheeran,Koni
Stormzy,Ed Sheeran
Stormzy,Burna Boy
Ed Sheeran,Burna Boy
Alonestar,Ed Sheeran
Alonestar,Chief $upreme
Ed Sheeran,Chief $upreme
Ed Sheeran,The Game
Alonestar,Ed Sheeran
Alonestar,Trunkie
Ed Sheeran,Trunkie
Eminem,Ed Sheeran
Eminem,50 Cent
Ed Sheeran,50 Cent
Ed Sheeran,Ultimo
Fireboy DML,Ed Sheeran
Ed Sheeran,Jme
Ed Sheeran,Nekfeu
Ed Sheeran,Taylor Swift
Eminem,Ed Sheeran
Eminem,50 Cent
Ed Sheeran,50 Cent
Fireboy DML,Ed Sheeran
DJ Milton,Ed Sheeran
Cardi B,Ed Sheeran
Cardi B,Camila Cabello
Ed Sheeran,Camila Cabello
Cardi B,Ed Sheeran
Cardi B,Camila Cabello
Ed Sheeran,Camila Cabello
Ed Sheeran,J Balvin
Ed Sheeran,Nyla
Ed Sheeran,Kranium
Nyla,Kranium
Ed Sheeran,SLAVA MARLOW
Ed Sheeran,FEDUK
SLAVA MARLOW,FEDUK
Ed Sheeran,Jerry Wallis
Ed Sheeran,Camila Cabello
Ed Sheeran,TLC
Cardi B,Ed Sheeran
Cardi B,Camila Cabello
Ed Sheeran,Camila Cabello
Ed Sheeran,Alicia Keys
Ed Sheeran,Tory Lanez
Ed Sheeran,Tory Lanez
Disturbed,Ed Sheeran
Ed Sheeran,Zion & Lennox
Ed Sheeran,Dirty Ducks
Ed Sheeran,J Balvin
Ed Sheeran,Tory Lanez
Cardi B,Ed Sheeran
Cardi B,Camila Cabello
Ed Sheeran,Camila Cabello
Ed Sheeran,LadBaby
Ed Sheeran,Elton John
LadBaby,Elton John
Cardi B,Ed Sheeran
Cardi B,Camila Cabello
Ed Sheeran,Camila Cabello
Wale,Ed Sheeran
Ed Sheeran,Jessi
Ed Sheeran,SUNMI
Jessi,SUNMI
Cardi B,Ed Sheeran
Cardi B,Camila Cabello
Ed Sheeran,Camila Cabello
Ed Sheeran,PSY
Ed Sheeran,Nekfeu
Ed Sheeran,Devlin
Stormzy,Ed Sheeran
Ed Sheeran,Taylor Swift
Ed Sheeran,Burna Boy
Ed Sheeran,Sonny Fodera
Burna Boy,Sonny Fodera
Ed Sheeran,Devlin
Stormzy,Ed Sheeran
Stormzy,Aitch
Stormzy,JayKae
Ed Sheeran,Aitch
Ed Sheeran,JayKae
Aitch,JayKae
Ed Sheeran,Karan Aujla
Stormzy,Ed Sheeran
Stormzy,Aitch
Stormzy,JayKae
Ed Sheeran,Aitch
Ed Sheeran,JayKae
Aitch,JayKae
Ed Sheeran,Devlin
Stormzy,Ed Sheeran
Stormzy,Aitch
Stormzy,JayKae
Ed Sheeran,Aitch
Ed Sheeran,JayKae
Aitch,JayKae
Ed Sheeran,Devlin
Ed Sheeran,Taylor Swift
Stormzy,Ed Sheeran
Ed Sheeran,Devlin
Ed Sheeran,DJ ICE
Ed Sheeran,Devlin
Ed Sheeran,Skrillex
Ed Sheeran,Ty Dolla $ign
Ed Sheeran,Fabolous
Ed Sheeran,YG
Ty Dolla $ign,Fabolous
Ty Dolla $ign,YG
Fabolous,YG
Ed Sheeran,Skrillex
Richard Jones,Ed Sheeran
Richard Jones,Mike Rutherford
Richard Jones,Nick Mason
Richard Jones,David Arnold
Ed Sheeran,Mike Rutherford
Ed Sheeran,Nick Mason
Ed Sheeran,David Arnold
Mike Rutherford,Nick Mason
Mike Rutherford,David Arnold
Nick Mason,David Arnold
Ed Sheeran,Yelawolf
Eminem,Ed Sheeran
Ed Sheeran,Scrufizzer
Ed Sheeran,Dot Rotten
Scrufizzer,Dot Rotten
Ed Sheeran,Wiley
Eminem,Ed Sheeran
Ed Sheeran,Devlin
Ed Sheeran,Wretch 32
Devlin,Wretch 32
Ed Sheeran,Sam Smith
Ed Sheeran,Naughty Boy
Ed Sheeran,Devlin
Ed Sheeran,Yasmin
Ed Sheeran,Lewi White
Ed Sheeran,Griminal
Devlin,Yasmin
Devlin,Lewi White
Devlin,Griminal
Yasmin,Lewi White
Yasmin,Griminal
Lewi White,Griminal
Ed Sheeran,Тарас Тополя
Ed Sheeran,U2
Тарас Тополя,U2
Ed Sheeran,Devlin
Ed Sheeran,Yasmin
Ed Sheeran,Lewi White
Ed Sheeran,Griminal
Devlin,Yasmin
Devlin,Lewi White
Devlin,Griminal
Yasmin,Lewi White
Yasmin,Griminal
Lewi White,Griminal
The Shin Sekaï,Major Lazer
The Shin Sekaï,Ariana Grande
The Shin Sekaï,Machel Montano
Major Lazer,Ariana Grande
Major Lazer,Machel Montano
Ariana Grande,Machel Montano
Bulgarian State Radio & Television Female Vocal Choir,Ariana Grande
Bulgarian State Radio & Television Female Vocal Choir,Tchami
Ariana Grande,Tchami
Arturo Sandoval,Pharrell Williams
Arturo Sandoval,Ariana Grande
Pharrell Williams,Ariana Grande
Jessie J,Nicki Minaj
Jessie J,Ariana Grande
Nicki Minaj,Ariana Grande
Major Lazer,Ariana Grande
Ariana Grande,Mac Miller
Ariana Grande,2 Chainz
Cashmere Cat,Ariana Grande
Ariana Grande,Doja Cat
Ariana Grande,Megan Thee Stallion
Doja Cat,Megan Thee Stallion
Ariana Grande,Nathan Sykes
Normani,Nicki Minaj
Normani,Ariana Grande
Nicki Minaj,Ariana Grande
Ariana Grande,Doja Cat
Ariana Grande,Megan Thee Stallion
Doja Cat,Megan Thee Stallion
Ariana Grande,Idina Menzel
Ariana Grande,Vini Vici
Jessie J,Nicki Minaj
Jessie J,Ariana Grande
Nicki Minaj,Ariana Grande
Ariana Grande,葉加瀬太郎
Ariana Grande,Nathan Sykes
Ariana Grande,葉加瀬太郎
Ariana Grande,Dua Lipa
Jessie J,Nicki Minaj
Jessie J,Ariana Grande
Nicki Minaj,Ariana Grande
Jessie J,Nicki Minaj
Jessie J,Ariana Grande
Nicki Minaj,Ariana Grande
Jessie J,Nicki Minaj
Jessie J,Ariana Grande
Nicki Minaj,Ariana Grande
Ariana Grande,Nathan Sykes
Ariana Grande,Kore‐G
Ariana Grande,Doja Cat
Ariana Grande,Megan Thee Stallion
Doja Cat,Megan Thee Stallion
Jessie J,Nicki Minaj
Jessie J,Ariana Grande
Nicki Minaj,Ariana Grande
Jessie J,Nicki Minaj
Jessie J,Ariana Grande
Nicki Minaj,Ariana Grande
Arturo Sandoval,Pharrell Williams
Arturo Sandoval,Ariana Grande
Pharrell Williams,Ariana Grande
Ariana Grande,Nathan Sykes
[theatre],Ariana Grande
[theatre],Graham Phillips
Ariana Grande,Graham Phillips
Ariana Grande,Doja Cat
Ariana Grande,Megan Thee Stallion
Doja Cat,Megan Thee Stallion
Jessie J,Nicki Minaj
Jessie J,Ariana Grande
Nicki Minaj,Ariana Grande
Jessie J,Nicki Minaj
Jessie J,Ariana Grande
Nicki Minaj,Ariana Grande
Ariana Grande,2 Chainz
Jessie J,Nicki Minaj
Jessie J,Ariana Grande
Nicki Minaj,Ariana Grande
Ariana Grande,Doja Cat
Ariana Grande,Megan Thee Stallion
Doja Cat,Megan Thee Stallion
Ariana Grande,Idina Menzel
Ariana Grande,Mxxnlight
Jessie J,Nicki Minaj
Jessie J,Ariana Grande
Nicki Minaj,Ariana Grande
Jessie J,Nicki Minaj
Jessie J,Ariana Grande
Nicki Minaj,Ariana Grande
Binary Finary,Ariana Grande
Binary Finary,Romy
Ariana Grande,Romy
Ariana Grande,Doja Cat
Ariana Grande,Megan Thee Stallion
Doja Cat,Megan Thee Stallion
Jessie J,Nicki Minaj
Jessie J,Ariana Grande
Nicki Minaj,Ariana Grande
John Powell,Ariana Grande
John Powell,Stephen Schwartz
John Powell,Cynthia Erivo
Ariana Grande,Stephen Schwartz
Ariana Grande,Cynthia Erivo
Stephen Schwartz,Cynthia Erivo
Major Lazer,Ariana Grande
Major Lazer,Machel Montano
Ariana Grande,Machel Montano
Jessie J,Nicki Minaj
Jessie J,Ariana Grande
Nicki Minaj,Ariana Grande
Major Lazer,Ariana Grande
[theatre],Ariana Grande
[theatre],Graham Phillips
Ariana Grande,Graham Phillips
Jessie J,Nicki Minaj
Jessie J,Ariana Grande
Nicki Minaj,Ariana Grande
Meghan Trainor,Ariana Grande
Meghan Trainor,Who Is Fancy
Ariana Grande,Who Is Fancy
Zedd,Ariana Grande
Zedd,Ariana Grande
Cashmere Cat,Ariana Grande
Zedd,Ariana Grande
Jessie J,Nicki Minaj
Jessie J,Ariana Grande
Nicki Minaj,Ariana Grande
Jessie J,Nicki Minaj
Jessie J,Ariana Grande
Nicki Minaj,Ariana Grande
Zedd,Ariana Grande
Zedd,Ariana Grande
Zedd,Ariana Grande
Ariana Grande,Social House
Missy Elliott,Ariana Grande
Ariana Grande,Social House
Nicki Minaj,Ariana Grande
Jessie J,Nicki Minaj
Jessie J,Ariana Grande
Nicki Minaj,Ariana Grande
Jessie J,Nicki Minaj
Jessie J,Ariana Grande
Nicki Minaj,Ariana Grande
Jessie J,Nicki Minaj
Jessie J,Ariana Grande
Nicki Minaj,Ariana Grande
Ariana Grande,Big Sean
Jessie J,Nicki Minaj
Jessie J,Ariana Grande
Nicki Minaj,Ariana Grande
Victoria Monét,Ariana Grande
Jessie J,Nicki Minaj
Jessie J,Ariana Grande
Nicki Minaj,Ariana Grande
Missy Elliott,Ariana Grande
Nicki Minaj,Ariana Grande
Zedd,Ariana Grande
[theatre],Ariana Grande
[theatre],Brynn Williams
[theatre],Caitlin Gann
Ariana Grande,Brynn Williams
Ariana Grande,Caitlin Gann
Brynn Williams,Caitlin Gann
John Legend,Ariana Grande
Jessie J,Nicki Minaj
Jessie J,Ariana Grande
Nicki Minaj,Ariana Grande
Jessie J,Nicki Minaj
Jessie J,Ariana Grande
Nicki Minaj,Ariana Grande
Nicki Minaj,Ariana Grande
Zedd,Ariana Grande
Missy Elliott,Ariana Grande
John Legend,Ariana Grande
Ariana Grande,Social House
Zedd,Ariana Grande
Zedd,Ariana Grande
John Legend,Ariana Grande
Jessie J,Nicki Minaj
Jessie J,Ariana Grande
Nicki Minaj,Ariana Grande
Jessie J,Nicki Minaj
Jessie J,Ariana Grande
Nicki Minaj,Ariana Grande
Zedd,Ariana Grande
Crybaby Cereal,Ariana Grande
John Legend,Ariana Grande
Ariana Grande,Social House
Nicki Minaj,Ariana Grande
Zedd,Ariana Grande
Zedd,Ariana Grande
Cashmere Cat,Ariana Grande
Zedd,Ariana Grande
Zedd,Ariana Grande
Jessie J,Nicki Minaj
Jessie J,Ariana Grande
Nicki Minaj,Ariana Grande
Crybaby Cereal,Ariana Grande
Jessie J,Nicki Minaj
Jessie J,Ariana Grande
Nicki Minaj,Ariana Grande
Nicki Minaj,Ariana Grande
Zedd,Ariana Grande
Nicki Minaj,Ariana Grande
Zedd,Ariana Grande
Jessie J,Nicki Minaj
Jessie J,Ariana Grande
Nicki Minaj,Ariana Grande
Zedd,Ariana Grande
Ariana Grande,Social House
John Legend,Ariana Grande
Zedd,Ariana Grande
Zedd,Ariana Grande
Jessie J,Nicki Minaj
Jessie J,Ariana Grande
Nicki Minaj,Ariana Grande
Nicki Minaj,Ariana Grande
Ariana Grande,Big Sean
Pharrell Williams,Ariana Grande
Pharrell Williams,Ariana Grande
Missy Elliott,Ariana Grande
Jessie J,Nicki Minaj
Jessie J,Ariana Grande
Nicki Minaj,Ariana Grande
Ariana Grande,Big Sean
Pharrell Williams,Ariana Grande
Zedd,Ariana Grande
Ariana Grande,Dua Lipa
Heidi Gardner,Ego Nwodim
Heidi Gardner,Ariana Grande
Heidi Gardner,Sarah Squirm Sherman
Ego Nwodim,Ariana Grande
Ego Nwodim,Sarah Squirm Sherman
Ariana Grande,Sarah Squirm Sherman
Lana Del Rey,Ariana Grande
Lana Del Rey,Miley Cyrus
Ariana Grande,Miley Cyrus
Childish Gambino,Ariana Grande
Shiz University Choir,Ariana Grande
Childish Gambino,Ariana Grande
Ariana Grande,Cynthia Erivo
Jonathan Bailey,Marissa Bode
Jonathan Bailey,Ariana Grande
Jonathan Bailey,Ethan Slater
Jonathan Bailey,Cynthia Erivo
Marissa Bode,Ariana Grande
Marissa Bode,Ethan Slater
Marissa Bode,Cynthia Erivo
Ariana Grande,Ethan Slater
Ariana Grande,Cynthia Erivo
Ethan Slater,Cynthia Erivo
Lana Del Rey,Ariana Grande
Lana Del Rey,Miley Cyrus
Ariana Grande,Miley Cyrus
Jonathan Bailey,Marissa Bode
Jonathan Bailey,Ariana Grande
Jonathan Bailey,Ethan Slater
Jonathan Bailey,Cynthia Erivo
Marissa Bode,Ariana Grande
Marissa Bode,Ethan Slater
Marissa Bode,Cynthia Erivo
Ariana Grande,Ethan Slater
Ariana Grande,Cynthia Erivo
Ethan Slater,Cynthia Erivo
Ariana Grande,The Weeknd
Shiz University Choir,Ariana Grande
Childish Gambino,Ariana Grande
Ariana Grande,Troye Sivan
Ariana Grande,The Weeknd
Ariana Grande,The Weeknd
Ariana Grande,Cynthia Erivo
Ariana Grande,Troye Sivan
Ariana Grande,Troye Sivan
Sky Blu,Ariana Grande
Ariana Grande,The Weeknd
Childish Gambino,Ariana Grande
Ariana Grande,Cynthia Erivo
Childish Gambino,Ariana Grande
Ariana Grande,Jennifer Hudson
杨紫琼,Ariana Grande
杨紫琼,Cynthia Erivo
Ariana Grande,Cynthia Erivo
Andrea Bocelli,Ariana Grande
Future,Ariana Grande
Future,Ariana Grande
Ariana Grande,Zach Sang
Ariana Grande,Miley Cyrus
Ariana Grande,Miley Cyrus
Kristin Chenoweth,Ariana Grande
Kristin Chenoweth,Idina Menzel
Kristin Chenoweth,Cynthia Erivo
Ariana Grande,Idina Menzel
Ariana Grande,Cynthia Erivo
Idina Menzel,Cynthia Erivo
Nicki Minaj,Ariana Grande
Ariana Grande,Cynthia Erivo
BIA,Ariana Grande
Future,Ariana Grande
Lana Del Rey,Ariana Grande
Lana Del Rey,Miley Cyrus
Ariana Grande,Miley Cyrus
BIA,Ariana Grande
Kristin Chenoweth,Ariana Grande
Kristin Chenoweth,Idina Menzel
Kristin Chenoweth,Cynthia Erivo
Ariana Grande,Idina Menzel
Ariana Grande,Cynthia Erivo
Idina Menzel,Cynthia Erivo
Ariana Grande,Tronicbox
Nicki Minaj,Ariana Grande
Future,Ariana Grande
Future,Ariana Grande
John Legend,Ariana Grande
Ariana Grande,Stevie Wonder
NJOMZA,Ariana Grande
Liz Gillies,Ariana Grande
Crybaby Cereal,Ariana Grande
Future,Ariana Grande
Ariana Grande,Cynthia Erivo
KSHMR,Ariana Grande
KSHMR,The Golden Army
KSHMR,Ramin Djawadi
Ariana Grande,The Golden Army
Ariana Grande,Ramin Djawadi
The Golden Army,Ramin Djawadi
Future,Ariana Grande
Ariana Grande,Cynthia Erivo
Crybaby Cereal,Ariana Grande
Ariana Grande,Cynthia Erivo
Ariana Grande,FERG
Ariana Grande,Zach Sang
Ariana Grande,Jeff Goldblum
Ariana Grande,FERG
Young Thug,Pharrell Williams
Young Thug,Ariana Grande
Young Thug,Calvin Harris
Pharrell Williams,Ariana Grande
Pharrell Williams,Calvin Harris
Ariana Grande,Calvin Harris
Bekuh BOOM,Ariana Grande
Ariana Grande,Zach Sang
Ariana Grande,Mxxnlight
Ariana Grande,The Dap‐Kings
Ariana Grande,Lizzo
Frankie Grande,Ariana Grande
Ariana Grande,Doja Cat
Ariana Grande,Lizzo
Ariana Grande,Mxxnlight
Ariana Grande,Lizzo
Ariana Grande,Doja Cat
The Mildred Snitzer Orchestra,Ariana Grande
The Mildred Snitzer Orchestra,Jeff Goldblum
Ariana Grande,Jeff Goldblum
Ariana Grande,Doja Cat
Victoria Monét,Ariana Grande
Ariana Grande,Bruno Mars
Ariana Grande,Tronicbox
Ariana Grande,Jimmy Fallon
Ariana Grande,Megan Thee Stallion
Jimmy Fallon,Megan Thee Stallion
Lil Wayne,Ariana Grande
Ariana Grande,Kid Cudi
Lil Wayne,Ariana Grande
Macy Gray,Ariana Grande
Ariana Grande,Kid Cudi
Ariana Grande,Jimmy Fallon
Ariana Grande,Megan Thee Stallion
Jimmy Fallon,Megan Thee Stallion
Victoria Justice,Ariana Grande
Macy Gray,Ariana Grande
Lil Wayne,Ariana Grande
Ariana Grande,Jimmy Fallon
Ariana Grande,Megan Thee Stallion
Jimmy Fallon,Megan Thee Stallion
Lil Wayne,Ariana Grande
Ariana Grande,Aaliyah
Macy Gray,Ariana Grande
Ariana Grande,Mac Miller
Gavin Graham,Ariana Grande
Ariana Grande,Kid Cudi
Ariana Grande,Kid Cudi
Ariana Grande,Zach Sang
Ariana Grande,Mac Miller
Macy Gray,Ariana Grande
Ariana Grande,Kid Cudi
Ariana Grande,Kid Cudi
Ariana Grande,Demi Lovato
Crybaby Cereal,Victoria Monét
Crybaby Cereal,Ariana Grande
Victoria Monét,Ariana Grande
Ariana Grande,Doja Cat
Ariana Grande,The Weeknd
Victoria Monét,Ariana Grande
Ariana Grande,The Weeknd
Dove Cameron,Kristin Chenoweth
Dove Cameron,Ariana Grande
Dove Cameron,Harvey Fierstein
Dove Cameron,Andrea Martin
Dove Cameron,Maddie Baillio
Kristin Chenoweth,Ariana Grande
Kristin Chenoweth,Harvey Fierstein
Kristin Chenoweth,Andrea Martin
Kristin Chenoweth,Maddie Baillio
Ariana Grande,Harvey Fierstein
Ariana Grande,Andrea Martin
Ariana Grande,Maddie Baillio
Harvey Fierstein,Andrea Martin
Harvey Fierstein,Maddie Baillio
Andrea Martin,Maddie Baillio
Ariana Grande,The Weeknd
Ariana Grande,Doja Cat
Ariana Grande,Doja Cat
Ariana Grande,The Weekend
Ariana Grande,The Weeknd
Ariana Grande,The Weeknd
Ariana Grande,The Weeknd
Ariana Grande,The Weeknd
Ariana Grande,Demi Lovato
Crybaby Cereal,Ariana Grande
Ariana Grande,Demi Lovato
Ariana Grande,The Weeknd
Ariana Grande,The Weeknd
Ariana Grande,The Weeknd
Ariana Grande,The Weeknd
Ariana Grande,The Weeknd
Victoria Monét,Ariana Grande
Ariana Grande,Rihanna
Ariana Grande,Kölsch
Rihanna,Kölsch
Ariana Grande,Doja Cat
Crybaby Cereal,Ariana Grande
Ariana Grande,Demi Lovato
Ariana Grande,The Weeknd
Ariana Grande,Mac Miller
Victoria Monét,Ariana Grande
Ariana Grande,The Weeknd
Ariana Grande,Demi Lovato
Ariana Grande,Demi Lovato
Ariana Grande,The Weeknd
Ariana Grande,The Weeknd
Ariana Grande,The Weeknd
Ariana Grande,The Weeknd
Ariana Grande,Demi Lovato
Ariana Grande,Tronicbox
BIA,Ariana Grande
Ariana Grande,Mac Miller
Ariana Grande,The Weeknd
Ariana Grande,Mxxnlight
Ariana Grande,Kendji Girac
Ariana Grande,Mxxnlight
Ariana Grande,Tronicbox
Marjorie Grande,Ariana Grande
Ariana Grande,Nathan Sykes
Ariana Grande,Mariah Carey
Ariana Grande,Jennifer Hudson
Mariah Carey,Jennifer Hudson
Ariana Grande,Nathan Sykes
The Roots,Ariana Grande
The Roots,Jimmy Fallon
Ariana Grande,Jimmy Fallon
Marjorie Grande,Ariana Grande
Mase,Ariana Grande
Mase,Diddy
Ariana Grande,Diddy
Ariana Grande,Mariah Carey
Ariana Grande,Jennifer Hudson
Mariah Carey,Jennifer Hudson
Ariana Grande,DJ Mich
Ariana Grande,The Weeknd
Sam Carter,Ariana Grande
Ariana Grande,Zach Sang
Ellie Goulding,Nicki Minaj
Ellie Goulding,Rita Ora
Ellie Goulding,Rihanna
Ellie Goulding,Ariana Grande
Ellie Goulding,Little Mix
Ellie Goulding,Fleur East
Ellie Goulding,Demi Lovato
Ellie Goulding,Jessie J
Ellie Goulding,Calvin Harris
Nicki Minaj,Rita Ora
Nicki Minaj,Rihanna
Nicki Minaj,Ariana Grande
Nicki Minaj,Little Mix
Nicki Minaj,Fleur East
Nicki Minaj,Demi Lovato
Nicki Minaj,Jessie J
Nicki Minaj,Calvin Harris
Rita Ora,Rihanna
Rita Ora,Ariana Grande
Rita Ora,Little Mix
Rita Ora,Fleur East
Rita Ora,Demi Lovato
Rita Ora,Jessie J
Rita Ora,Calvin Harris
Rihanna,Ariana Grande
Rihanna,Little Mix
Rihanna,Fleur East
Rihanna,Demi Lovato
Rihanna,Jessie J
Rihanna,Calvin Harris
Ariana Grande,Little Mix
Ariana Grande,Fleur East
Ariana Grande,Demi Lovato
Ariana Grande,Jessie J
Ariana Grande,Calvin Harris
Little Mix,Fleur East
Little Mix,Demi Lovato
Little Mix,Jessie J
Little Mix,Calvin Harris
Fleur East,Demi Lovato
Fleur East,Jessie J
Fleur East,Calvin Harris
Demi Lovato,Jessie J
Demi Lovato,Calvin Harris
Jessie J,Calvin Harris
Chaka Khan,Ariana Grande
Crybaby Cereal,Ariana Grande
Ed Sheeran,Ariana Grande
Ariana Grande,Mxxnlight
Ariana Grande,Nathan Sykes
Michael McCorry Rose,Kristin Chenoweth
Michael McCorry Rose,Ariana Grande
Michael McCorry Rose,Cynthia Erivo
Michael McCorry Rose,Idina Menzel
Kristin Chenoweth,Ariana Grande
Kristin Chenoweth,Cynthia Erivo
Kristin Chenoweth,Idina Menzel
Ariana Grande,Cynthia Erivo
Ariana Grande,Idina Menzel
Cynthia Erivo,Idina Menzel
Michael McCorry Rose,Kristin Chenoweth
Michael McCorry Rose,Ariana Grande
Michael McCorry Rose,Cynthia Erivo
Michael McCorry Rose,Idina Menzel
Kristin Chenoweth,Ariana Grande
Kristin Chenoweth,Cynthia Erivo
Kristin Chenoweth,Idina Menzel
Ariana Grande,Cynthia Erivo
Ariana Grande,Idina Menzel
Cynthia Erivo,Idina Menzel
Ariana Grande,Nathan Sykes
Ariana Grande,Fedez
Ariana Grande,The Weeknd
Courtney‐Mae Briggs,Sharon D. Clarke
Courtney‐Mae Briggs,Andy Nyman
Courtney‐Mae Briggs,Ariana Grande
Courtney‐Mae Briggs,Jenna Boyd
Courtney‐Mae Briggs,Jeff Goldblum
Sharon D. Clarke,Andy Nyman
Sharon D. Clarke,Ariana Grande
Sharon D. Clarke,Jenna Boyd
Sharon D. Clarke,Jeff Goldblum
Andy Nyman,Ariana Grande
Andy Nyman,Jenna Boyd
Andy Nyman,Jeff Goldblum
Ariana Grande,Jenna Boyd
Ariana Grande,Jeff Goldblum
Jenna Boyd,Jeff Goldblum
Ariana Grande,Zach Sang
Marjorie Grande,Ariana Grande
Courtney‐Mae Briggs,Sharon D. Clarke
Courtney‐Mae Briggs,Andy Nyman
Courtney‐Mae Briggs,Ariana Grande
Courtney‐Mae Briggs,Jenna Boyd
Courtney‐Mae Briggs,Jeff Goldblum
Sharon D. Clarke,Andy Nyman
Sharon D. Clarke,Ariana Grande
Sharon D. Clarke,Jenna Boyd
Sharon D. Clarke,Jeff Goldblum
Andy Nyman,Ariana Grande
Andy Nyman,Jenna Boyd
Andy Nyman,Jeff Goldblum
Ariana Grande,Jenna Boyd
Ariana Grande,Jeff Goldblum
Jenna Boyd,Jeff Goldblum
Ariana Grande,Mariah Carey
Ariana Grande,Barbra Streisand
Mariah Carey,Barbra Streisand
Marjorie Grande,Ariana Grande
Ariana Grande,The Weeknd
Ariana Grande,Mariah Carey
Ariana Grande,Barbra Streisand
Mariah Carey,Barbra Streisand
Marjorie Grande,Ariana Grande
Ariana Grande,The Weeknd
Iggy Azalea,Ariana Grande
Iggy Azalea,Ariana Grande
MIKA,Ariana Grande
Ariana Grande,Lady Gaga
Iggy Azalea,Ariana Grande
Iggy Azalea,Ariana Grande
Ariana Grande,DJ Dave Aguilar
Iggy Azalea,Ariana Grande
Iggy Azalea,Ariana Grande
Iggy Azalea,Ariana Grande
Iggy Azalea,J Balvin
Ariana Grande,J Balvin
Iggy Azalea,Ariana Grande
Ariana Grande,Lady Gaga
Iggy Azalea,Ariana Grande
Iggy Azalea,Ariana Grande
Iggy Azalea,Ariana Grande
Ariana Grande,Lady Gaga
Ariana Grande,Lady Gaga
Iggy Azalea,Ariana Grande
Ariana Grande,Lady Gaga
Iggy Azalea,Ariana Grande
Seiho,Cashmere Cat
Seiho,Ariana Grande
Cashmere Cat,Ariana Grande
Iggy Azalea,Ariana Grande
Iggy Azalea,Ariana Grande
MIKA,Ariana Grande
Ariana Grande,Lady Gaga
Ariana Grande,Lady Gaga
Ariana Grande,Lady Gaga
Iggy Azalea,Ariana Grande
Iggy Azalea,Ariana Grande
Ariana Grande,Lady Gaga
Iggy Azalea,Ariana Grande
Cashmere Cat,Ariana Grande
Ariana Grande,Lady Gaga
Iggy Azalea,Ariana Grande
MIKA,Ariana Grande
Ariana Grande,Remington Glass
Iggy Azalea,Ariana Grande
Ariana Grande,Lady Gaga
Iggy Azalea,Ariana Grande
Ariana Grande,Lady Gaga
Sia,Ariana Grande
Iggy Azalea,Ariana Grande
Iggy Azalea,Ariana Grande
Iggy Azalea,Ariana Grande
Iggy Azalea,Ariana Grande
Iggy Azalea,Ariana Grande
Ariana Grande,Lady Gaga
MIKA,Ariana Grande
Iggy Azalea,Ariana Grande
Justin Bieber,Ariana Grande
Justin Bieber,Sztoss
Justin Bieber,Kaja Czulewicz
Justin Bieber,Quebonafide
Ariana Grande,Sztoss
Ariana Grande,Kaja Czulewicz
Ariana Grande,Quebonafide
Sztoss,Kaja Czulewicz
Sztoss,Quebonafide
Kaja Czulewicz,Quebonafide
Iggy Azalea,Ariana Grande
Iggy Azalea,Rob.B
Iggy Azalea,Ariana Grande
Rob.B,Ariana Grande
Ariana Grande,Lady Gaga
Iggy Azalea,Ariana Grande
Cashmere Cat,Ariana Grande
Ariana Grande,Remington Glass
Ariana Grande,Big Sean
Nicki Minaj,Ariana Grande
Ariana Grande,Big Sean
Nicki Minaj,Ariana Grande
Ty Dolla $ign,Ariana Grande
Nicki Minaj,Ariana Grande
Ariana Grande,Big Sean
Ariana Grande,2 Chainz
Nicki Minaj,Ariana Grande
Ariana Grande,Zach Sang
Ariana Grande,Big Sean
Nicki Minaj,Ariana Grande
Nicki Minaj,Ariana Grande
Ariana Grande,Kelly Clarkson
Ariana Grande,Big Sean
Ariana Grande,Big Sean
Ariana Grande,Kelly Clarkson
Sia,Nicki Minaj
Sia,Ariana Grande
Sia,Rihanna
Nicki Minaj,Ariana Grande
Nicki Minaj,Rihanna
Ariana Grande,Rihanna
Nicki Minaj,Ariana Grande
Ariana Grande,King Los
Ariana Grande,The Weeknd
Ariana Grande,Big Sean
Ariana Grande,Big Sean
Ariana Grande,Kelly Clarkson
Nicki Minaj,Ariana Grande
Ty Dolla $ign,Ariana Grande
Ariana Grande,Kelly Clarkson
Ty Dolla $ign,Ariana Grande
Ty Dolla $ign,Ariana Grande
Nicki Minaj,Ariana Grande
Nicki Minaj,Ariana Grande
Ariana Grande,The Weeknd
Ariana Grande,Big Sean
Ariana Grande,Big Sean
Nicki Minaj,Ariana Grande
Nicki Minaj,Ariana Grande
Ariana Grande,Kelly Clarkson
Justin Bieber,Ariana Grande
Nicki Minaj,Ariana Grande
Ariana Grande,2 Chainz
Liz Gillies,Ariana Grande
Ariana Grande,The Weeknd
Liz Gillies,Ariana Grande
Nicki Minaj,Ariana Grande
Ariana Grande,2 Chainz
Ariana Grande,Big Sean
Ariana Grande,Big Sean
Nicki Minaj,Ariana Grande
Nicki Minaj,Ariana Grande
Ariana Grande,The Weeknd
Nicki Minaj,Ariana Grande
Ariana Grande,Big Sean
Ariana Grande,Big Sean
Ariana Grande,Zach Sang
Brandy,Ariana Grande
Brandy,Monica
Ariana Grande,Monica
Brandy,Ariana Grande
Brandy,Monica
Ariana Grande,Monica
Tinashe,Ariana Grande
Tinashe,Fancy Olsen
Ariana Grande,Fancy Olsen
Ariana Grande,Charli xcx
Ariana Grande,Zach Sang
Ariana Grande,Troye Sivan
Nicki Minaj,Ariana Grande
Brandy,Ariana Grande
Brandy,Monica
Ariana Grande,Monica
Ariana Grande,Fancy Olsen
Justin Bieber,Ariana Grande
Leon Thomas,Ariana Grande
Nicki Minaj,Ariana Grande
Ariana Grande,杨紫琼
Ariana Grande,Graham Phillips
Ariana Grande,Charli xcx
Ariana Grande,Charli xcx
Brandy,Ariana Grande
Brandy,Monica
Ariana Grande,Monica
Ariana Grande,*NSYNC
Justin Bieber,Ariana Grande
Ariana Grande,Mac Miller
Nicki Minaj,Ariana Grande
Ariana Grande,Mac Miller
Nicki Minaj,Ariana Grande
Nicki Minaj,Ariana Grande
Brandy,Ariana Grande
Brandy,Monica
Ariana Grande,Monica
Nicki Minaj,Ariana Grande
Brandy,Ariana Grande
Brandy,Monica
Ariana Grande,Monica
Brandy,Ariana Grande
Brandy,Monica
Ariana Grande,Monica
Nicki Minaj,Ariana Grande
Justin Bieber,Ariana Grande
Ariana Grande,Troye Sivan
Brandy,Ariana Grande
Brandy,Monica
Ariana Grande,Monica
Justin Bieber,Ariana Grande
Ariana Grande,Mac Miller
Nicki Minaj,Ariana Grande
Justin Bieber,Ariana Grande
Brandy,Ariana Grande
Brandy,Monica
Ariana Grande,Monica
Jackie Moore,Ariana Grande
Ariana Grande,Troye Sivan
Nicki Minaj,Ariana Grande
Ariana Grande,Mac Miller
Ariana Grande,Mac Miller
Ariana Grande,Mac Miller
Swedish House Mafia,Alicia Keys
Swedish House Mafia,Ariana Grande
Alicia Keys,Ariana Grande
Ariana Grande,Mac Miller
Ariana Grande,Mac Miller
Ariana Grande,Mac Miller
Ariana Grande,Donald Glover
Childish Gambino,Ariana Grande
Joji,Ariana Grande
Ariana Grande,Mac Miller
Ariana Grande,Mac Miller
Ariana Grande,Mac Miller
Ariana Grande,Fabolous
Childish Gambino,Ariana Grande
Ariana Grande,Jasmin
Childish Gambino,Ariana Grande
Ariana Grande,Mac Miller
Ariana Grande,Mac Miller
Ariana Grande,Mac Miller
Ariana Grande,Mac Miller
Ariana Grande,Mac Miller
Ariana Grande,J Balvin
Ariana Grande,Mac Miller
Ariana Grande,Madonna
Ariana Grande,Mac Miller
Ariana Grande,Mac Miller
Ariana Grande,Mac Miller
Justin Bieber,Ariana Grande
Ariana Grande,Mariah Carey
Ariana Grande,Lady Gaga
Ariana Grande,Mariah Carey
Ariana Grande,Zach Sang
Ariana Grande,Mariah Carey
Ariana Grande,Cynthia Erivo
Ariana Grande,Cynthia Erivo
Kristin Chenoweth,Ariana Grande
The Blessed Madonna,Ariana Grande
Ariana Grande,Cynthia Erivo
Cynthia Erivo,Ariana Grande
Cynthia Erivo,Jeff Goldblum
Ariana Grande,Jeff Goldblum
Ariana Grande,Black Eyed Peas
Ariana Grande,Mariah Carey
Ariana Grande,Iyaz
Garrett Clayton,Ariana Grande
Garrett Clayton,Maddie Baillio
Garrett Clayton,Ephraim Sykes
Ariana Grande,Maddie Baillio
Ariana Grande,Ephraim Sykes
Maddie Baillio,Ephraim Sykes
[theatre],Dove Cameron
[theatre],Kristin Chenoweth
[theatre],Ariana Grande
[theatre],Ephraim Sykes
[theatre],Harvey Fierstein
[theatre],Garrett Clayton
[theatre],Martin Short
[theatre],Maddie Baillio
Dove Cameron,Kristin Chenoweth
Dove Cameron,Ariana Grande
Dove Cameron,Ephraim Sykes
Dove Cameron,Harvey Fierstein
Dove Cameron,Garrett Clayton
Dove Cameron,Martin Short
Dove Cameron,Maddie Baillio
Kristin Chenoweth,Ariana Grande
Kristin Chenoweth,Ephraim Sykes
Kristin Chenoweth,Harvey Fierstein
Kristin Chenoweth,Garrett Clayton
Kristin Chenoweth,Martin Short
Kristin Chenoweth,Maddie Baillio
Ariana Grande,Ephraim Sykes
Ariana Grande,Harvey Fierstein
Ariana Grande,Garrett Clayton
Ariana Grande,Martin Short
Ariana Grande,Maddie Baillio
Ephraim Sykes,Harvey Fierstein
Ephraim Sykes,Garrett Clayton
Ephraim Sykes,Martin Short
Ephraim Sykes,Maddie Baillio
Harvey Fierstein,Garrett Clayton
Harvey Fierstein,Martin Short
Harvey Fierstein,Maddie Baillio
Garrett Clayton,Martin Short
Garrett Clayton,Maddie Baillio
Martin Short,Maddie Baillio
Ariana Grande,Mariah Carey
Justin Bieber,Ariana Grande
Ariana Grande,Zach Sang
Ariana Grande,Cynthia Erivo
Ariana Grande,Fancy Olsen
Don Omar,Rolando Rodriguez
Don Omar,J Balvin
Don Omar,KEVVO
Rolando Rodriguez,J Balvin
Rolando Rodriguez,KEVVO
J Balvin,KEVVO
Chris Jedi,Offset
Chris Jedi,Arcángel
Chris Jedi,Cardi B
Chris Jedi,Ozuna
Chris Jedi,J Balvin
Chris Jedi,Anuel AA
Offset,Arcángel
Offset,Cardi B
Offset,Ozuna
Offset,J Balvin
Offset,Anuel AA
Arcángel,Cardi B
Arcángel,Ozuna
Arcángel,J Balvin
Arcángel,Anuel AA
Cardi B,Ozuna
Cardi B,J Balvin
Cardi B,Anuel AA
Ozuna,J Balvin
Ozuna,Anuel AA
J Balvin,Anuel AA
Future,MC Fioti
Future,J Balvin
MC Fioti,J Balvin
Stefflon Don,Juan Magán
Stefflon Don,J Balvin
Stefflon Don,Future
Stefflon Don,MC Fioti
Juan Magán,J Balvin
Juan Magán,Future
Juan Magán,MC Fioti
J Balvin,Future
J Balvin,MC Fioti
Future,MC Fioti
Yandel,J Balvin
Stefflon Don,MC Fioti
Stefflon Don,J Balvin
MC Fioti,J Balvin
J Balvin,Fuego
Stefflon Don,Juan Magán
Stefflon Don,J Balvin
Stefflon Don,Future
Stefflon Don,MC Fioti
Juan Magán,J Balvin
Juan Magán,Future
Juan Magán,MC Fioti
J Balvin,Future
J Balvin,MC Fioti
Future,MC Fioti
Anitta,Mc Zaac
Anitta,Tropkillaz
Anitta,J Balvin
Mc Zaac,Tropkillaz
Mc Zaac,J Balvin
Tropkillaz,J Balvin
Farruko,J Balvin
Justin Quiles,Lenny Tavárez
Justin Quiles,Sech
Justin Quiles,J Balvin
Justin Quiles,Dímelo Flow
Lenny Tavárez,Sech
Lenny Tavárez,J Balvin
Lenny Tavárez,Dímelo Flow
Sech,J Balvin
Sech,Dímelo Flow
J Balvin,Dímelo Flow
Ryan Castro,DFZM
Ryan Castro,KAROL G
Ryan Castro,Ovy on the Drums
Ryan Castro,Maluma
Ryan Castro,Blessd
Ryan Castro,Feid
Ryan Castro,J Balvin
DFZM,KAROL G
DFZM,Ovy on the Drums
DFZM,Maluma
DFZM,Blessd
DFZM,Feid
DFZM,J Balvin
KAROL G,Ovy on the Drums
KAROL G,Maluma
KAROL G,Blessd
KAROL G,Feid
KAROL G,J Balvin
Ovy on the Drums,Maluma
Ovy on the Drums,Blessd
Ovy on the Drums,Feid
Ovy on the Drums,J Balvin
Maluma,Blessd
Maluma,Feid
Maluma,J Balvin
Blessd,Feid
Blessd,J Balvin
Feid,J Balvin
Farruko,Ozuna
Farruko,J Balvin
Farruko,Anuel AA
Farruko,Daddy Yankee
Ozuna,J Balvin
Ozuna,Anuel AA
Ozuna,Daddy Yankee
J Balvin,Anuel AA
J Balvin,Daddy Yankee
Anuel AA,Daddy Yankee
Future,Stefflon Don
Future,MC Fioti
Future,J Balvin
Stefflon Don,MC Fioti
Stefflon Don,J Balvin
MC Fioti,J Balvin
Feid,J Balvin
Sky Rompiendo,Jhayco
Sky Rompiendo,MadeinTYO
Sky Rompiendo,J Balvin
Jhayco,MadeinTYO
Jhayco,J Balvin
MadeinTYO,J Balvin
Yandel,J Balvin
Tainy,J Balvin
J Balvin,Fuego
J Balvin,KEVVO
Stefflon Don,MC Fioti
Stefflon Don,J Balvin
MC Fioti,J Balvin
J Balvin,Jowell & Randy
Nicky Jam,French Montana
Nicky Jam,J Balvin
French Montana,J Balvin
Stefflon Don,MC Fioti
Stefflon Don,J Balvin
MC Fioti,J Balvin
Anitta,Mc Zaac
Anitta,Tropkillaz
Anitta,J Balvin
Mc Zaac,Tropkillaz
Mc Zaac,J Balvin
Tropkillaz,J Balvin
J Balvin,Miky Woodz
Mr Eazi,J Balvin
Stefflon Don,Juan Magán
Stefflon Don,J Balvin
Stefflon Don,Future
Stefflon Don,MC Fioti
Juan Magán,J Balvin
Juan Magán,Future
Juan Magán,MC Fioti
J Balvin,Future
J Balvin,MC Fioti
Future,MC Fioti
Farruko,Enzo Ortiz
Farruko,J Balvin
Enzo Ortiz,J Balvin
Nicky Jam,J Balvin
Nicky Jam,Cosculluela
Nicky Jam,Anuel AA
J Balvin,Cosculluela
J Balvin,Anuel AA
Cosculluela,Anuel AA
Chris Jedi,Offset
Chris Jedi,Arcángel
Chris Jedi,Cardi B
Chris Jedi,Ozuna
Chris Jedi,J Balvin
Chris Jedi,Anuel AA
Offset,Arcángel
Offset,Cardi B
Offset,Ozuna
Offset,J Balvin
Offset,Anuel AA
Arcángel,Cardi B
Arcángel,Ozuna
Arcángel,J Balvin
Arcángel,Anuel AA
Cardi B,Ozuna
Cardi B,J Balvin
Cardi B,Anuel AA
Ozuna,J Balvin
Ozuna,Anuel AA
J Balvin,Anuel AA
Jhayco,MadeinTYO
Jhayco,Sky
Jhayco,J Balvin
MadeinTYO,Sky
MadeinTYO,J Balvin
Sky,J Balvin
J Balvin,Fuego
El Alfa,J Balvin
Farruko,Ozuna
Farruko,J Balvin
Farruko,Anuel AA
Farruko,Daddy Yankee
Ozuna,J Balvin
Ozuna,Anuel AA
Ozuna,Daddy Yankee
J Balvin,Anuel AA
J Balvin,Daddy Yankee
Anuel AA,Daddy Yankee
J Balvin,Jowell & Randy
Feid,J Balvin
J Balvin,Jowell & Randy
Pharrell Williams,Robin Thicke
Pharrell Williams,J Balvin
Robin Thicke,J Balvin
Farruko,J Balvin
Jutha & Small,J Balvin
J Balvin,Myke Towers
Yandel,J Balvin
MadeinTYO,J Balvin
Farruko,J Balvin
J Balvin,Myke Towers
Buxxi,Jay & El Punto
Buxxi,J Balvin
Jay & El Punto,J Balvin
Farruko,J Balvin
Tainy,J Balvin
Sfera Ebbasta,J Balvin
ROSALÍA,J Balvin
NEIKED,Polo G
NEIKED,Mae Muller
NEIKED,J Balvin
Polo G,Mae Muller
Polo G,J Balvin
Mae Muller,J Balvin
Hardwell,Jewelz & Sparks
Hardwell,XXXTENTACION
Hardwell,J Balvin
Jewelz & Sparks,XXXTENTACION
Jewelz & Sparks,J Balvin
XXXTENTACION,J Balvin
Stefflon Don,Juan Magán
Stefflon Don,J Balvin
Stefflon Don,Future
Stefflon Don,MC Fioti
Juan Magán,J Balvin
Juan Magán,Future
Juan Magán,MC Fioti
J Balvin,Future
J Balvin,MC Fioti
Future,MC Fioti
J Balvin,FloyyMenor
Farruko,J Balvin
Stefflon Don,Juan Magán
Stefflon Don,J Balvin
Stefflon Don,Future
Stefflon Don,MC Fioti
Juan Magán,J Balvin
Juan Magán,Future
Juan Magán,MC Fioti
J Balvin,Future
J Balvin,MC Fioti
Future,MC Fioti
Bad Bunny,Nio García
Bad Bunny,J Balvin
Nio García,J Balvin
Chris Jedi,Ozuna
Chris Jedi,J Balvin
Chris Jedi,Arcángel
Ozuna,J Balvin
Ozuna,Arcángel
J Balvin,Arcángel
Farruko,J Balvin
Stefflon Don,Juan Magán
Stefflon Don,J Balvin
Stefflon Don,Future
Stefflon Don,MC Fioti
Juan Magán,J Balvin
Juan Magán,Future
Juan Magán,MC Fioti
J Balvin,Future
J Balvin,MC Fioti
Future,MC Fioti
Stefflon Don,Juan Magán
Stefflon Don,J Balvin
Stefflon Don,Future
Stefflon Don,MC Fioti
Juan Magán,J Balvin
Juan Magán,Future
Juan Magán,MC Fioti
J Balvin,Future
J Balvin,MC Fioti
Future,MC Fioti
Yandel,J Balvin
Stefflon Don,Juan Magán
Stefflon Don,J Balvin
Stefflon Don,Future
Stefflon Don,MC Fioti
Juan Magán,J Balvin
Juan Magán,Future
Juan Magán,MC Fioti
J Balvin,Future
J Balvin,MC Fioti
Future,MC Fioti
Stefflon Don,Juan Magán
Stefflon Don,J Balvin
Stefflon Don,Future
Stefflon Don,MC Fioti
Juan Magán,J Balvin
Juan Magán,Future
Juan Magán,MC Fioti
J Balvin,Future
J Balvin,MC Fioti
Future,MC Fioti
Stefflon Don,Juan Magán
Stefflon Don,J Balvin
Stefflon Don,Future
Stefflon Don,MC Fioti
Juan Magán,J Balvin
Juan Magán,Future
Juan Magán,MC Fioti
J Balvin,Future
J Balvin,MC Fioti
Future,MC Fioti
Farruko,DJ Arman
Farruko,Ozuna
Farruko,J Balvin
Farruko,Anuel AA
Farruko,Daddy Yankee
DJ Arman,Ozuna
DJ Arman,J Balvin
DJ Arman,Anuel AA
DJ Arman,Daddy Yankee
Ozuna,J Balvin
Ozuna,Anuel AA
Ozuna,Daddy Yankee
J Balvin,Anuel AA
J Balvin,Daddy Yankee
Anuel AA,Daddy Yankee
J Balvin,Fuego
Wisin & Yandel,Ozuna
Wisin & Yandel,J Balvin
Wisin & Yandel,Jowell & Randy
Wisin & Yandel,Nicky Jam
Ozuna,J Balvin
Ozuna,Jowell & Randy
Ozuna,Nicky Jam
J Balvin,Jowell & Randy
J Balvin,Nicky Jam
Jowell & Randy,Nicky Jam
Stefflon Don,MC Fioti
Stefflon Don,J Balvin
MC Fioti,J Balvin
Stefflon Don,Juan Magán
Stefflon Don,J Balvin
Stefflon Don,Future
Stefflon Don,MC Fioti
Juan Magán,J Balvin
Juan Magán,Future
Juan Magán,MC Fioti
J Balvin,Future
J Balvin,MC Fioti
Future,MC Fioti
Jowell,J Balvin
Gloria Trevi,Alejandro Sanz
Gloria Trevi,J Balvin
Gloria Trevi,Los Tigres del Norte
Alejandro Sanz,J Balvin
Alejandro Sanz,Los Tigres del Norte
J Balvin,Los Tigres del Norte
Cosculluela,El Taiger
Cosculluela,Bryant Myers
Cosculluela,Bad Bunny
Cosculluela,J Balvin
El Taiger,Bryant Myers
El Taiger,Bad Bunny
El Taiger,J Balvin
Bryant Myers,Bad Bunny
Bryant Myers,J Balvin
Bad Bunny,J Balvin
INNA,J Balvin
De La Ghetto,J Balvin
Sean Paul,J Balvin
Revol,Bad Bunny
Revol,Arcángel & De La Ghetto
Revol,J Balvin
Bad Bunny,Arcángel & De La Ghetto
Bad Bunny,J Balvin
Arcángel & De La Ghetto,J Balvin
Rauw Alejandro,J Balvin
Feid,J Balvin
J Balvin,Liam Payne
Diamond Flow,J Balvin
Chencho Corleone,Arcángel
Chencho Corleone,Ozuna
Chencho Corleone,J Balvin
Chencho Corleone,Randy
Arcángel,Ozuna
Arcángel,J Balvin
Arcángel,Randy
Ozuna,J Balvin
Ozuna,Randy
J Balvin,Randy
J Balvin,Imagine Dragons
Becky G,J Balvin
ROSALÍA,El Guincho
ROSALÍA,J Balvin
El Guincho,J Balvin
J Balvin,Arcángel
ROSALÍA,El Guincho
ROSALÍA,J Balvin
El Guincho,J Balvin
KAROL G,Ozuna
KAROL G,J Balvin
KAROL G,Anuel AA
KAROL G,Daddy Yankee
Ozuna,J Balvin
Ozuna,Anuel AA
Ozuna,Daddy Yankee
J Balvin,Anuel AA
J Balvin,Daddy Yankee
Anuel AA,Daddy Yankee
INNA,J Balvin
Usher,DJ Khaled
Usher,J Balvin
DJ Khaled,J Balvin
Arcángel & De La Ghetto,Cosculluela
Arcángel & De La Ghetto,J Balvin
Cosculluela,J Balvin
J Balvin,Arcángel
Alexis & Fido,J Balvin
J Balvin,Liam Payne
Sean Paul,Major Lazer
Sean Paul,J Balvin
Major Lazer,J Balvin
Dystinct,J Balvin
J Balvin,Arcángel
J Balvin,Myke Towers
Sean Paul,J Balvin
Bad Bunny,J Balvin
J Balvin,Liam Payne
ROSALÍA,J Balvin
Sean Paul,J Balvin
INNA,J Balvin
Sean Paul,J Balvin
INNA,J Balvin
Pitbull,J Balvin
Pitbull,O.T. Genasis
J Balvin,O.T. Genasis
Sean Paul,J Balvin
Jhayco,J Balvin
Sean Paul,J Balvin
ROSALÍA,El Guincho
ROSALÍA,J Balvin
El Guincho,J Balvin
Kevin Roldán,Maluma
Kevin Roldán,Dragón & Caballero
Kevin Roldán,Jay & El Punto
Kevin Roldán,J Balvin
Kevin Roldán,Reykon
Maluma,Dragón & Caballero
Maluma,Jay & El Punto
Maluma,J Balvin
Maluma,Reykon
Dragón & Caballero,Jay & El Punto
Dragón & Caballero,J Balvin
Dragón & Caballero,Reykon
Jay & El Punto,J Balvin
Jay & El Punto,Reykon
J Balvin,Reykon
Chyno Miranda,J Balvin
Sean Paul,J Balvin
J Balvin,Sofi Tukker
J Balvin,Sofi Tukker
Geolier,J Balvin
Geolier,Dani Faiv
J Balvin,Dani Faiv
Anitta,J Balvin
Brick & Lace,Wally Lopez
Brick & Lace,J Balvin
Wally Lopez,J Balvin
INNA,J Balvin
Bad Bunny,J Balvin
ROSALÍA,El Guincho
ROSALÍA,J Balvin
El Guincho,J Balvin
Young Miko,Tainy
Young Miko,J Balvin
Young Miko,Jowell & Randy
Tainy,J Balvin
Tainy,Jowell & Randy
J Balvin,Jowell & Randy
J Balvin,Arcángel
Sean Paul,J Balvin
KAROL G,Ozuna
KAROL G,J Balvin
KAROL G,Anuel AA
KAROL G,Daddy Yankee
Ozuna,J Balvin
Ozuna,Anuel AA
Ozuna,Daddy Yankee
J Balvin,Anuel AA
J Balvin,Daddy Yankee
Anuel AA,Daddy Yankee
J Balvin,Imagine Dragons
Usher,DJ Khaled
Usher,J Balvin
DJ Khaled,J Balvin
Syko el Terror,M.A.D. Bass
Syko el Terror,Nova & Jory
Syko el Terror,J Álvarez
Syko el Terror,J Balvin
Syko el Terror,Notch
Syko el Terror,Ñengo Flow
M.A.D. Bass,Nova & Jory
M.A.D. Bass,J Álvarez
M.A.D. Bass,J Balvin
M.A.D. Bass,Notch
M.A.D. Bass,Ñengo Flow
Nova & Jory,J Álvarez
Nova & Jory,J Balvin
Nova & Jory,Notch
Nova & Jory,Ñengo Flow
J Álvarez,J Balvin
J Álvarez,Notch
J Álvarez,Ñengo Flow
J Balvin,Notch
J Balvin,Ñengo Flow
Notch,Ñengo Flow
Quevedo,Omar Courtz
Quevedo,J Balvin
Quevedo,YOVNGCHIMI
Omar Courtz,J Balvin
Omar Courtz,YOVNGCHIMI
J Balvin,YOVNGCHIMI
Buxxi,J Balvin
A.B. Quintanilla III,J Balvin
Mr Eazi,Bad Bunny
Mr Eazi,J Balvin
Bad Bunny,J Balvin
DJ ROCCO & DJ EVER B,Tyga
DJ ROCCO & DJ EVER B,DJ Arman
DJ ROCCO & DJ EVER B,J Balvin
DJ ROCCO & DJ EVER B,DJ Snake
Tyga,DJ Arman
Tyga,J Balvin
Tyga,DJ Snake
DJ Arman,J Balvin
DJ Arman,DJ Snake
J Balvin,DJ Snake
Sean Paul,J Balvin
Saiko,J Balvin
Wale,J Balvin
Skrillex,J Balvin
Saiko,J Balvin
Cardi B,Bad Bunny
Cardi B,J Balvin
Bad Bunny,J Balvin
Omega,J Balvin
Skrillex,J Balvin
Cardi B,Bad Bunny
Cardi B,J Balvin
Bad Bunny,J Balvin
Zion,Farruko
Zion,Yandel
Zion,J Balvin
Zion,Nicky Jam
Farruko,Yandel
Farruko,J Balvin
Farruko,Nicky Jam
Yandel,J Balvin
Yandel,Nicky Jam
J Balvin,Nicky Jam
Steve Vai,Travis Barker
Steve Vai,J Balvin
Steve Vai,Amber Mark
Travis Barker,J Balvin
Travis Barker,Amber Mark
J Balvin,Amber Mark
Tyga,Chris Brown
Tyga,J Balvin
Chris Brown,J Balvin
Jhayco,J Balvin
Cardi B,Bad Bunny
Cardi B,J Balvin
Bad Bunny,J Balvin
Skrillex,J Balvin
Polimá WestCoast,J Balvin
benny blanco,Selena Gomez
benny blanco,J Balvin
benny blanco,Tainy
Selena Gomez,J Balvin
Selena Gomez,Tainy
J Balvin,Tainy
Skrillex,J Balvin
Wisin & Yandel,J Balvin
Skrillex,J Balvin
J Balvin,Gabito Ballesteros
Ozuna,Sky Rompiendo
Ozuna,J Balvin
Sky Rompiendo,J Balvin
Sech,J Balvin
J Balvin,Golpe a Golpe
J Balvin,Golpe a Golpe
Tyga,Chris Brown
Tyga,J Balvin
Chris Brown,J Balvin
J Balvin,Arcángel
Cardi B,Bad Bunny
Cardi B,W&W
Cardi B,J Balvin
Cardi B,Vini Vici
Bad Bunny,W&W
Bad Bunny,J Balvin
Bad Bunny,Vini Vici
W&W,J Balvin
W&W,Vini Vici
J Balvin,Vini Vici
J Balvin,Lito MC Cassidy
J Balvin,Juan Gabriel
J Balvin,Julión Álvarez
Juan Gabriel,Julión Álvarez
Skrillex,J Balvin
Ed Sheeran,J Balvin
Skrillex,J Balvin
Skrillex,J Balvin
Farruko,MØ
Farruko,J Balvin
Farruko,Major Lazer
Farruko,DJ Snake
MØ,J Balvin
MØ,Major Lazer
MØ,DJ Snake
J Balvin,Major Lazer
J Balvin,DJ Snake
Major Lazer,DJ Snake
Cardi B,Bad Bunny
Cardi B,J Balvin
Bad Bunny,J Balvin
Rytikal,Kybba
Rytikal,J Balvin
Kybba,J Balvin
Zion,Farruko
Zion,De La Ghetto
Zion,Arcángel
Zion,Yandel
Zion,J Balvin
Zion,Nicky Jam
Zion,Daddy Yankee
Farruko,De La Ghetto
Farruko,Arcángel
Farruko,Yandel
Farruko,J Balvin
Farruko,Nicky Jam
Farruko,Daddy Yankee
De La Ghetto,Arcángel
De La Ghetto,Yandel
De La Ghetto,J Balvin
De La Ghetto,Nicky Jam
De La Ghetto,Daddy Yankee
Arcángel,Yandel
Arcángel,J Balvin
Arcángel,Nicky Jam
Arcángel,Daddy Yankee
Yandel,J Balvin
Yandel,Nicky Jam
Yandel,Daddy Yankee
J Balvin,Nicky Jam
J Balvin,Daddy Yankee
Nicky Jam,Daddy Yankee
Don Miguelo,J Balvin
Don Miguelo,Arcángel
J Balvin,Arcángel
Cardi B,Bad Bunny
Cardi B,J Balvin
Bad Bunny,J Balvin
Anitta,J Balvin
Jhayco,J Balvin
Dei V,J Balvin
Cardi B,Bad Bunny
Cardi B,J Balvin
Bad Bunny,J Balvin
Skrillex,J Balvin
Cardi B,Bad Bunny
Cardi B,J Balvin
Bad Bunny,J Balvin
Ellie Goulding,Daecolm
Ellie Goulding,Topic
Ellie Goulding,HUGEL
Ellie Goulding,Arash
Ellie Goulding,J Balvin
Daecolm,Topic
Daecolm,HUGEL
Daecolm,Arash
Daecolm,J Balvin
Topic,HUGEL
Topic,Arash
Topic,J Balvin
HUGEL,Arash
HUGEL,J Balvin
Arash,J Balvin
Skrillex,J Balvin
Selena Gomez,benny blanco
Selena Gomez,Tainy
Selena Gomez,J Balvin
benny blanco,Tainy
benny blanco,J Balvin
Tainy,J Balvin
Selena Gomez,benny blanco
Selena Gomez,Tainy
Selena Gomez,J Balvin
benny blanco,Tainy
benny blanco,J Balvin
Tainy,J Balvin
Zion & Lennox,De La Ghetto
Zion & Lennox,Ozuna
Zion & Lennox,Yandel
Zion & Lennox,J Balvin
Zion & Lennox,Daddy Yankee
De La Ghetto,Ozuna
De La Ghetto,Yandel
De La Ghetto,J Balvin
De La Ghetto,Daddy Yankee
Ozuna,Yandel
Ozuna,J Balvin
Ozuna,Daddy Yankee
Yandel,J Balvin
Yandel,Daddy Yankee
J Balvin,Daddy Yankee
Bad Bunny,J Balvin
Mambo Kingz,Zion
Mambo Kingz,Daddy Yankee
Mambo Kingz,Farruko
Mambo Kingz,Ozuna
Mambo Kingz,J Balvin
Mambo Kingz,Nicky Jam
Mambo Kingz,Arcángel & De La Ghetto
Mambo Kingz,DJ Luian
Mambo Kingz,Anuel AA
Zion,Daddy Yankee
Zion,Farruko
Zion,Ozuna
Zion,J Balvin
Zion,Nicky Jam
Zion,Arcángel & De La Ghetto
Zion,DJ Luian
Zion,Anuel AA
Daddy Yankee,Farruko
Daddy Yankee,Ozuna
Daddy Yankee,J Balvin
Daddy Yankee,Nicky Jam
Daddy Yankee,Arcángel & De La Ghetto
Daddy Yankee,DJ Luian
Daddy Yankee,Anuel AA
Farruko,Ozuna
Farruko,J Balvin
Farruko,Nicky Jam
Farruko,Arcángel & De La Ghetto
Farruko,DJ Luian
Farruko,Anuel AA
Ozuna,J Balvin
Ozuna,Nicky Jam
Ozuna,Arcángel & De La Ghetto
Ozuna,DJ Luian
Ozuna,Anuel AA
J Balvin,Nicky Jam
J Balvin,Arcángel & De La Ghetto
J Balvin,DJ Luian
J Balvin,Anuel AA
Nicky Jam,Arcángel & De La Ghetto
Nicky Jam,DJ Luian
Nicky Jam,Anuel AA
Arcángel & De La Ghetto,DJ Luian
Arcángel & De La Ghetto,Anuel AA
DJ Luian,Anuel AA
Xonia,J Balvin
benny blanco,Selena Gomez
benny blanco,J Balvin
Selena Gomez,J Balvin
Camila Cabello,Pitbull
Camila Cabello,J Balvin
Pitbull,J Balvin
Skrillex,J Balvin
Sech,J Balvin
Skrillex,J Balvin
J Balvin,m‐flo
J Balvin,Golpe a Golpe
Zion,Farruko
Zion,De La Ghetto
Zion,Arcángel
Zion,Yandel
Zion,J Balvin
Zion,Nicky Jam
Zion,Daddy Yankee
Farruko,De La Ghetto
Farruko,Arcángel
Farruko,Yandel
Farruko,J Balvin
Farruko,Nicky Jam
Farruko,Daddy Yankee
De La Ghetto,Arcángel
De La Ghetto,Yandel
De La Ghetto,J Balvin
De La Ghetto,Nicky Jam
De La Ghetto,Daddy Yankee
Arcángel,Yandel
Arcángel,J Balvin
Arcángel,Nicky Jam
Arcángel,Daddy Yankee
Yandel,J Balvin
Yandel,Nicky Jam
Yandel,Daddy Yankee
J Balvin,Nicky Jam
J Balvin,Daddy Yankee
Nicky Jam,Daddy Yankee
Zion,Farruko
Zion,De La Ghetto
Zion,Arcángel
Zion,Yandel
Zion,J Balvin
Zion,Nicky Jam
Zion,Daddy Yankee
Farruko,De La Ghetto
Farruko,Arcángel
Farruko,Yandel
Farruko,J Balvin
Farruko,Nicky Jam
Farruko,Daddy Yankee
De La Ghetto,Arcángel
De La Ghetto,Yandel
De La Ghetto,J Balvin
De La Ghetto,Nicky Jam
De La Ghetto,Daddy Yankee
Arcángel,Yandel
Arcángel,J Balvin
Arcángel,Nicky Jam
Arcángel,Daddy Yankee
Yandel,J Balvin
Yandel,Nicky Jam
Yandel,Daddy Yankee
J Balvin,Nicky Jam
J Balvin,Daddy Yankee
Nicky Jam,Daddy Yankee
Cardi B,Bad Bunny
Cardi B,J Balvin
Bad Bunny,J Balvin
Bizarrap,J Balvin
Camila Cabello,Pitbull
Camila Cabello,J Balvin
Pitbull,J Balvin
J Balvin,m‐flo
Yaga & Mackie,J Balvin
J Balvin,m‐flo
Skrillex,J Balvin
Omega,J Balvin
Justin Quiles,J Balvin
Justin Quiles,Lenny Tavárez
J Balvin,Lenny Tavárez
Cardi B,Bad Bunny
Cardi B,J Balvin
Bad Bunny,J Balvin
Cardi B,Bad Bunny
Cardi B,J Balvin
Bad Bunny,J Balvin
Camila Cabello,Pitbull
Camila Cabello,J Balvin
Pitbull,J Balvin
J Balvin,YEИDRY
Mr Eazi,J Balvin
Cris Cab,J Balvin
Lalo Ebratt,Reik
Lalo Ebratt,J Balvin
Reik,J Balvin
Maluma,J Balvin
Bad Gyal,J Balvin
J Balvin,Golpe a Golpe
J Balvin,Willy William
Zion & Lennox,J Balvin
Tyga,J Balvin
Tyga,DJ Snake
J Balvin,DJ Snake
Quavo,Anitta
Quavo,J Balvin
Quavo,Murda Beatz
Quavo,Pharrell Williams
Anitta,J Balvin
Anitta,Murda Beatz
Anitta,Pharrell Williams
J Balvin,Murda Beatz
J Balvin,Pharrell Williams
Murda Beatz,Pharrell Williams
J Balvin,Sofia Carson
J Balvin,KAROL G
J Balvin,Anuel AA
KAROL G,Anuel AA
J Balvin,Beyoncé
Zion & Lennox,J Balvin
J Balvin,Willy William
J Tobone,Jessikita
J Tobone,J Balvin
Jessikita,J Balvin
J Balvin,Willy William
Nicky Jam,KAROL G
Nicky Jam,J Balvin
KAROL G,J Balvin
Jutha & Small,J Balvin
Duki,Jeon
Duki,Anitta
Duki,J Balvin
Duki,G‐Eazy
Duki,Sfera Ebbasta
Duki,MC Fioti
Jeon,Anitta
Jeon,J Balvin
Jeon,G‐Eazy
Jeon,Sfera Ebbasta
Jeon,MC Fioti
Anitta,J Balvin
Anitta,G‐Eazy
Anitta,Sfera Ebbasta
Anitta,MC Fioti
J Balvin,G‐Eazy
J Balvin,Sfera Ebbasta
J Balvin,MC Fioti
G‐Eazy,Sfera Ebbasta
G‐Eazy,MC Fioti
Sfera Ebbasta,MC Fioti
Jesse & Joy,J Balvin
Tyga,J Balvin
Tyga,DJ Snake
J Balvin,DJ Snake
J Balvin,Sofia Carson
J Balvin,Zion
J Balvin,Willy William
Jhonny Rivera,J Balvin
Beyoncé,J Balvin
Beyoncé,Willy William
J Balvin,Willy William
J Balvin,Jhayco
J Balvin,Anuel AA
Jhayco,Anuel AA
J Balvin,Willy William
Eladio Carrión,Ñengo Flow
Eladio Carrión,J Balvin
Ñengo Flow,J Balvin
will.i.am,J Balvin
J Balvin,Peter Manjarrés
J Balvin,Sergio Luis Rodríguez
Peter Manjarrés,Sergio Luis Rodríguez
ATEEZ,J Balvin
Juan Magán,J Balvin
J Balvin,Jhayco
J Balvin,Anuel AA
Jhayco,Anuel AA
Bad Bunny,Jhayco
Bad Bunny,J Balvin
Jhayco,J Balvin
Maroon 5,J Balvin
J Balvin,Anakta
J Balvin,Willy William
Ryan Castro,J Balvin
Tyga,J Balvin
Tyga,DJ Snake
J Balvin,DJ Snake
J Balvin,Jhayco
J Balvin,Anuel AA
Jhayco,Anuel AA
Tyga,J Balvin
Tyga,DJ Snake
J Balvin,DJ Snake
Bad Bunny,Jhayco
Bad Bunny,J Balvin
Jhayco,J Balvin
Lalo Ebratt,J Balvin
Kelis,J Balvin
Kelis,Willy William
J Balvin,Willy William
J Balvin,Willy William
J Balvin,Peter Manjarrés
J Balvin,Sergio Luis Rodríguez
Peter Manjarrés,Sergio Luis Rodríguez
J Balvin,Willy William
Tyga,J Balvin
Tyga,DJ Snake
J Balvin,DJ Snake
Anitta,J Balvin
Anitta,Jeon
J Balvin,Jeon
J Balvin,Willy William
iann dior,Justin Bieber
iann dior,24kGoldn
iann dior,J Balvin
Justin Bieber,24kGoldn
Justin Bieber,J Balvin
24kGoldn,J Balvin
J Balvin,Sofia Carson
J Balvin,Willy William
Skepta,J Balvin
J Balvin,Willy William
Darell,Sech
Darell,Ozuna
Darell,J Balvin
Darell,Nicky Jam
Darell,Natti Natasha
Darell,DJ Snake
Sech,Ozuna
Sech,J Balvin
Sech,Nicky Jam
Sech,Natti Natasha
Sech,DJ Snake
Ozuna,J Balvin
Ozuna,Nicky Jam
Ozuna,Natti Natasha
Ozuna,DJ Snake
J Balvin,Nicky Jam
J Balvin,Natti Natasha
J Balvin,DJ Snake
Nicky Jam,Natti Natasha
Nicky Jam,DJ Snake
Natti Natasha,DJ Snake
J Balvin,Jhayco
J Balvin,Anuel AA
Jhayco,Anuel AA
J Balvin,Willy William
Beyoncé,J Balvin
Beyoncé,Willy William
J Balvin,Willy William
J Balvin,KAROL G
J Balvin,Anuel AA
KAROL G,Anuel AA
J Balvin,Willy William
J Balvin,Willy William
J Balvin,Willy William
Jhonny Rivera,J Balvin
J Balvin,Willy William
J Balvin,Willy William
Yandel,J Balvin
J Balvin,Willy William
J Balvin,Willy William
Anitta,J Balvin
Anitta,Jeon
J Balvin,Jeon
J Balvin,Jhayco
J Balvin,Anuel AA
Jhayco,Anuel AA
Gilberto Santa Rosa,J Balvin
J Balvin,Willy William
will.i.am,J Balvin
Tyga,J Balvin
Tyga,DJ Snake
J Balvin,DJ Snake
Vein,J Balvin
Motiff,J Balvin
J Balvin,Willy William
Bad Bunny,J Balvin
J Balvin,Willy William
Tyga,J Balvin
Tyga,DJ Snake
J Balvin,DJ Snake
Jhonny Rivera,J Balvin
Jesse & Joy,J Balvin
Danny Daniel,J Balvin
J Balvin,Willy William
Justin Quiles,J Balvin
María Becerra,J Balvin
María Becerra,J Balvin
Benny Jamz,Gilli
Benny Jamz,J Balvin
Gilli,J Balvin
Black Eyed Peas,J Balvin
Metro Boomin,Offset
Metro Boomin,J Balvin
Metro Boomin,Wizkid
Offset,J Balvin
Offset,Wizkid
J Balvin,Wizkid
Zion & Lennox,J Balvin
Farruko,ROSALÍA
Farruko,Sech
Farruko,J Balvin
Farruko,Daddy Yankee
ROSALÍA,Sech
ROSALÍA,J Balvin
ROSALÍA,Daddy Yankee
Sech,J Balvin
Sech,Daddy Yankee
J Balvin,Daddy Yankee
Tokischa,J Balvin
Ryan Castro,J Balvin
Ryan Castro,Blessd
J Balvin,Blessd
J Balvin,DJ Snake
Totoy el Frío,KAROL G
Totoy el Frío,Natan & Shander
Totoy el Frío,Crissin
Totoy el Frío,J Balvin
Totoy el Frío,Nicky Jam
KAROL G,Natan & Shander
KAROL G,Crissin
KAROL G,J Balvin
KAROL G,Nicky Jam
Natan & Shander,Crissin
Natan & Shander,J Balvin
Natan & Shander,Nicky Jam
Crissin,J Balvin
Crissin,Nicky Jam
J Balvin,Nicky Jam
Michaël Brun,J Balvin
Ozuna,J Balvin
Justin Quiles,Maluma
Justin Quiles,Sech
Justin Quiles,Feid
Justin Quiles,J Balvin
Justin Quiles,Nicky Jam
Maluma,Sech
Maluma,Feid
Maluma,J Balvin
Maluma,Nicky Jam
Sech,Feid
Sech,J Balvin
Sech,Nicky Jam
Feid,J Balvin
Feid,Nicky Jam
J Balvin,Nicky Jam
Jay Wheeler,J Balvin
Pobvio,J Balvin
Pasabordo,J Balvin
Post Malone,J Balvin
Post Malone,Willy William
J Balvin,Willy William
Iggy Azalea,Ariana Grande
Iggy Azalea,J Balvin
Ariana Grande,J Balvin
Jaden,Black Eyed Peas
Jaden,J Balvin
Black Eyed Peas,J Balvin
Héctor el Father,J Balvin
Bad Bunny,J Balvin
Farruko,J Balvin
J Balvin,Fainal & Shako
Cayito Dangond,J Balvin
Tokischa,J Balvin
Feid,J Balvin
DJ Feio,J Balvin
JC Reyes,J Balvin
Jutha & Small,J Balvin
Khalid,J Balvin
Black Eyed Peas,J Balvin
Ozuna,J Balvin
Chencho Corleone,J Balvin
Metro Boomin,Offset
Metro Boomin,J Balvin
Metro Boomin,Wizkid
Offset,J Balvin
Offset,Wizkid
J Balvin,Wizkid
J Balvin,DJ Snake
GIMS,J Balvin
Feid,J Balvin
Daddy Yankee,J Balvin
Jutha & Small,J Balvin
J Balvin,Fainal & Shako
María Becerra,J Balvin
Justin Quiles,J Balvin
Justin Quiles,J Balvin
Feid,J Balvin
Black Eyed Peas,J Balvin
Bad Bunny,J Balvin
J Balvin,Shako el SH
Farruko,ROSALÍA
Farruko,Sech
Farruko,J Balvin
Farruko,Daddy Yankee
ROSALÍA,Sech
ROSALÍA,J Balvin
ROSALÍA,Daddy Yankee
Sech,J Balvin
Sech,Daddy Yankee
J Balvin,Daddy Yankee
Major Lazer,El Alfa
Major Lazer,J Balvin
El Alfa,J Balvin
J Balvin,Jhayco
J Balvin,Miky Woodz
J Balvin,Myke Towers
Jhayco,Miky Woodz
Jhayco,Myke Towers
Miky Woodz,Myke Towers
María Becerra,J Balvin
Totoy el Frío,KAROL G
Totoy el Frío,Natan & Shander
Totoy el Frío,Crissin
Totoy el Frío,J Balvin
Totoy el Frío,Nicky Jam
KAROL G,Natan & Shander
KAROL G,Crissin
KAROL G,J Balvin
KAROL G,Nicky Jam
Natan & Shander,Crissin
Natan & Shander,J Balvin
Natan & Shander,Nicky Jam
Crissin,J Balvin
Crissin,Nicky Jam
J Balvin,Nicky Jam
Maluma,J Balvin
Farruko,Rvssian
Farruko,J Balvin
Rvssian,J Balvin
Khalid,J Balvin
María Becerra,J Balvin
Jory Boy,J Balvin
Black Eyed Peas,J Balvin
Black Eyed Peas,J Balvin
David Guetta,J Balvin
Zion & Lennox,J Balvin
Pasabordo,J Balvin
Farruko,ROSALÍA
Farruko,Sech
Farruko,J Balvin
Farruko,Daddy Yankee
ROSALÍA,Sech
ROSALÍA,J Balvin
ROSALÍA,Daddy Yankee
Sech,J Balvin
Sech,Daddy Yankee
J Balvin,Daddy Yankee
Major Lazer,El Alfa
Major Lazer,J Balvin
El Alfa,J Balvin
Zion & Lennox,J Balvin
Poo Bear,J Balvin
Ozuna,J Balvin
Black Eyed Peas,J Balvin
Yandel,J Balvin
Black Eyed Peas,J Balvin
Jay Wheeler,J Balvin
Jutha & Small,J Balvin
Wisin & Yandel,J Balvin
Carnal,J Balvin
Farruko,Ñejo & Dálmata
Farruko,Cosculluela
Farruko,J Balvin
Ñejo & Dálmata,Cosculluela
Ñejo & Dálmata,J Balvin
Cosculluela,J Balvin
David Guetta,J Balvin
David Guetta,Bebe Rexha
J Balvin,Bebe Rexha
Zion & Lennox,J Balvin
Ed Sheeran,J Balvin
J Balvin,Sech
J Balvin,Daddy Yankee
Sech,Daddy Yankee
Ozuna,Bad Bunny
Ozuna,J Balvin
Ozuna,Arcángel
Bad Bunny,J Balvin
Bad Bunny,Arcángel
J Balvin,Arcángel
David Guetta,J Balvin
David Guetta,Bebe Rexha
J Balvin,Bebe Rexha
J Balvin,Jowell & Randy
Alberto Stylee,Zion & Lennox
Alberto Stylee,J Balvin
Zion & Lennox,J Balvin
Justin Bieber,J Balvin
J Balvin,Sech
J Balvin,Daddy Yankee
Sech,Daddy Yankee
David Guetta,J Balvin
David Guetta,Bebe Rexha
J Balvin,Bebe Rexha
Eladio Carrión,J Balvin
Reykon,J Balvin
Nicky Jam,Zion & Lennox
Nicky Jam,J Balvin
Zion & Lennox,J Balvin
Yandel,J Balvin
David Guetta,J Balvin
David Guetta,Bebe Rexha
J Balvin,Bebe Rexha
J Balvin,Sech
J Balvin,Daddy Yankee
Sech,Daddy Yankee
David Guetta,J Balvin
David Guetta,Bebe Rexha
J Balvin,Bebe Rexha
J Balvin,Jowell & Randy
David Guetta,J Balvin
David Guetta,Bebe Rexha
J Balvin,Bebe Rexha
Justin Bieber,J Balvin
Joyner Lucas,DaBaby
Joyner Lucas,Fireboy DML
Joyner Lucas,J Balvin
DaBaby,Fireboy DML
DaBaby,J Balvin
Fireboy DML,J Balvin
Zion & Lennox,J Balvin
David Guetta,J Balvin
David Guetta,Bebe Rexha
J Balvin,Bebe Rexha
David Guetta,J Balvin
David Guetta,Bebe Rexha
J Balvin,Bebe Rexha
BIA,Pharrell Williams
BIA,Sky Rompiendo
BIA,J Balvin
Pharrell Williams,Sky Rompiendo
Pharrell Williams,J Balvin
Sky Rompiendo,J Balvin
David Guetta,J Balvin
David Guetta,Bebe Rexha
J Balvin,Bebe Rexha
Tyga,Ty Dolla $ign
Tyga,Post Malone
Tyga,J Balvin
Tyga,YG
Ty Dolla $ign,Post Malone
Ty Dolla $ign,J Balvin
Ty Dolla $ign,YG
Post Malone,J Balvin
Post Malone,YG
J Balvin,YG
J Balvin,Sech
J Balvin,Daddy Yankee
Sech,Daddy Yankee
David Guetta,J Balvin
David Guetta,Bebe Rexha
J Balvin,Bebe Rexha
David Guetta,J Balvin
David Guetta,Bebe Rexha
J Balvin,Bebe Rexha
J Balvin,Lil Silvio
Mambo Kingz,Bad Bunny
Mambo Kingz,J Balvin
Mambo Kingz,Prince Royce
Mambo Kingz,DJ Luian
Bad Bunny,J Balvin
Bad Bunny,Prince Royce
Bad Bunny,DJ Luian
J Balvin,Prince Royce
J Balvin,DJ Luian
Prince Royce,DJ Luian
David Guetta,J Balvin
David Guetta,Bebe Rexha
J Balvin,Bebe Rexha
David Guetta,J Balvin
David Guetta,Bebe Rexha
J Balvin,Bebe Rexha
J Balvin,Burna Boy
Karma,Reazon
Karma,J Balvin
Karma,Jutha
Reazon,J Balvin
Reazon,Jutha
J Balvin,Jutha
Luigi 21 Plus,J Balvin
Prince Royce,J Balvin
J Balvin,Jowell & Randy
Ed Sheeran,J Balvin
Daddy Yankee,Bobby Shmurda
Daddy Yankee,Eladio Carrión
Daddy Yankee,J Balvin
Bobby Shmurda,Eladio Carrión
Bobby Shmurda,J Balvin
Eladio Carrión,J Balvin
Luar la L,J Balvin
Bad Bunny,J Balvin
David Guetta,J Balvin
David Guetta,Bebe Rexha
J Balvin,Bebe Rexha
David Guetta,J Balvin
David Guetta,Bebe Rexha
J Balvin,Bebe Rexha
Yandel,J Balvin
SAINt JHN,J Balvin
Carin León,J Balvin
Ryan Castro,J Balvin
Ryan Castro,DJ Snake
J Balvin,DJ Snake
Ariana Grande,J Balvin
David Guetta,J Balvin
David Guetta,Bebe Rexha
J Balvin,Bebe Rexha
BIA,J Balvin
Zion & Lennox,J Balvin
BIA,J Balvin
Kris R,J Balvin
Reykon,J Balvin
Nicky Jam,J Balvin
Joyner Lucas,DaBaby
Joyner Lucas,Fireboy DML
Joyner Lucas,J Balvin
DaBaby,Fireboy DML
DaBaby,J Balvin
Fireboy DML,J Balvin
Ozuna,Natti Natasha
Ozuna,J Balvin
Natti Natasha,J Balvin
BIA,Pharrell Williams
BIA,Sky Rompiendo
BIA,J Balvin
Pharrell Williams,Sky Rompiendo
Pharrell Williams,J Balvin
Sky Rompiendo,J Balvin
Zion & Lennox,J Balvin
J Álvarez,J Balvin
Justin Bieber,J Balvin
David Guetta,J Balvin
David Guetta,Bebe Rexha
J Balvin,Bebe Rexha
Yandel,J Balvin
David Guetta,J Balvin
David Guetta,Bebe Rexha
J Balvin,Bebe Rexha
David Guetta,Bebe Rexha
David Guetta,J Balvin
Bebe Rexha,J Balvin
Bad Bunny,Tainy
Bad Bunny,Dua Lipa
Bad Bunny,J Balvin
Tainy,Dua Lipa
Tainy,J Balvin
Dua Lipa,J Balvin
Sech,J Balvin
Pedro Capó,J Balvin
Pedro Capó,Shakira
J Balvin,Shakira
Carla Morrison,J Balvin
DJ Khaled,Meek Mill
DJ Khaled,Jeremih
DJ Khaled,Lil Baby
DJ Khaled,J Balvin
Meek Mill,Jeremih
Meek Mill,Lil Baby
Meek Mill,J Balvin
Jeremih,Lil Baby
Jeremih,J Balvin
Lil Baby,J Balvin
Tainy,Badshah
Tainy,J Balvin
Badshah,J Balvin
Bad Bunny,Tainy
Bad Bunny,Dua Lipa
Bad Bunny,J Balvin
Tainy,Dua Lipa
Tainy,J Balvin
Dua Lipa,J Balvin
Nicky Jam,J Balvin
Nicky Jam,J Balvin
Nicky Jam,J Balvin
Ozuna,Chencho Corleone
Ozuna,J Balvin
Chencho Corleone,J Balvin
Cris Cab,J Balvin
Cris Cab,J Balvin
סטטיק ובן-אל תבורי,J Balvin
Nicky Jam,Ozuna
Nicky Jam,Maluma
Nicky Jam,J Balvin
Ozuna,Maluma
Ozuna,J Balvin
Maluma,J Balvin
Nicky Jam,Arcángel
Nicky Jam,J Balvin
Nicky Jam,Anuel AA
Arcángel,J Balvin
Arcángel,Anuel AA
J Balvin,Anuel AA
Capo Plaza,thasup
Capo Plaza,J Balvin
Capo Plaza,Dani Faiv
Capo Plaza,MACHETE CREW
Capo Plaza,Fabri Fibra
thasup,J Balvin
thasup,Dani Faiv
thasup,MACHETE CREW
thasup,Fabri Fibra
J Balvin,Dani Faiv
J Balvin,MACHETE CREW
J Balvin,Fabri Fibra
Dani Faiv,MACHETE CREW
Dani Faiv,Fabri Fibra
MACHETE CREW,Fabri Fibra
DJ Khaled,Meek Mill
DJ Khaled,Jeremih
DJ Khaled,Lil Baby
DJ Khaled,J Balvin
Meek Mill,Jeremih
Meek Mill,Lil Baby
Meek Mill,J Balvin
Jeremih,Lil Baby
Jeremih,J Balvin
Lil Baby,J Balvin
Bad Bunny,Tainy
Bad Bunny,Dua Lipa
Bad Bunny,J Balvin
Tainy,Dua Lipa
Tainy,J Balvin
Dua Lipa,J Balvin
Trueno,J Balvin
Stormzy,J Balvin
Nicky Jam,J Balvin
Badshah,J Balvin
Grupo Galé,J Balvin
Tainy,Badshah
Tainy,J Balvin
Badshah,J Balvin
Nicky Jam,Zion & Lennox
Nicky Jam,Messiah
Nicky Jam,J Balvin
Zion & Lennox,Messiah
Zion & Lennox,J Balvin
Messiah,J Balvin
Jencarlos Canela,J Balvin
Justin Quiles,J Balvin
Justin Quiles,Lenny Tavárez
J Balvin,Lenny Tavárez
Tainy,Badshah
Tainy,J Balvin
Badshah,J Balvin
Nicky Jam,J Balvin
Bad Bunny,J Balvin
De La Ghetto,J Balvin
De La Ghetto,Jowell & Randy
J Balvin,Jowell & Randy
Farruko,Kris R
Farruko,iZaak
Farruko,J Balvin
Farruko,Louis BPM
Farruko,Hey López
Kris R,iZaak
Kris R,J Balvin
Kris R,Louis BPM
Kris R,Hey López
iZaak,J Balvin
iZaak,Louis BPM
iZaak,Hey López
J Balvin,Louis BPM
J Balvin,Hey López
Louis BPM,Hey López
Belinda,J Balvin
Belinda,Vein
J Balvin,Vein
Nicky Jam,J Balvin
Tainy,Badshah
Tainy,J Balvin
Badshah,J Balvin
Ελένη Φουρέιρα,J Balvin
Sky Rompiendo,J Balvin
Projota,J Balvin
Nicky Jam,Arcángel & De La Ghetto
Nicky Jam,J Balvin
Nicky Jam,Zion
Arcángel & De La Ghetto,J Balvin
Arcángel & De La Ghetto,Zion
J Balvin,Zion
J Balvin,Swae Lee
J Balvin,French Montana
Swae Lee,French Montana
Nicky Jam,J Balvin
Sech,J Balvin
Belinda,J Balvin
Belinda,Vein
J Balvin,Vein
Marciano Cantero,Bad Bunny
Marciano Cantero,J Balvin
Bad Bunny,J Balvin
Lil Baby,Badshah
Lil Baby,J Balvin
Badshah,J Balvin
Belinda,J Balvin
Belinda,Vein
J Balvin,Vein
Beenie Man,Tasan
Beenie Man,Michaël Brun
Beenie Man,Bounty Killer
Beenie Man,J Balvin
Tasan,Michaël Brun
Tasan,Bounty Killer
Tasan,J Balvin
Michaël Brun,Bounty Killer
Michaël Brun,J Balvin
Bounty Killer,J Balvin
David Guetta,Ester Dean
David Guetta,Afrojack
Ester Dean,Afrojack
David Guetta,Cedric Gervais
David Guetta,Anne‐Marie
David Guetta,Coi Leray
Anne‐Marie,Coi Leray
David Guetta,Anne‐Marie
David Guetta,Coi Leray
Anne‐Marie,Coi Leray
David Guetta,U2
David Guetta,Ester Dean
David Guetta,Afrojack
Ester Dean,Afrojack
David Guetta,Justin Bieber
David Guetta,Justin Bieber
David Guetta,Justin Bieber
David Guetta,Anne‐Marie
David Guetta,Coi Leray
Anne‐Marie,Coi Leray
Akon,David Guetta
Akon,Hypaton
David Guetta,Hypaton
David Guetta,Ester Dean
David Guetta,Afrojack
Ester Dean,Afrojack
Jay Sean,David Guetta
Jay Sean,Nicki Minaj
Jay Sean,Flo Rida
David Guetta,Nicki Minaj
David Guetta,Flo Rida
Nicki Minaj,Flo Rida
David Guetta,Sven Väth
David Guetta,Paul van Dyk
Sven Väth,Paul van Dyk
Kungs,David Guetta
Kungs,Izzy Bizu
David Guetta,Izzy Bizu
David Guetta,Justin Bieber
David Guetta,FAANGS
David Guetta,Kiko
David Guetta,Olivier Giacomotto
FAANGS,Kiko
FAANGS,Olivier Giacomotto
Kiko,Olivier Giacomotto
David Guetta,Axwell
David Guetta,Pete Tong
Axwell,Pete Tong
David Guetta,Anne‐Marie
David Guetta,Coi Leray
Anne‐Marie,Coi Leray
David Guetta,Justin Bieber
David Guetta,Anne‐Marie
David Guetta,Coi Leray
Anne‐Marie,Coi Leray
David Guetta,Ester Dean
David Guetta,Afrojack
Ester Dean,Afrojack
Akon,David Guetta
Akon,Hypaton
David Guetta,Hypaton
David Guetta,Ester Dean
David Guetta,Afrojack
Ester Dean,Afrojack
Kungs,David Guetta
Kungs,Izzy Bizu
David Guetta,Izzy Bizu
David Guetta,Harrison
David Guetta,GLOWINTHEDARK
Harrison,GLOWINTHEDARK
David Guetta,Shaboozey
David Guetta,Justin Bieber
David Guetta,Justin Bieber
David Guetta,Anne‐Marie
David Guetta,Coi Leray
Anne‐Marie,Coi Leray
David Guetta,Anne‐Marie
David Guetta,Coi Leray
Anne‐Marie,Coi Leray
David Guetta,Anne‐Marie
David Guetta,Coi Leray
Anne‐Marie,Coi Leray
David Guetta,Ester Dean
David Guetta,Afrojack
Ester Dean,Afrojack
David Guetta,Anne‐Marie
David Guetta,Coi Leray
Anne‐Marie,Coi Leray
David Guetta,Joachim Garraud
David Guetta,Anne‐Marie
David Guetta,Coi Leray
Anne‐Marie,Coi Leray
David Guetta,Anne‐Marie
David Guetta,Coi Leray
Anne‐Marie,Coi Leray
David Guetta,Ester Dean
David Guetta,Afrojack
Ester Dean,Afrojack
David Guetta,Chris Willis
David Guetta,Justin Bieber
David Guetta,Harrison
David Guetta,GLOWINTHEDARK
Harrison,GLOWINTHEDARK
David Guetta,Anne‐Marie
David Guetta,Coi Leray
Anne‐Marie,Coi Leray
David Guetta,Anne‐Marie
David Guetta,Coi Leray
Anne‐Marie,Coi Leray
David Guetta,Ester Dean
David Guetta,Afrojack
Ester Dean,Afrojack
David Guetta,Nektunez
David Guetta,Goya Menor
Nektunez,Goya Menor
David Guetta,Anne‐Marie
David Guetta,Coi Leray
Anne‐Marie,Coi Leray
Fat Joe,David Guetta
Fat Joe,GLOWINTHEDARK
Fat Joe,Remy Ma
Fat Joe,Infared
Fat Joe,French Montana
David Guetta,GLOWINTHEDARK
David Guetta,Remy Ma
David Guetta,Infared
David Guetta,French Montana
GLOWINTHEDARK,Remy Ma
GLOWINTHEDARK,Infared
GLOWINTHEDARK,French Montana
Remy Ma,Infared
Remy Ma,French Montana
Infared,French Montana
David Guetta,Ester Dean
David Guetta,Afrojack
Ester Dean,Afrojack
David Guetta,Harrison
David Guetta,GLOWINTHEDARK
Harrison,GLOWINTHEDARK
David Guetta,Anne‐Marie
David Guetta,Coi Leray
Anne‐Marie,Coi Leray
David Guetta,Anne‐Marie
David Guetta,Coi Leray
Anne‐Marie,Coi Leray
David Guetta,Justin Bieber
David Guetta,MORTEN
David Guetta,Feenixpawl
David Guetta,Galantis
David Guetta,Ivan Gough
David Guetta,Rhythm Controll
David Guetta,Be No Rain
David Guetta,Georgi Kay
David Guetta,Fideles
David Guetta,CamelPhat
MORTEN,Feenixpawl
MORTEN,Galantis
MORTEN,Ivan Gough
MORTEN,Rhythm Controll
MORTEN,Be No Rain
MORTEN,Georgi Kay
MORTEN,Fideles
MORTEN,CamelPhat
Feenixpawl,Galantis
Feenixpawl,Ivan Gough
Feenixpawl,Rhythm Controll
Feenixpawl,Be No Rain
Feenixpawl,Georgi Kay
Feenixpawl,Fideles
Feenixpawl,CamelPhat
Galantis,Ivan Gough
Galantis,Rhythm Controll
Galantis,Be No Rain
Galantis,Georgi Kay
Galantis,Fideles
Galantis,CamelPhat
Ivan Gough,Rhythm Controll
Ivan Gough,Be No Rain
Ivan Gough,Georgi Kay
Ivan Gough,Fideles
Ivan Gough,CamelPhat
Rhythm Controll,Be No Rain
Rhythm Controll,Georgi Kay
Rhythm Controll,Fideles
Rhythm Controll,CamelPhat
Be No Rain,Georgi Kay
Be No Rain,Fideles
Be No Rain,CamelPhat
Georgi Kay,Fideles
Georgi Kay,CamelPhat
Fideles,CamelPhat
David Guetta,Ester Dean
David Guetta,Afrojack
Ester Dean,Afrojack
David Guetta,Ester Dean
David Guetta,Afrojack
Ester Dean,Afrojack
David Guetta,Anne‐Marie
David Guetta,Coi Leray
Anne‐Marie,Coi Leray
David Guetta,Justin Bieber
David Guetta,Justin Bieber
David Guetta,U2
Kungs,David Guetta
Kungs,Izzy Bizu
David Guetta,Izzy Bizu
David Guetta,MORTEN
David Guetta,Roland Clark
MORTEN,Roland Clark
David Guetta,JD Davis
David Guetta,Anne‐Marie
David Guetta,Coi Leray
Anne‐Marie,Coi Leray
David Guetta,deadmau5
David Guetta,Harrison
David Guetta,GLOWINTHEDARK
Harrison,GLOWINTHEDARK
David Guetta,Anne‐Marie
David Guetta,Coi Leray
Anne‐Marie,Coi Leray
David Guetta,Justin Bieber
David Guetta,Harrison
David Guetta,GLOWINTHEDARK
Harrison,GLOWINTHEDARK
David Guetta,JD Davis
David Guetta,Akon
David Guetta,Peggy Gou
David Guetta,Ne‐Yo
Akon,Peggy Gou
Akon,Ne‐Yo
Peggy Gou,Ne‐Yo
David Guetta,Chris Willis
David Guetta,Justin Bieber
David Guetta,Justin Bieber
David Guetta,Anne‐Marie
David Guetta,Coi Leray
Anne‐Marie,Coi Leray
Kungs,David Guetta
Kungs,Izzy Bizu
David Guetta,Izzy Bizu
David Guetta,Ester Dean
David Guetta,Afrojack
Ester Dean,Afrojack
David Guetta,Anne‐Marie
David Guetta,Coi Leray
Anne‐Marie,Coi Leray
David Guetta,Joachim Garraud
David Guetta,Joachim Garraud
David Guetta,Anne‐Marie
David Guetta,Coi Leray
Anne‐Marie,Coi Leray
David Guetta,Ester Dean
David Guetta,Afrojack
Ester Dean,Afrojack
David Guetta,Anne‐Marie
David Guetta,Coi Leray
Anne‐Marie,Coi Leray
David Guetta,Anne‐Marie
David Guetta,Coi Leray
Anne‐Marie,Coi Leray
David Guetta,Ester Dean
David Guetta,Afrojack
Ester Dean,Afrojack
David Guetta,Joachim Garraud
David Guetta,Justin Bieber
David Guetta,Justin Bieber
David Guetta,Justin Bieber
Kungs,David Guetta
Kungs,Izzy Bizu
David Guetta,Izzy Bizu
David Guetta,Cozi
David Guetta,Cozi
David Guetta,Steve Angello
Cozi,Steve Angello
David Guetta,Anne‐Marie
David Guetta,Coi Leray
Anne‐Marie,Coi Leray
David Guetta,La Bouche
David Guetta,Hypaton
La Bouche,Hypaton
David Guetta,Sia
David Guetta,Fetty Wap
Sia,Fetty Wap
David Guetta,Anne‐Marie
David Guetta,Coi Leray
Anne‐Marie,Coi Leray
David Guetta,Vassy
David Guetta,Showtek
Vassy,Showtek
David Guetta,La Bouche
David Guetta,Hypaton
La Bouche,Hypaton
David Guetta,Vassy
David Guetta,Showtek
Vassy,Showtek
David Guetta,Vassy
David Guetta,Cozi
David Guetta,Cozi
David Guetta,Vassy
David Guetta,Showtek
Vassy,Showtek
David Guetta,Vassy
David Guetta,Showtek
Vassy,Showtek
David Guetta,Faouzia
David Guetta,Cozi
David Guetta,Vassy
David Guetta,Showtek
Vassy,Showtek
David Guetta,Sia
David Guetta,Fetty Wap
Sia,Fetty Wap
David Guetta,Cozi
David Guetta,Cozi
David Guetta,Steve Angello
Cozi,Steve Angello
David Guetta,Cozi
David Guetta,Vassy
David Guetta,Showtek
Vassy,Showtek
David Guetta,Sia
David Guetta,Fetty Wap
Sia,Fetty Wap
David Guetta,Vassy
David Guetta,Showtek
Vassy,Showtek
David Guetta,Vassy
David Guetta,Showtek
Vassy,Showtek
David Guetta,Cozi
David Guetta,Sia
David Guetta,Fetty Wap
Sia,Fetty Wap
David Guetta,Sia
David Guetta,Vassy
David Guetta,Showtek
Vassy,Showtek
David Guetta,Sia
David Guetta,Fetty Wap
Sia,Fetty Wap
David Guetta,Cozi
David Guetta,Cozi
David Guetta,Cozi
David Guetta,Steve Angello
Cozi,Steve Angello
David Guetta,Cozi
David Guetta,Sia
David Guetta,Cozi
David Guetta,Cozi
David Guetta,Sia
David Guetta,Sia
David Guetta,Sia
David Guetta,Fetty Wap
Sia,Fetty Wap
David Guetta,Vassy
David Guetta,Showtek
Vassy,Showtek
David Guetta,La Bouche
David Guetta,Hypaton
La Bouche,Hypaton
David Guetta,Vassy
David Guetta,Showtek
Vassy,Showtek
David Guetta,Cozi
David Guetta,Vassy
David Guetta,Showtek
Vassy,Showtek
David Guetta,Vassy
David Guetta,Showtek
Vassy,Showtek
David Guetta,Vassy
David Guetta,Showtek
Vassy,Showtek
David Guetta,Vassy
David Guetta,Showtek
Vassy,Showtek
David Guetta,Sia
David Guetta,Fetty Wap
Sia,Fetty Wap
David Guetta,Showtek
David Guetta,Sia
David Guetta,Fetty Wap
Sia,Fetty Wap
David Guetta,Cozi
David Guetta,Sia
David Guetta,Fetty Wap
Sia,Fetty Wap
David Guetta,Sia
David Guetta,Sia
David Guetta,Sia
David Guetta,Fetty Wap
Sia,Fetty Wap
David Guetta,Vassy
David Guetta,Showtek
Vassy,Showtek
David Guetta,La Bouche
David Guetta,Hypaton
La Bouche,Hypaton
David Guetta,Anne‐Marie
David Guetta,Coi Leray
Anne‐Marie,Coi Leray
David Guetta,Vassy
David Guetta,Showtek
Vassy,Showtek
David Guetta,Cozi
David Guetta,Sia
David Guetta,Cozi
David Guetta,Vassy
David Guetta,Showtek
Vassy,Showtek
David Guetta,La Bouche
David Guetta,Hypaton
La Bouche,Hypaton
David Guetta,Cozi
David Guetta,Sia
David Guetta,Cozi
David Guetta,Anne‐Marie
David Guetta,Coi Leray
Anne‐Marie,Coi Leray
David Guetta,Vassy
David Guetta,Showtek
Vassy,Showtek
David Guetta,Vassy
David Guetta,Showtek
Vassy,Showtek
David Guetta,Sia
David Guetta,Fetty Wap
Sia,Fetty Wap
David Guetta,Sia
David Guetta,Cozi
David Guetta,Cozi
David Guetta,Cozi
David Guetta,Vassy
David Guetta,Showtek
Vassy,Showtek
David Guetta,Anne‐Marie
David Guetta,Coi Leray
Anne‐Marie,Coi Leray
David Guetta,Cozi
David Guetta,Sia
David Guetta,Flo Rida
Joel Corry,David Guetta
Joel Corry,RAYE
David Guetta,RAYE
David Guetta,Imanbek
David Guetta,Rita Ora
David Guetta,Gunna
Imanbek,Rita Ora
Imanbek,Gunna
Rita Ora,Gunna
David Guetta,Brooks
David Guetta,Loote
Brooks,Loote
David Guetta,Tiësto
David Guetta,Seth Hills
Tiësto,Seth Hills
David Guetta,Ayra Starr
David Guetta,Lil Durk
Ayra Starr,Lil Durk
David Guetta,Flo Rida
David Guetta,Kelly Rowland
David Guetta,Brooks
David Guetta,Loote
Brooks,Loote
David Guetta,Flo Rida
David Guetta,Imanbek
David Guetta,Rita Ora
David Guetta,Gunna
Imanbek,Rita Ora
Imanbek,Gunna
Rita Ora,Gunna
Joel Corry,David Guetta
Joel Corry,RAYE
David Guetta,RAYE
David Guetta,Rita Ora
David Guetta,Ski
David Guetta,Gunna
David Guetta,Imanbek
Rita Ora,Ski
Rita Ora,Gunna
Rita Ora,Imanbek
Ski,Gunna
Ski,Imanbek
Gunna,Imanbek
David Guetta,GLOWINTHEDARK
David Guetta,Flo Rida
David Guetta,Brooks
David Guetta,Loote
Brooks,Loote
David Guetta,Kavinsky
David Guetta,Madison Beer
David Guetta,Flo Rida
David Guetta,Kaz James
David Guetta,Flo Rida
David Guetta,Flo Rida
David Guetta,Flo Rida
David Guetta,Flo Rida
David Guetta,Kaz James
David Guetta,Eiffel 65
David Guetta,Bebe Rexha
Eiffel 65,Bebe Rexha
David Guetta,Sia
David Guetta,Flo Rida
David Guetta,JLS
David Guetta,Rihanna
David Guetta,Jay Sean
David Guetta,Alesha Dixon
David Guetta,Alexis Jordan
JLS,Rihanna
JLS,Jay Sean
JLS,Alesha Dixon
JLS,Alexis Jordan
Rihanna,Jay Sean
Rihanna,Alesha Dixon
Rihanna,Alexis Jordan
Jay Sean,Alesha Dixon
Jay Sean,Alexis Jordan
Alesha Dixon,Alexis Jordan
David Guetta,Oliver Heldens
David Guetta,FAST BOY
Oliver Heldens,FAST BOY
David Guetta,Flo Rida
David Guetta,Ayra Starr
David Guetta,Lil Durk
Ayra Starr,Lil Durk
David Guetta,Flo Rida
David Guetta,Kaz James
David Guetta,Ne‐Yo
David Guetta,Kelly Rowland
Ne‐Yo,Kelly Rowland
Joel Corry,David Guetta
Joel Corry,RAYE
David Guetta,RAYE
David Guetta,Flo Rida
David Guetta,Flo Rida
David Guetta,Brooks
David Guetta,Loote
Brooks,Loote
David Guetta,Ayra Starr
David Guetta,Lil Durk
Ayra Starr,Lil Durk
David Guetta,Flo Rida
Joel Corry,David Guetta
Joel Corry,RAYE
David Guetta,RAYE
David Guetta,Flo Rida
David Guetta,Sia
David Guetta,Flo Rida
David Guetta,Usher
David Guetta,Rihanna
David Guetta,Black Eyed Peas
David Guetta,Akon
David Guetta,will.i.am
Usher,Rihanna
Usher,Black Eyed Peas
Usher,Akon
Usher,will.i.am
Rihanna,Black Eyed Peas
Rihanna,Akon
Rihanna,will.i.am
Black Eyed Peas,Akon
Black Eyed Peas,will.i.am
Akon,will.i.am
David Guetta,Flo Rida
David Guetta,Zara Larsson
David Guetta,Oliver Heldens
David Guetta,FAST BOY
Oliver Heldens,FAST BOY
David Guetta,MORTEN
David Guetta,Flo Rida
Joel Corry,David Guetta
Joel Corry,RAYE
David Guetta,RAYE
David Guetta,Flo Rida
David Guetta,Ne‐Yo
David Guetta,Kelly Rowland
Ne‐Yo,Kelly Rowland
Joel Corry,David Guetta
Joel Corry,RAYE
David Guetta,RAYE
David Guetta,Sia
David Guetta,Sia
David Guetta,Flo Rida
Joel Corry,David Guetta
Joel Corry,RAYE
David Guetta,RAYE
David Guetta,Ayra Starr
David Guetta,Lil Durk
Ayra Starr,Lil Durk
David Guetta,Flo Rida
David Guetta,Usher
David Guetta,Nicki Minaj
David Guetta,Lil Wayne
David Guetta,New Boyz
David Guetta,Ne‐Yo
David Guetta,Nayer
David Guetta,Afrojack
David Guetta,Black Eyed Peas
David Guetta,Enrique Iglesias
David Guetta,Flo Rida
David Guetta,DEV
David Guetta,Pitbull
David Guetta,The Cataracs
Usher,Nicki Minaj
Usher,Lil Wayne
Usher,New Boyz
Usher,Ne‐Yo
Usher,Nayer
Usher,Afrojack
Usher,Black Eyed Peas
Usher,Enrique Iglesias
Usher,Flo Rida
Usher,DEV
Usher,Pitbull
Usher,The Cataracs
Nicki Minaj,Lil Wayne
Nicki Minaj,New Boyz
Nicki Minaj,Ne‐Yo
Nicki Minaj,Nayer
Nicki Minaj,Afrojack
Nicki Minaj,Black Eyed Peas
Nicki Minaj,Enrique Iglesias
Nicki Minaj,Flo Rida
Nicki Minaj,DEV
Nicki Minaj,Pitbull
Nicki Minaj,The Cataracs
Lil Wayne,New Boyz
Lil Wayne,Ne‐Yo
Lil Wayne,Nayer
Lil Wayne,Afrojack
Lil Wayne,Black Eyed Peas
Lil Wayne,Enrique Iglesias
Lil Wayne,Flo Rida
Lil Wayne,DEV
Lil Wayne,Pitbull
Lil Wayne,The Cataracs
New Boyz,Ne‐Yo
New Boyz,Nayer
New Boyz,Afrojack
New Boyz,Black Eyed Peas
New Boyz,Enrique Iglesias
New Boyz,Flo Rida
New Boyz,DEV
New Boyz,Pitbull
New Boyz,The Cataracs
Ne‐Yo,Nayer
Ne‐Yo,Afrojack
Ne‐Yo,Black Eyed Peas
Ne‐Yo,Enrique Iglesias
Ne‐Yo,Flo Rida
Ne‐Yo,DEV
Ne‐Yo,Pitbull
Ne‐Yo,The Cataracs
Nayer,Afrojack
Nayer,Black Eyed Peas
Nayer,Enrique Iglesias
Nayer,Flo Rida
Nayer,DEV
Nayer,Pitbull
Nayer,The Cataracs
Afrojack,Black Eyed Peas
Afrojack,Enrique Iglesias
Afrojack,Flo Rida
Afrojack,DEV
Afrojack,Pitbull
Afrojack,The Cataracs
Black Eyed Peas,Enrique Iglesias
Black Eyed Peas,Flo Rida
Black Eyed Peas,DEV
Black Eyed Peas,Pitbull
Black Eyed Peas,The Cataracs
Enrique Iglesias,Flo Rida
Enrique Iglesias,DEV
Enrique Iglesias,Pitbull
Enrique Iglesias,The Cataracs
Flo Rida,DEV
Flo Rida,Pitbull
Flo Rida,The Cataracs
DEV,Pitbull
DEV,The Cataracs
Pitbull,The Cataracs
David Guetta,Flo Rida
David Guetta,Flo Rida
Joel Corry,David Guetta
Joel Corry,RAYE
David Guetta,RAYE
Joel Corry,David Guetta
Joel Corry,RAYE
David Guetta,RAYE
David Guetta,Flo Rida
David Guetta,Flo Rida
David Guetta,Flo Rida
David Guetta,Rita Ora
David Guetta,Ski
David Guetta,Gunna
David Guetta,Imanbek
Rita Ora,Ski
Rita Ora,Gunna
Rita Ora,Imanbek
Ski,Gunna
Ski,Imanbek
Gunna,Imanbek
David Guetta,Sia
David Guetta,Kaz James
David Guetta,Flo Rida
Joel Corry,David Guetta
Joel Corry,RAYE
David Guetta,RAYE
David Guetta,Flo Rida
David Guetta,Imanbek
David Guetta,Rita Ora
David Guetta,Gunna
Imanbek,Rita Ora
Imanbek,Gunna
Rita Ora,Gunna
Joel Corry,David Guetta
Joel Corry,RAYE
David Guetta,RAYE
David Guetta,Flo Rida
David Guetta,Kaz James
David Guetta,Sia
David Guetta,Oliver Heldens
David Guetta,FAST BOY
Oliver Heldens,FAST BOY
David Guetta,Sia
David Guetta,Kaz James
David Guetta,Oliver Heldens
David Guetta,Charlotte Haining
David Guetta,FAST BOY
Oliver Heldens,Charlotte Haining
Oliver Heldens,FAST BOY
Charlotte Haining,FAST BOY
David Guetta,Ayra Starr
David Guetta,Lil Durk
Ayra Starr,Lil Durk
David Guetta,Ne‐Yo
David Guetta,Kelly Rowland
Ne‐Yo,Kelly Rowland
David Guetta,Imanbek
David Guetta,Rita Ora
Imanbek,Rita Ora
David Guetta,MORTEN
David Guetta,Sia
David Guetta,Sia
David Guetta,Flo Rida
David Guetta,Sam Martin
David Guetta,Dimitri Vegas & Like Mike
David Guetta,Kiiara
Dimitri Vegas & Like Mike,Kiiara
David Guetta,Sam Martin
David Guetta,Clean Bandit
David Guetta,Anne‐Marie
Clean Bandit,Anne‐Marie
David Guetta,Sam Martin
David Guetta,Kelly Rowland
David Guetta,Ella Henderson
David Guetta,Becky Hill
Ella Henderson,Becky Hill
David Guetta,Kelly Rowland
David Guetta,Dimitri Vegas & Like Mike
David Guetta,Kiiara
Dimitri Vegas & Like Mike,Kiiara
David Guetta,Kelly Rowland
David Guetta,Ella Henderson
David Guetta,Becky Hill
Ella Henderson,Becky Hill
David Guetta,Ella Henderson
David Guetta,Zelah
Ella Henderson,Zelah
David Guetta,Ella Henderson
David Guetta,Becky Hill
Ella Henderson,Becky Hill
David Guetta,Kelly Rowland
David Guetta,Ella Henderson
David Guetta,Becky Hill
Ella Henderson,Becky Hill
David Guetta,Ella Henderson
David Guetta,Becky Hill
Ella Henderson,Becky Hill
David Guetta,Ella Henderson
David Guetta,Becky Hill
Ella Henderson,Becky Hill
David Guetta,Galantis
David Guetta,MNEK
Galantis,MNEK
David Guetta,Ella Henderson
David Guetta,Becky Hill
Ella Henderson,Becky Hill
David Guetta,Sam Martin
David Guetta,Clean Bandit
David Guetta,Anne‐Marie
Clean Bandit,Anne‐Marie
David Guetta,Sam Martin
David Guetta,Dimitri Vegas & Like Mike
David Guetta,Kiiara
Dimitri Vegas & Like Mike,Kiiara
David Guetta,Ella Henderson
David Guetta,Becky Hill
Ella Henderson,Becky Hill
David Guetta,Sam Martin
David Guetta,Kelly Rowland
David Guetta,Sam Martin
David Guetta,Dimitri Vegas & Like Mike
David Guetta,Kiiara
Dimitri Vegas & Like Mike,Kiiara
David Guetta,Clean Bandit
David Guetta,Anne‐Marie
Clean Bandit,Anne‐Marie
David Guetta,Ella Henderson
David Guetta,Becky Hill
Ella Henderson,Becky Hill
David Guetta,Sam Martin
David Guetta,Ella Henderson
David Guetta,Becky Hill
Ella Henderson,Becky Hill
David Guetta,Nicky Jam
David Guetta,Willy William
Nicky Jam,Willy William
David Guetta,John Legend
David Guetta,Dimitri Vegas & Like Mike
David Guetta,Kiiara
Dimitri Vegas & Like Mike,Kiiara
David Guetta,Clean Bandit
David Guetta,Anne‐Marie
Clean Bandit,Anne‐Marie
David Guetta,Ella Henderson
David Guetta,Becky Hill
Ella Henderson,Becky Hill
David Guetta,Ella Henderson
David Guetta,Becky Hill
Ella Henderson,Becky Hill
David Guetta,Ella Henderson
David Guetta,Becky Hill
Ella Henderson,Becky Hill
David Guetta,Dimitri Vegas & Like Mike
David Guetta,Kiiara
Dimitri Vegas & Like Mike,Kiiara
David Guetta,Kelly Rowland
David Guetta,Sam Martin
David Guetta,Kelly Rowland
David Guetta,Sam Martin
David Guetta,Ella Henderson
David Guetta,Becky Hill
Ella Henderson,Becky Hill
David Guetta,Clean Bandit
David Guetta,Anne‐Marie
Clean Bandit,Anne‐Marie
David Guetta,Sam Martin
David Guetta,Kelly Rowland
David Guetta,Clean Bandit
David Guetta,Anne‐Marie
Clean Bandit,Anne‐Marie
David Guetta,Ella Henderson
David Guetta,Becky Hill
Ella Henderson,Becky Hill
David Guetta,Clean Bandit
David Guetta,Anne‐Marie
Clean Bandit,Anne‐Marie
David Guetta,Kelly Rowland
David Guetta,Sam Martin
David Guetta,Clean Bandit
David Guetta,Anne‐Marie
Clean Bandit,Anne‐Marie
David Guetta,Rihanna
David Guetta,Napt
David Guetta,Tinchy Stryder
David Guetta,Flo Rida
David Guetta,Bashy
David Guetta,Taio Cruz
Rihanna,Napt
Rihanna,Tinchy Stryder
Rihanna,Flo Rida
Rihanna,Bashy
Rihanna,Taio Cruz
Napt,Tinchy Stryder
Napt,Flo Rida
Napt,Bashy
Napt,Taio Cruz
Tinchy Stryder,Flo Rida
Tinchy Stryder,Bashy
Tinchy Stryder,Taio Cruz
Flo Rida,Bashy
Flo Rida,Taio Cruz
Bashy,Taio Cruz
David Guetta,Ella Henderson
David Guetta,Becky Hill
Ella Henderson,Becky Hill
David Guetta,Sam Martin
David Guetta,Kelly Rowland
David Guetta,Dimitri Vegas & Like Mike
David Guetta,Kiiara
Dimitri Vegas & Like Mike,Kiiara
David Guetta,Akon
David Guetta,Haipa
David Guetta,Varo
David Guetta,Sam Martin
Haipa,Varo
Haipa,Sam Martin
Varo,Sam Martin
David Guetta,Ella Henderson
David Guetta,Becky Hill
Ella Henderson,Becky Hill
David Guetta,Dimitri Vegas & Like Mike
David Guetta,Kiiara
David Guetta,Robin Schulz
Dimitri Vegas & Like Mike,Kiiara
Dimitri Vegas & Like Mike,Robin Schulz
Kiiara,Robin Schulz
David Guetta,Sam Martin
David Guetta,Kelly Rowland
David Guetta,Kelly Rowland
Matt Sassari,David Guetta
Matt Sassari,Jack Back
Matt Sassari,Amira
David Guetta,Jack Back
David Guetta,Amira
Jack Back,Amira
David Guetta,Kelly Rowland
David Guetta,Sam Martin
David Guetta,Kelly Rowland
David Guetta,Kelly Rowland
David Guetta,Clean Bandit
David Guetta,Anne‐Marie
Clean Bandit,Anne‐Marie
David Guetta,Galantis
David Guetta,MNEK
Galantis,MNEK
David Guetta,Ella Henderson
David Guetta,Becky Hill
Ella Henderson,Becky Hill
David Guetta,Dimitri Vegas & Like Mike
David Guetta,Kiiara
Dimitri Vegas & Like Mike,Kiiara
David Guetta,Dimitri Vegas & Like Mike
David Guetta,Kiiara
Dimitri Vegas & Like Mike,Kiiara
David Guetta,Kelly Rowland
David Guetta,Dimitri Vegas & Like Mike
David Guetta,Kiiara
Dimitri Vegas & Like Mike,Kiiara
David Guetta,Ella Henderson
David Guetta,Becky Hill
Ella Henderson,Becky Hill
David Guetta,Dimitri Vegas & Like Mike
David Guetta,Kiiara
Dimitri Vegas & Like Mike,Kiiara
David Guetta,Ella Henderson
David Guetta,Becky Hill
Ella Henderson,Becky Hill
David Guetta,Sam Martin
David Guetta,Dimitri Vegas & Like Mike
David Guetta,Kiiara
Dimitri Vegas & Like Mike,Kiiara
David Guetta,Kelly Rowland
David Guetta,Sam Martin
David Guetta,Ella Henderson
David Guetta,Becky Hill
Ella Henderson,Becky Hill
David Guetta,Sam Martin
David Guetta,Dimitri Vegas & Like Mike
David Guetta,Kiiara
Dimitri Vegas & Like Mike,Kiiara
David Guetta,Ella Henderson
David Guetta,Becky Hill
Ella Henderson,Becky Hill
David Guetta,Ella Henderson
David Guetta,Becky Hill
Ella Henderson,Becky Hill
David Guetta,Ella Henderson
David Guetta,Becky Hill
Ella Henderson,Becky Hill
David Guetta,Kelly Rowland
David Guetta,Kelly Rowland
David Guetta,Ella Henderson
David Guetta,Becky Hill
Ella Henderson,Becky Hill
David Guetta,Kelly Rowland
David Guetta,Sam Martin
David Guetta,Tara McDonald
David Guetta,French Montana
David Guetta,Afrojack
David Guetta,Charli xcx
French Montana,Afrojack
French Montana,Charli xcx
Afrojack,Charli xcx
David Guetta,French Montana
David Guetta,Afrojack
David Guetta,Charli xcx
French Montana,Afrojack
French Montana,Charli xcx
Afrojack,Charli xcx
David Guetta,Sam Martin
David Guetta,Tara McDonald
David Guetta,French Montana
David Guetta,Afrojack
David Guetta,Charli xcx
French Montana,Afrojack
French Montana,Charli xcx
Afrojack,Charli xcx
David Guetta,Chris Willis
David Guetta,Tara McDonald
David Guetta,Tara McDonald
David Guetta,Tara McDonald
David Guetta,Joachim Garraud
David Guetta,Tara McDonald
Joachim Garraud,Tara McDonald
David Guetta,Tara McDonald
David Guetta,Tara McDonald
David Guetta,Tara McDonald
David Guetta,Juliet
David Guetta,Diana Gordon
David Guetta,Tara McDonald
David Guetta,Black Eyed Peas
David Guetta,Shakira
Black Eyed Peas,Shakira
David Guetta,Chris Willis
David Guetta,Black Eyed Peas
David Guetta,Shakira
Black Eyed Peas,Shakira
David Guetta,Black Eyed Peas
David Guetta,Shakira
Black Eyed Peas,Shakira
David Guetta,Tara McDonald
David Guetta,Sam Martin
David Guetta,Tara McDonald
David Guetta,French Montana
David Guetta,Afrojack
David Guetta,Charli xcx
French Montana,Afrojack
French Montana,Charli xcx
Afrojack,Charli xcx
David Guetta,Sam Martin
David Guetta,French Montana
David Guetta,Afrojack
David Guetta,Charli xcx
French Montana,Afrojack
French Montana,Charli xcx
Afrojack,Charli xcx
David Guetta,French Montana
David Guetta,Afrojack
David Guetta,Charli xcx
French Montana,Afrojack
French Montana,Charli xcx
Afrojack,Charli xcx
David Guetta,MORTEN
David Guetta,Beardyman
David Guetta,Showtek
Beardyman,Showtek
David Guetta,Joachim Garraud
David Guetta,Tara McDonald
Joachim Garraud,Tara McDonald
David Guetta,French Montana
David Guetta,Afrojack
David Guetta,Charli xcx
French Montana,Afrojack
French Montana,Charli xcx
Afrojack,Charli xcx
David Guetta,Tara McDonald
David Guetta,Tara McDonald
David Guetta,Chrystal
David Guetta,MK
Chrystal,MK
David Guetta,Tara McDonald
David Guetta,French Montana
David Guetta,Afrojack
David Guetta,Charli xcx
French Montana,Afrojack
French Montana,Charli xcx
Afrojack,Charli xcx
David Guetta,French Montana
David Guetta,Afrojack
David Guetta,Charli xcx
French Montana,Afrojack
French Montana,Charli xcx
Afrojack,Charli xcx
David Guetta,Tara McDonald
David Guetta,Tara McDonald
David Guetta,David Bowie
David Guetta,Black Eyed Peas
David Guetta,Shakira
Black Eyed Peas,Shakira
David Guetta,Sam Martin
David Guetta,French Montana
David Guetta,Afrojack
David Guetta,Charli xcx
French Montana,Afrojack
French Montana,Charli xcx
Afrojack,Charli xcx
David Guetta,Black Eyed Peas
David Guetta,Shakira
Black Eyed Peas,Shakira
David Guetta,Tara McDonald
Max Styler,David Guetta
David Guetta,Black Eyed Peas
David Guetta,Shakira
Black Eyed Peas,Shakira
David Guetta,Joachim Garraud
David Guetta,Tara McDonald
Joachim Garraud,Tara McDonald
David Guetta,Tara McDonald
David Guetta,Black Eyed Peas
David Guetta,Shakira
Black Eyed Peas,Shakira
David Guetta,Juliet
David Guetta,Tara McDonald
David Guetta,Sam Martin
David Guetta,Trey Songz
David Guetta,Sam Martin
David Guetta,Chris Brown
Trey Songz,Sam Martin
Trey Songz,Chris Brown
Sam Martin,Chris Brown
David Guetta,Tara McDonald
David Guetta,Diana Gordon
David Guetta,MORTEN
David Guetta,Sam Martin
David Guetta,Tara McDonald
David Guetta,Joachim Garraud
David Guetta,Tara McDonald
Joachim Garraud,Tara McDonald
David Guetta,French Montana
David Guetta,Afrojack
David Guetta,Charli xcx
French Montana,Afrojack
French Montana,Charli xcx
Afrojack,Charli xcx
David Guetta,Tara McDonald
David Guetta,Joachim Garraud
David Guetta,Chris Willis
Joachim Garraud,Chris Willis
David Guetta,Tara McDonald
David Guetta,DJs From Mars
David Guetta,Tara McDonald
David Guetta,Joachim Garraud
David Guetta,Tara McDonald
Joachim Garraud,Tara McDonald
David Guetta,Tara McDonald
David Guetta,Tara McDonald
David Guetta,Anne‐Marie
David Guetta,Sia
David Guetta,Chris Willis
David Guetta,MORTEN
David Guetta,Lanie Gardner
MORTEN,Lanie Gardner
David Guetta,Delilah Montagu
David Guetta,Black Coffee
Delilah Montagu,Black Coffee
David Guetta,Sia
David Guetta,Anne‐Marie
David Guetta,Steve Angello
David Guetta,Chris Willis
David Guetta,Sebastian Ingrosso
Steve Angello,Chris Willis
Steve Angello,Sebastian Ingrosso
Chris Willis,Sebastian Ingrosso
David Guetta,Sia
David Guetta,Sia
David Guetta,Ty Dolla $ign
David Guetta,A Boogie Wit da Hoodie
David Guetta,Julie Bergan
Ty Dolla $ign,A Boogie Wit da Hoodie
Ty Dolla $ign,Julie Bergan
A Boogie Wit da Hoodie,Julie Bergan
David Guetta,Anne‐Marie
David Guetta,Delilah Montagu
David Guetta,Black Coffee
Delilah Montagu,Black Coffee
David Guetta,Chris Willis
David Guetta,Steve Angello
David Guetta,Chris Willis
David Guetta,Sebastian Ingrosso
David Guetta,Joachim Garraud
Steve Angello,Chris Willis
Steve Angello,Sebastian Ingrosso
Steve Angello,Joachim Garraud
Chris Willis,Sebastian Ingrosso
Chris Willis,Joachim Garraud
Sebastian Ingrosso,Joachim Garraud
David Guetta,Anne‐Marie
David Guetta,Delilah Montagu
David Guetta,Black Coffee
Delilah Montagu,Black Coffee
David Guetta,Delilah Montagu
David Guetta,Black Coffee
Delilah Montagu,Black Coffee
David Guetta,Chris Willis
David Guetta,Ty Dolla $ign
David Guetta,A Boogie Wit da Hoodie
David Guetta,Imen Siar
Ty Dolla $ign,A Boogie Wit da Hoodie
Ty Dolla $ign,Imen Siar
A Boogie Wit da Hoodie,Imen Siar
David Guetta,Steve Angello
David Guetta,Chris Willis
David Guetta,Sebastian Ingrosso
David Guetta,Joachim Garraud
Steve Angello,Chris Willis
Steve Angello,Sebastian Ingrosso
Steve Angello,Joachim Garraud
Chris Willis,Sebastian Ingrosso
Chris Willis,Joachim Garraud
Sebastian Ingrosso,Joachim Garraud
David Guetta,Steve Angello
David Guetta,Chris Willis
David Guetta,Sebastian Ingrosso
David Guetta,Joachim Garraud
Steve Angello,Chris Willis
Steve Angello,Sebastian Ingrosso
Steve Angello,Joachim Garraud
Chris Willis,Sebastian Ingrosso
Chris Willis,Joachim Garraud
Sebastian Ingrosso,Joachim Garraud
David Guetta,Alesso
David Guetta,Tegan and Sara
Alesso,Tegan and Sara
David Guetta,Jason Derulo
David Guetta,Ty Dolla $ign
David Guetta,IZA
David Guetta,A Boogie Wit da Hoodie
Ty Dolla $ign,IZA
Ty Dolla $ign,A Boogie Wit da Hoodie
IZA,A Boogie Wit da Hoodie
David Guetta,Black Eyed Peas
David Guetta,Shakira
Black Eyed Peas,Shakira
David Guetta,Steve Angello
David Guetta,Chris Willis
David Guetta,Sebastian Ingrosso
Steve Angello,Chris Willis
Steve Angello,Sebastian Ingrosso
Chris Willis,Sebastian Ingrosso
David Guetta,Anne‐Marie
Lil Wayne,David Guetta
Lil Wayne,Jennifer Lopez
Lil Wayne,Nicki Minaj
Lil Wayne,Ne‐Yo
Lil Wayne,Bruno Mars
Lil Wayne,Nayer
Lil Wayne,Afrojack
Lil Wayne,Black Eyed Peas
Lil Wayne,Aloe Blacc
Lil Wayne,Flo Rida
Lil Wayne,Pitbull
Lil Wayne,Beyoncé
Lil Wayne,Alexis Jordan
David Guetta,Jennifer Lopez
David Guetta,Nicki Minaj
David Guetta,Ne‐Yo
David Guetta,Bruno Mars
David Guetta,Nayer
David Guetta,Afrojack
David Guetta,Black Eyed Peas
David Guetta,Aloe Blacc
David Guetta,Flo Rida
David Guetta,Pitbull
David Guetta,Beyoncé
David Guetta,Alexis Jordan
Jennifer Lopez,Nicki Minaj
Jennifer Lopez,Ne‐Yo
Jennifer Lopez,Bruno Mars
Jennifer Lopez,Nayer
Jennifer Lopez,Afrojack
Jennifer Lopez,Black Eyed Peas
Jennifer Lopez,Aloe Blacc
Jennifer Lopez,Flo Rida
Jennifer Lopez,Pitbull
Jennifer Lopez,Beyoncé
Jennifer Lopez,Alexis Jordan
Nicki Minaj,Ne‐Yo
Nicki Minaj,Bruno Mars
Nicki Minaj,Nayer
Nicki Minaj,Afrojack
Nicki Minaj,Black Eyed Peas
Nicki Minaj,Aloe Blacc
Nicki Minaj,Flo Rida
Nicki Minaj,Pitbull
Nicki Minaj,Beyoncé
Nicki Minaj,Alexis Jordan
Ne‐Yo,Bruno Mars
Ne‐Yo,Nayer
Ne‐Yo,Afrojack
Ne‐Yo,Black Eyed Peas
Ne‐Yo,Aloe Blacc
Ne‐Yo,Flo Rida
Ne‐Yo,Pitbull
Ne‐Yo,Beyoncé
Ne‐Yo,Alexis Jordan
Bruno Mars,Nayer
Bruno Mars,Afrojack
Bruno Mars,Black Eyed Peas
Bruno Mars,Aloe Blacc
Bruno Mars,Flo Rida
Bruno Mars,Pitbull
Bruno Mars,Beyoncé
Bruno Mars,Alexis Jordan
Nayer,Afrojack
Nayer,Black Eyed Peas
Nayer,Aloe Blacc
Nayer,Flo Rida
Nayer,Pitbull
Nayer,Beyoncé
Nayer,Alexis Jordan
Afrojack,Black Eyed Peas
Afrojack,Aloe Blacc
Afrojack,Flo Rida
Afrojack,Pitbull
Afrojack,Beyoncé
Afrojack,Alexis Jordan
Black Eyed Peas,Aloe Blacc
Black Eyed Peas,Flo Rida
Black Eyed Peas,Pitbull
Black Eyed Peas,Beyoncé
Black Eyed Peas,Alexis Jordan
Aloe Blacc,Flo Rida
Aloe Blacc,Pitbull
Aloe Blacc,Beyoncé
Aloe Blacc,Alexis Jordan
Flo Rida,Pitbull
Flo Rida,Beyoncé
Flo Rida,Alexis Jordan
Pitbull,Beyoncé
Pitbull,Alexis Jordan
Beyoncé,Alexis Jordan
David Guetta,MORTEN
David Guetta,Lanie Gardner
MORTEN,Lanie Gardner
David Guetta,Anne‐Marie
David Guetta,Chris Willis
David Guetta,Delilah Montagu
David Guetta,Black Coffee
Delilah Montagu,Black Coffee
David Guetta,Hypaton
David Guetta,Steve Angello
David Guetta,Chris Willis
David Guetta,Sebastian Ingrosso
Steve Angello,Chris Willis
Steve Angello,Sebastian Ingrosso
Chris Willis,Sebastian Ingrosso
David Guetta,Steve Angello
David Guetta,Chris Willis
David Guetta,Sebastian Ingrosso
Steve Angello,Chris Willis
Steve Angello,Sebastian Ingrosso
Chris Willis,Sebastian Ingrosso
David Guetta,Sia
David Guetta,Steve Angello
David Guetta,Chris Willis
David Guetta,Sebastian Ingrosso
David Guetta,Joachim Garraud
Steve Angello,Chris Willis
Steve Angello,Sebastian Ingrosso
Steve Angello,Joachim Garraud
Chris Willis,Sebastian Ingrosso
Chris Willis,Joachim Garraud
Sebastian Ingrosso,Joachim Garraud
David Guetta,Steve Angello
David Guetta,Chris Willis
David Guetta,Sebastian Ingrosso
Steve Angello,Chris Willis
Steve Angello,Sebastian Ingrosso
Chris Willis,Sebastian Ingrosso
David Guetta,Orchestral Manoeuvres in the Dark
David Guetta,Joachim Garraud
Orchestral Manoeuvres in the Dark,Joachim Garraud
David Guetta,Sia
David Guetta,Ty Dolla $ign
David Guetta,A Boogie Wit da Hoodie
David Guetta,Annalisa
Ty Dolla $ign,A Boogie Wit da Hoodie
Ty Dolla $ign,Annalisa
A Boogie Wit da Hoodie,Annalisa
David Guetta,Ty Dolla $ign
David Guetta,A Boogie Wit da Hoodie
David Guetta,Bebe Rexha
Ty Dolla $ign,A Boogie Wit da Hoodie
Ty Dolla $ign,Bebe Rexha
A Boogie Wit da Hoodie,Bebe Rexha
David Guetta,Steve Angello
David Guetta,Chris Willis
David Guetta,Sebastian Ingrosso
Steve Angello,Chris Willis
Steve Angello,Sebastian Ingrosso
Chris Willis,Sebastian Ingrosso
David Guetta,Anne‐Marie
David Guetta,Ty Dolla $ign
David Guetta,A Boogie Wit da Hoodie
David Guetta,JAMIE
Ty Dolla $ign,A Boogie Wit da Hoodie
Ty Dolla $ign,JAMIE
A Boogie Wit da Hoodie,JAMIE
David Guetta,Ty Dolla $ign
David Guetta,A Boogie Wit da Hoodie
David Guetta,Bebe Rexha
Ty Dolla $ign,A Boogie Wit da Hoodie
Ty Dolla $ign,Bebe Rexha
A Boogie Wit da Hoodie,Bebe Rexha
David Guetta,Ty Dolla $ign
David Guetta,A Boogie Wit da Hoodie
David Guetta,Bebe Rexha
Ty Dolla $ign,A Boogie Wit da Hoodie
Ty Dolla $ign,Bebe Rexha
A Boogie Wit da Hoodie,Bebe Rexha
David Guetta,Delilah Montagu
David Guetta,Black Coffee
Delilah Montagu,Black Coffee
David Guetta,Steve Angello
David Guetta,Chris Willis
David Guetta,Sebastian Ingrosso
Steve Angello,Chris Willis
Steve Angello,Sebastian Ingrosso
Chris Willis,Sebastian Ingrosso
David Guetta,Lune
David Guetta,A Boogie Wit da Hoodie
David Guetta,Ty Dolla $ign
Lune,A Boogie Wit da Hoodie
Lune,Ty Dolla $ign
A Boogie Wit da Hoodie,Ty Dolla $ign
David Guetta,Sia
David Guetta,Steve Angello
David Guetta,Chris Willis
David Guetta,Sebastian Ingrosso
Steve Angello,Chris Willis
Steve Angello,Sebastian Ingrosso
Chris Willis,Sebastian Ingrosso
David Guetta,Steve Angello
David Guetta,Chris Willis
David Guetta,Sebastian Ingrosso
Steve Angello,Chris Willis
Steve Angello,Sebastian Ingrosso
Chris Willis,Sebastian Ingrosso
David Guetta,Ty Dolla $ign
David Guetta,A Boogie Wit da Hoodie
David Guetta,Bebe Rexha
Ty Dolla $ign,A Boogie Wit da Hoodie
Ty Dolla $ign,Bebe Rexha
A Boogie Wit da Hoodie,Bebe Rexha
David Guetta,Jason Derulo
David Guetta,Steve Angello
David Guetta,Chris Willis
David Guetta,Sebastian Ingrosso
David Guetta,Joachim Garraud
Steve Angello,Chris Willis
Steve Angello,Sebastian Ingrosso
Steve Angello,Joachim Garraud
Chris Willis,Sebastian Ingrosso
Chris Willis,Joachim Garraud
Sebastian Ingrosso,Joachim Garraud
David Guetta,Steve Angello
David Guetta,Chris Willis
David Guetta,Sebastian Ingrosso
Steve Angello,Chris Willis
Steve Angello,Sebastian Ingrosso
Chris Willis,Sebastian Ingrosso
David Guetta,A Boogie Wit da Hoodie
David Guetta,Artik & Asti
A Boogie Wit da Hoodie,Artik & Asti
David Guetta,Sia
David Guetta,Hypaton
David Guetta,Syed Fardeen
David Guetta,Calvin Harris
Syed Fardeen,Calvin Harris
David Guetta,Anne‐Marie
David Guetta,Chris Willis
David Guetta,Delilah Montagu
David Guetta,Black Coffee
Delilah Montagu,Black Coffee
David Guetta,Sia
David Guetta,Sia
David Guetta,Steve Angello
David Guetta,Chris Willis
David Guetta,Sebastian Ingrosso
Steve Angello,Chris Willis
Steve Angello,Sebastian Ingrosso
Chris Willis,Sebastian Ingrosso
David Guetta,Chris Willis
David Guetta,MORTEN
David Guetta,Delilah Montagu
David Guetta,Black Coffee
Delilah Montagu,Black Coffee
David Guetta,Steve Angello
David Guetta,Chris Willis
David Guetta,Sebastian Ingrosso
Steve Angello,Chris Willis
Steve Angello,Sebastian Ingrosso
Chris Willis,Sebastian Ingrosso
David Guetta,Steve Angello
David Guetta,Chris Willis
David Guetta,Sebastian Ingrosso
Steve Angello,Chris Willis
Steve Angello,Sebastian Ingrosso
Chris Willis,Sebastian Ingrosso
David Guetta,Chris Willis
David Guetta,Black Eyed Peas
David Guetta,Shakira
Black Eyed Peas,Shakira
David Guetta,Ty Dolla $ign
David Guetta,A Boogie Wit da Hoodie
David Guetta,Bebe Rexha
Ty Dolla $ign,A Boogie Wit da Hoodie
Ty Dolla $ign,Bebe Rexha
A Boogie Wit da Hoodie,Bebe Rexha
David Guetta,Chris Willis
David Guetta,Anne‐Marie
David Guetta,Delilah Montagu
David Guetta,Black Coffee
Delilah Montagu,Black Coffee
David Guetta,Steve Angello
David Guetta,Chris Willis
David Guetta,Sebastian Ingrosso
Steve Angello,Chris Willis
Steve Angello,Sebastian Ingrosso
Chris Willis,Sebastian Ingrosso
David Guetta,Delilah Montagu
David Guetta,Black Coffee
Delilah Montagu,Black Coffee
David Guetta,Delilah Montagu
David Guetta,Black Coffee
Delilah Montagu,Black Coffee
David Guetta,Delilah Montagu
David Guetta,Black Coffee
Delilah Montagu,Black Coffee
David Guetta,Sia
David Guetta,Sofía Reyes
David Guetta,A Boogie Wit da Hoodie
David Guetta,Ty Dolla $ign
Sofía Reyes,A Boogie Wit da Hoodie
Sofía Reyes,Ty Dolla $ign
A Boogie Wit da Hoodie,Ty Dolla $ign
David Guetta,Anne‐Marie
David Guetta,Anne‐Marie
David Guetta,Themba
David Guetta,Jack Back
Themba,Jack Back
David Guetta,Fergie
David Guetta,LMFAO
David Guetta,Chris Willis
Fergie,LMFAO
Fergie,Chris Willis
LMFAO,Chris Willis
David Guetta,Fergie
David Guetta,LMFAO
David Guetta,Chris Willis
Fergie,LMFAO
Fergie,Chris Willis
LMFAO,Chris Willis
David Guetta,Sia
David Guetta,Chris Willis
David Guetta,Fergie
David Guetta,LMFAO
David Guetta,Chris Willis
Fergie,LMFAO
Fergie,Chris Willis
LMFAO,Chris Willis
David Guetta,Chris Willis
David Guetta,Sia
David Guetta,Barbara Tucker
David Guetta,Sia
David Guetta,Sia
David Guetta,Faithless
David Guetta,Sia
David Guetta,Alphaville
David Guetta,Ava Max
Alphaville,Ava Max
David Guetta,Fergie
David Guetta,LMFAO
David Guetta,Chris Willis
Fergie,LMFAO
Fergie,Chris Willis
LMFAO,Chris Willis
David Guetta,Sia
David Guetta,Fergie
David Guetta,LMFAO
David Guetta,Chris Willis
Fergie,LMFAO
Fergie,Chris Willis
LMFAO,Chris Willis
David Guetta,Fergie
David Guetta,LMFAO
David Guetta,Chris Willis
Fergie,LMFAO
Fergie,Chris Willis
LMFAO,Chris Willis
David Guetta,Fergie
David Guetta,LMFAO
David Guetta,Chris Willis
Fergie,LMFAO
Fergie,Chris Willis
LMFAO,Chris Willis
David Guetta,Faithless
David Guetta,Alphaville
David Guetta,Ava Max
Alphaville,Ava Max
David Guetta,Alphaville
David Guetta,Ava Max
Alphaville,Ava Max
David Guetta,Fergie
David Guetta,LMFAO
David Guetta,Chris Willis
Fergie,LMFAO
Fergie,Chris Willis
LMFAO,Chris Willis
David Guetta,Sia
David Guetta,Sia
David Guetta,REI AMI
David Guetta,AUDREY NUNA
David Guetta,EJAE
David Guetta,KPop Demon Hunters Cast
David Guetta,HUNTR/X
REI AMI,AUDREY NUNA
REI AMI,EJAE
REI AMI,KPop Demon Hunters Cast
REI AMI,HUNTR/X
AUDREY NUNA,EJAE
AUDREY NUNA,KPop Demon Hunters Cast
AUDREY NUNA,HUNTR/X
EJAE,KPop Demon Hunters Cast
EJAE,HUNTR/X
KPop Demon Hunters Cast,HUNTR/X
David Guetta,Alphaville
David Guetta,Ava Max
Alphaville,Ava Max
David Guetta,Sia
David Guetta,Fergie
David Guetta,LMFAO
David Guetta,Chris Willis
Fergie,LMFAO
Fergie,Chris Willis
LMFAO,Chris Willis
David Guetta,Fergie
David Guetta,LMFAO
Fergie,LMFAO
David Guetta,Sia
David Guetta,Fergie
David Guetta,LMFAO
David Guetta,Chris Willis
Fergie,LMFAO
Fergie,Chris Willis
LMFAO,Chris Willis
David Guetta,Fergie
David Guetta,LMFAO
David Guetta,Chris Willis
Fergie,LMFAO
Fergie,Chris Willis
LMFAO,Chris Willis
David Guetta,Barbara Tucker
David Guetta,Chris Willis
David Guetta,Sia
David Guetta,Alphaville
David Guetta,Ava Max
Alphaville,Ava Max
David Guetta,Fergie
David Guetta,LMFAO
David Guetta,Chris Willis
Fergie,LMFAO
Fergie,Chris Willis
LMFAO,Chris Willis
David Guetta,Chris Willis
David Guetta,Fergie
David Guetta,LMFAO
David Guetta,Chris Willis
Fergie,LMFAO
Fergie,Chris Willis
LMFAO,Chris Willis
David Guetta,Alphaville
David Guetta,Ava Max
Alphaville,Ava Max
David Guetta,Sia
David Guetta,Fergie
David Guetta,LMFAO
David Guetta,Chris Willis
Fergie,LMFAO
Fergie,Chris Willis
LMFAO,Chris Willis
David Guetta,Sia
David Guetta,Sia
David Guetta,REI AMI
David Guetta,AUDREY NUNA
David Guetta,EJAE
David Guetta,KPop Demon Hunters Cast
David Guetta,HUNTR/X
REI AMI,AUDREY NUNA
REI AMI,EJAE
REI AMI,KPop Demon Hunters Cast
REI AMI,HUNTR/X
AUDREY NUNA,EJAE
AUDREY NUNA,KPop Demon Hunters Cast
AUDREY NUNA,HUNTR/X
EJAE,KPop Demon Hunters Cast
EJAE,HUNTR/X
KPop Demon Hunters Cast,HUNTR/X
David Guetta,Shahlo Ahmedova
David Guetta,Fergie
David Guetta,Chris Willis
Fergie,Chris Willis
David Guetta,Sushant KC
David Guetta,Themba
David Guetta,Jack Back
Themba,Jack Back
David Guetta,Sia
David Guetta,Alphaville
David Guetta,Ava Max
Alphaville,Ava Max
David Guetta,Devito
Matt Sassari,David Guetta
Matt Sassari,Amira Eldine
Matt Sassari,Jack Back
David Guetta,Amira Eldine
David Guetta,Jack Back
Amira Eldine,Jack Back
David Guetta,REI AMI
David Guetta,AUDREY NUNA
David Guetta,EJAE
David Guetta,KPop Demon Hunters Cast
David Guetta,HUNTR/X
REI AMI,AUDREY NUNA
REI AMI,EJAE
REI AMI,KPop Demon Hunters Cast
REI AMI,HUNTR/X
AUDREY NUNA,EJAE
AUDREY NUNA,KPop Demon Hunters Cast
AUDREY NUNA,HUNTR/X
EJAE,KPop Demon Hunters Cast
EJAE,HUNTR/X
KPop Demon Hunters Cast,HUNTR/X
David Guetta,REI AMI
David Guetta,AUDREY NUNA
David Guetta,EJAE
David Guetta,KPop Demon Hunters Cast
David Guetta,HUNTR/X
REI AMI,AUDREY NUNA
REI AMI,EJAE
REI AMI,KPop Demon Hunters Cast
REI AMI,HUNTR/X
AUDREY NUNA,EJAE
AUDREY NUNA,KPop Demon Hunters Cast
AUDREY NUNA,HUNTR/X
EJAE,KPop Demon Hunters Cast
EJAE,HUNTR/X
KPop Demon Hunters Cast,HUNTR/X
David Guetta,Alphaville
David Guetta,Ava Max
Alphaville,Ava Max
David Guetta,Sia
David Guetta,Sia
David Guetta,CeCe Rogers
David Guetta,Barbara Tucker
David Guetta,Fergie
David Guetta,LMFAO
David Guetta,Chris Willis
Fergie,LMFAO
Fergie,Chris Willis
LMFAO,Chris Willis
David Guetta,Chris Willis
David Guetta,Sia
David Guetta,Chris Willis
David Guetta,Sia
David Guetta,Fergie
David Guetta,LMFAO
David Guetta,Chris Willis
Fergie,LMFAO
Fergie,Chris Willis
LMFAO,Chris Willis
David Guetta,Faithless
David Guetta,Chris Willis
David Guetta,Fergie
David Guetta,LMFAO
David Guetta,Chris Willis
Fergie,LMFAO
Fergie,Chris Willis
LMFAO,Chris Willis
David Guetta,Fergie
David Guetta,LMFAO
David Guetta,Chris Willis
Fergie,LMFAO
Fergie,Chris Willis
LMFAO,Chris Willis
David Guetta,Barbara Tucker
David Guetta,Tones and I
David Guetta,Teddy Swims
Tones and I,Teddy Swims
David Guetta,Fergie
David Guetta,LMFAO
David Guetta,Chris Willis
Fergie,LMFAO
Fergie,Chris Willis
LMFAO,Chris Willis
David Guetta,Sia
David Guetta,Alphaville
David Guetta,Ava Max
Alphaville,Ava Max
David Guetta,Alphaville
David Guetta,Ava Max
Alphaville,Ava Max
David Guetta,Chris Willis
David Guetta,Sia
The Chemical Brothers,David Guetta
David Guetta,Fergie
David Guetta,LMFAO
David Guetta,Chris Willis
Fergie,LMFAO
Fergie,Chris Willis
LMFAO,Chris Willis
David Guetta,Sia
David Guetta,Sia
David Guetta,Chris Willis
David Guetta,Sia
David Guetta,Sia
David Guetta,Sia
David Guetta,Fergie
David Guetta,LMFAO
David Guetta,Chris Willis
Fergie,LMFAO
Fergie,Chris Willis
LMFAO,Chris Willis
David Guetta,Fergie
David Guetta,LMFAO
David Guetta,Chris Willis
Fergie,LMFAO
Fergie,Chris Willis
LMFAO,Chris Willis
David Guetta,Tones and I
David Guetta,Teddy Swims
Tones and I,Teddy Swims
David Guetta,Afrojack
David Guetta,Galantis
David Guetta,Little Mix
Galantis,Little Mix
David Guetta,Tones and I
David Guetta,Teddy Swims
Tones and I,Teddy Swims
David Guetta,Galantis
David Guetta,Little Mix
Galantis,Little Mix
David Guetta,Galantis
David Guetta,Little Mix
Galantis,Little Mix
David Guetta,Nicki Minaj
David Guetta,Jason Derulo
Nicki Minaj,Jason Derulo
David Guetta,Nicki Minaj
David Guetta,Afrojack
David Guetta,Bebe Rexha
Nicki Minaj,Afrojack
Nicki Minaj,Bebe Rexha
Afrojack,Bebe Rexha
David Guetta,Nicki Minaj
David Guetta,Afrojack
Nicki Minaj,Afrojack
David Guetta,Oliver Tree
David Guetta,Galantis
David Guetta,Little Mix
Galantis,Little Mix
David Guetta,Afrojack
David Guetta,Nicki Minaj
David Guetta,Afrojack
David Guetta,Bebe Rexha
Nicki Minaj,Afrojack
Nicki Minaj,Bebe Rexha
Afrojack,Bebe Rexha
David Guetta,Nicki Minaj
David Guetta,Afrojack
David Guetta,Bebe Rexha
Nicki Minaj,Afrojack
Nicki Minaj,Bebe Rexha
Afrojack,Bebe Rexha
David Guetta,Afrojack
David Guetta,Galantis
David Guetta,Little Mix
Galantis,Little Mix
David Guetta,Black V Neck
David Guetta,Afrojack
Black V Neck,Afrojack
David Guetta,Tones and I
David Guetta,Teddy Swims
Tones and I,Teddy Swims
David Guetta,Afrojack
David Guetta,Galantis
David Guetta,Little Mix
Galantis,Little Mix
David Guetta,Afrojack
David Guetta,Luxtides
David Guetta,Afrojack
Luxtides,Afrojack
David Guetta,Mick Mazoo
David Guetta,Afrojack
Mick Mazoo,Afrojack
David Guetta,Afrojack
David Guetta,Tones and I
David Guetta,Teddy Swims
Tones and I,Teddy Swims
David Guetta,Afrojack
Active Melody,David Guetta
Active Melody,Rihanna
Active Melody,Avicii
Active Melody,Adele
Active Melody,Taio Cruz
Active Melody,Pitbull
Active Melody,LMFAO
David Guetta,Rihanna
David Guetta,Avicii
David Guetta,Adele
David Guetta,Taio Cruz
David Guetta,Pitbull
David Guetta,LMFAO
Rihanna,Avicii
Rihanna,Adele
Rihanna,Taio Cruz
Rihanna,Pitbull
Rihanna,LMFAO
Avicii,Adele
Avicii,Taio Cruz
Avicii,Pitbull
Avicii,LMFAO
Adele,Taio Cruz
Adele,Pitbull
Adele,LMFAO
Taio Cruz,Pitbull
Taio Cruz,LMFAO
Pitbull,LMFAO
David Guetta,Tones and I
David Guetta,Teddy Swims
Tones and I,Teddy Swims
David Guetta,Sia
David Guetta,Afrojack
Sia,Afrojack
David Guetta,Oliver Tree
David Guetta,Tones and I
David Guetta,Teddy Swims
Tones and I,Teddy Swims
David Guetta,Nicki Minaj
David Guetta,Afrojack
Nicki Minaj,Afrojack
David Guetta,Nicki Minaj
David Guetta,Afrojack
David Guetta,Bebe Rexha
Nicki Minaj,Afrojack
Nicki Minaj,Bebe Rexha
Afrojack,Bebe Rexha
David Guetta,Tones and I
David Guetta,Teddy Swims
Tones and I,Teddy Swims
David Guetta,Nicki Minaj
David Guetta,Jason Derulo
David Guetta,Willy William
Nicki Minaj,Jason Derulo
Nicki Minaj,Willy William
Jason Derulo,Willy William
David Guetta,Oliver Tree
David Guetta,Afrojack
David Guetta,Tones and I
David Guetta,Teddy Swims
Tones and I,Teddy Swims
David Guetta,Nicki Minaj
David Guetta,Afrojack
David Guetta,Bebe Rexha
Nicki Minaj,Afrojack
Nicki Minaj,Bebe Rexha
Afrojack,Bebe Rexha
David Guetta,Tones and I
David Guetta,Teddy Swims
Tones and I,Teddy Swims
David Guetta,Galantis
David Guetta,Little Mix
Galantis,Little Mix
David Guetta,Tones and I
David Guetta,Teddy Swims
Tones and I,Teddy Swims
David Guetta,Galantis
David Guetta,Little Mix
Galantis,Little Mix
David Guetta,Jason Derulo
David Guetta,Nicki Minaj
David Guetta,Afrojack
Nicki Minaj,Afrojack
David Guetta,Galantis
David Guetta,Little Mix
Galantis,Little Mix
David Guetta,Nicki Minaj
David Guetta,Galantis
David Guetta,Little Mix
Galantis,Little Mix
David Guetta,Tones and I
David Guetta,Teddy Swims
Tones and I,Teddy Swims
David Guetta,Nicki Minaj
David Guetta,Afrojack
Nicki Minaj,Afrojack
David Guetta,Galantis
David Guetta,Little Mix
Galantis,Little Mix
David Guetta,Nicki Minaj
David Guetta,Afrojack
Nicki Minaj,Afrojack
David Guetta,DISTO
David Guetta,Afrojack
DISTO,Afrojack
David Guetta,Nicki Minaj
David Guetta,Afrojack
David Guetta,Bebe Rexha
Nicki Minaj,Afrojack
Nicki Minaj,Bebe Rexha
Afrojack,Bebe Rexha
David Guetta,Galantis
David Guetta,Little Mix
Galantis,Little Mix
David Guetta,Nicki Minaj
David Guetta,Afrojack
David Guetta,Bebe Rexha
Nicki Minaj,Afrojack
Nicki Minaj,Bebe Rexha
Afrojack,Bebe Rexha
David Guetta,Oliver Tree
David Guetta,Nicki Minaj
David Guetta,Afrojack
David Guetta,Bebe Rexha
Nicki Minaj,Afrojack
Nicki Minaj,Bebe Rexha
Afrojack,Bebe Rexha
David Guetta,Tones and I
David Guetta,Teddy Swims
Tones and I,Teddy Swims
David Guetta,DubVision
David Guetta,Afrojack
DubVision,Afrojack
David Guetta,Galantis
David Guetta,Little Mix
Galantis,Little Mix
David Guetta,Afrojack
David Guetta,Galantis
David Guetta,Little Mix
Galantis,Little Mix
David Guetta,Nicki Minaj
David Guetta,Afrojack
David Guetta,Bebe Rexha
Nicki Minaj,Afrojack
Nicki Minaj,Bebe Rexha
Afrojack,Bebe Rexha
David Guetta,Galantis
David Guetta,Little Mix
Galantis,Little Mix
David Guetta,Tones and I
David Guetta,Teddy Swims
Tones and I,Teddy Swims
David Guetta,Nicki Minaj
David Guetta,Jason Derulo
David Guetta,Willy William
Nicki Minaj,Jason Derulo
Nicki Minaj,Willy William
Jason Derulo,Willy William
David Guetta,Galantis
David Guetta,Little Mix
Galantis,Little Mix
David Guetta,Nicki Minaj
David Guetta,Afrojack
David Guetta,Bebe Rexha
Nicki Minaj,Afrojack
Nicki Minaj,Bebe Rexha
Afrojack,Bebe Rexha
David Guetta,The Script
David Guetta,Nicki Minaj
David Guetta,Afrojack
David Guetta,Bebe Rexha
Nicki Minaj,Afrojack
Nicki Minaj,Bebe Rexha
Afrojack,Bebe Rexha
David Guetta,Timbaland
David Guetta,Afrojack
David Guetta,DEV
Timbaland,Afrojack
Timbaland,DEV
Afrojack,DEV
David Guetta,Chris Brown
David Guetta,Lil Wayne
Chris Brown,Lil Wayne
David Guetta,Nicki Minaj
David Guetta,Afrojack
Nicki Minaj,Afrojack
David Guetta,Bebe Rexha
David Guetta,HARDY
Bebe Rexha,HARDY
David Guetta,Dirty South
David Guetta,Julie McKnight
David Guetta,Sebastian Ingrosso
Dirty South,Julie McKnight
Dirty South,Sebastian Ingrosso
Julie McKnight,Sebastian Ingrosso
David Guetta,Jaymes Young
David Guetta,Bebe Rexha
David Guetta,Birdy
Jaymes Young,Bebe Rexha
Jaymes Young,Birdy
Bebe Rexha,Birdy
David Guetta,OneRepublic
David Guetta,Nicki Minaj
David Guetta,Afrojack
Nicki Minaj,Afrojack
David Guetta,Nicki Minaj
David Guetta,Afrojack
David Guetta,Bebe Rexha
Nicki Minaj,Afrojack
Nicki Minaj,Bebe Rexha
Afrojack,Bebe Rexha
David Guetta,Bebe Rexha
David Guetta,Samantha Jade
David Guetta,Nicki Minaj
David Guetta,Afrojack
Nicki Minaj,Afrojack
David Guetta,Samantha Jade
David Guetta,Bebe Rexha
David Guetta,Dirty South
David Guetta,Julie McKnight
David Guetta,Sebastian Ingrosso
Dirty South,Julie McKnight
Dirty South,Sebastian Ingrosso
Julie McKnight,Sebastian Ingrosso
David Guetta,Dirty South
David Guetta,Julie McKnight
David Guetta,Sebastian Ingrosso
Dirty South,Julie McKnight
Dirty South,Sebastian Ingrosso
Julie McKnight,Sebastian Ingrosso
David Guetta,Bebe Rexha
David Guetta,OneRepublic
David Guetta,Chris Brown
David Guetta,Lil Wayne
Chris Brown,Lil Wayne
David Guetta,Bebe Rexha
David Guetta,OneRepublic
David Guetta,Chris Brown
David Guetta,Lil Wayne
Chris Brown,Lil Wayne
David Guetta,Dirty South
David Guetta,Julie McKnight
David Guetta,Sebastian Ingrosso
Dirty South,Julie McKnight
Dirty South,Sebastian Ingrosso
Julie McKnight,Sebastian Ingrosso
David Guetta,Nicki Minaj
David Guetta,Afrojack
Nicki Minaj,Afrojack
David Guetta,Bebe Rexha
David Guetta,OneRepublic
David Guetta,Bebe Rexha
David Guetta,HARDY
Bebe Rexha,HARDY
David Guetta,OneRepublic
David Guetta,Nicki Minaj
David Guetta,Afrojack
David Guetta,Bebe Rexha
Nicki Minaj,Afrojack
Nicki Minaj,Bebe Rexha
Afrojack,Bebe Rexha
David Guetta,Samantha Jade
David Guetta,Nicki Minaj
David Guetta,Chris Brown
David Guetta,Lil Wayne
Chris Brown,Lil Wayne
David Guetta,Chris Brown
David Guetta,Lil Wayne
Chris Brown,Lil Wayne
David Guetta,Bebe Rexha
David Guetta,HARDY
Bebe Rexha,HARDY
David Guetta,OneRepublic
David Guetta,Kiko
David Guetta,Olivier Giacomotto
Kiko,Olivier Giacomotto
David Guetta,Nicki Minaj
David Guetta,Afrojack
Nicki Minaj,Afrojack
David Guetta,Dirty South
David Guetta,Julie McKnight
David Guetta,Sebastian Ingrosso
Dirty South,Julie McKnight
Dirty South,Sebastian Ingrosso
Julie McKnight,Sebastian Ingrosso
David Guetta,Samantha Jade
David Guetta,Laidback Luke
Samantha Jade,Laidback Luke
David Guetta,Chris Brown
David Guetta,Lil Wayne
Chris Brown,Lil Wayne
David Guetta,Nicki Minaj
David Guetta,Afrojack
Nicki Minaj,Afrojack
David Guetta,Bebe Rexha
David Guetta,HARDY
Bebe Rexha,HARDY
David Guetta,Nicki Minaj
David Guetta,Afrojack
Nicki Minaj,Afrojack
David Guetta,OneRepublic
David Guetta,Bebe Rexha
David Guetta,HARDY
Bebe Rexha,HARDY
David Guetta,OneRepublic
David Guetta,will.i.am
David Guetta,OneRepublic
David Guetta,Nicki Minaj
David Guetta,Afrojack
David Guetta,Bebe Rexha
Nicki Minaj,Afrojack
Nicki Minaj,Bebe Rexha
Afrojack,Bebe Rexha
David Guetta,Chris Brown
David Guetta,Lil Wayne
Chris Brown,Lil Wayne
David Guetta,Nicki Minaj
David Guetta,Afrojack
Nicki Minaj,Afrojack
David Guetta,Bebe Rexha
David Guetta,HARDY
Bebe Rexha,HARDY
David Guetta,Nicki Minaj
David Guetta,Martin Solveig
David Guetta,Afrojack
Nicki Minaj,Martin Solveig
Nicki Minaj,Afrojack
Martin Solveig,Afrojack
David Guetta,Nicki Minaj
David Guetta,Afrojack
David Guetta,Sia
David Guetta,Bebe Rexha
Nicki Minaj,Afrojack
Nicki Minaj,Sia
Nicki Minaj,Bebe Rexha
Afrojack,Sia
Afrojack,Bebe Rexha
Sia,Bebe Rexha
David Guetta,OneRepublic
David Guetta,Chris Brown
David Guetta,Lil Wayne
Chris Brown,Lil Wayne
David Guetta,Nicki Minaj
David Guetta,Afrojack
David Guetta,Bebe Rexha
Nicki Minaj,Afrojack
Nicki Minaj,Bebe Rexha
Afrojack,Bebe Rexha
David Guetta,Dirty South
David Guetta,Julie McKnight
David Guetta,Sebastian Ingrosso
Dirty South,Julie McKnight
Dirty South,Sebastian Ingrosso
Julie McKnight,Sebastian Ingrosso
David Guetta,will.i.am
David Guetta,Dirty South
David Guetta,Julie McKnight
David Guetta,Sebastian Ingrosso
Dirty South,Julie McKnight
Dirty South,Sebastian Ingrosso
Julie McKnight,Sebastian Ingrosso
David Guetta,OneRepublic
David Guetta,Kiko
David Guetta,Olivier Giacomotto
Kiko,Olivier Giacomotto
David Guetta,Nicki Minaj
David Guetta,Afrojack
David Guetta,Bebe Rexha
Nicki Minaj,Afrojack
Nicki Minaj,Bebe Rexha
Afrojack,Bebe Rexha
David Guetta,OneRepublic
David Guetta,OneRepublic
David Guetta,Dizzman
David Guetta,Nicki Minaj
David Guetta,DJ Mich
Dizzman,Nicki Minaj
Dizzman,DJ Mich
Nicki Minaj,DJ Mich
David Guetta,Trace
David Guetta,Cardi B
David Guetta,Vassy
David Guetta,Bad Bunny
David Guetta,Tiësto
David Guetta,Tom Staar
Trace,Cardi B
Trace,Vassy
Trace,Bad Bunny
Trace,Tiësto
Trace,Tom Staar
Cardi B,Vassy
Cardi B,Bad Bunny
Cardi B,Tiësto
Cardi B,Tom Staar
Vassy,Bad Bunny
Vassy,Tiësto
Vassy,Tom Staar
Bad Bunny,Tiësto
Bad Bunny,Tom Staar
Tiësto,Tom Staar
David Guetta,Bebe Rexha
David Guetta,HARDY
Bebe Rexha,HARDY
David Guetta,Nicki Minaj
David Guetta,Afrojack
David Guetta,Bebe Rexha
Nicki Minaj,Afrojack
Nicki Minaj,Bebe Rexha
Afrojack,Bebe Rexha
David Guetta,Jaymes Young
David Guetta,Birdy
Jaymes Young,Birdy
David Guetta,Chris Willis
David Guetta,Bebe Rexha
David Guetta,will.i.am
David Guetta,Nicki Minaj
David Guetta,Afrojack
David Guetta,Bebe Rexha
Nicki Minaj,Afrojack
Nicki Minaj,Bebe Rexha
Afrojack,Bebe Rexha
David Guetta,Chris Brown
David Guetta,Lil Wayne
Chris Brown,Lil Wayne
David Guetta,Bebe Rexha
David Guetta,Dirty South
David Guetta,Julie McKnight
David Guetta,Sebastian Ingrosso
Dirty South,Julie McKnight
Dirty South,Sebastian Ingrosso
Julie McKnight,Sebastian Ingrosso
David Guetta,will.i.am
David Guetta,Nicki Minaj
David Guetta,Afrojack
Nicki Minaj,Afrojack
David Guetta,will.i.am
David Guetta,Bebe Rexha
David Guetta,Chris Brown
David Guetta,Lil Wayne
Chris Brown,Lil Wayne
David Guetta,Chris Brown
David Guetta,Lil Wayne
Chris Brown,Lil Wayne
David Guetta,will.i.am
David Guetta,Bebe Rexha
David Guetta,HARDY
Bebe Rexha,HARDY
David Guetta,Tyrese
David Guetta,Crystal Nicole
Tyrese,Crystal Nicole
David Guetta,Chris Brown
David Guetta,Lil Wayne
Chris Brown,Lil Wayne
David Guetta,Dirty South
David Guetta,Julie McKnight
David Guetta,Sebastian Ingrosso
Dirty South,Julie McKnight
Dirty South,Sebastian Ingrosso
Julie McKnight,Sebastian Ingrosso
David Guetta,Chris Brown
David Guetta,Lil Wayne
Chris Brown,Lil Wayne
David Guetta,Chris Brown
David Guetta,Lil Wayne
Chris Brown,Lil Wayne
David Guetta,Chris Brown
David Guetta,Lil Wayne
Chris Brown,Lil Wayne
David Guetta,OneRepublic
David Guetta,OneRepublic
David Guetta,Julie McKnight
David Guetta,ARTBAT
David Guetta,Idris Elba
ARTBAT,Idris Elba
Armin van Buuren,David Guetta
Armin van Buuren,Aldae
David Guetta,Aldae
David Guetta,Ray Dalton
David Guetta,Macklemore & Ryan Lewis
David Guetta,Bebe Rexha
Ray Dalton,Macklemore & Ryan Lewis
Ray Dalton,Bebe Rexha
Macklemore & Ryan Lewis,Bebe Rexha
David Guetta,Kelly Rowland
David Guetta,Barbara Tucker
David Guetta,Bebe Rexha
David Guetta,Bebe Rexha
David Guetta,MORTEN
David Guetta,Bebe Rexha
David Guetta,Bebe Rexha
Armin van Buuren,David Guetta
Armin van Buuren,Aldae
David Guetta,Aldae
Armin van Buuren,David Guetta
Armin van Buuren,Aldae
David Guetta,Aldae
David Guetta,Bebe Rexha
Armin van Buuren,David Guetta
Armin van Buuren,Aldae
David Guetta,Aldae
Armin van Buuren,David Guetta
Armin van Buuren,Aldae
David Guetta,Aldae
David Guetta,Dimitri Vegas & Like Mike
David Guetta,Afro Bros
David Guetta,Natti Natasha
David Guetta,Daddy Yankee
Dimitri Vegas & Like Mike,Afro Bros
Dimitri Vegas & Like Mike,Natti Natasha
Dimitri Vegas & Like Mike,Daddy Yankee
Afro Bros,Natti Natasha
Afro Bros,Daddy Yankee
Natti Natasha,Daddy Yankee
David Guetta,Dimitri Vegas & Like Mike
David Guetta,Afro Bros
David Guetta,Natti Natasha
David Guetta,Daddy Yankee
Dimitri Vegas & Like Mike,Afro Bros
Dimitri Vegas & Like Mike,Natti Natasha
Dimitri Vegas & Like Mike,Daddy Yankee
Afro Bros,Natti Natasha
Afro Bros,Daddy Yankee
Natti Natasha,Daddy Yankee
David Guetta,Kelly Rowland
David Guetta,Chris Willis
David Guetta,Bebe Rexha
David Guetta,Dimitri Vegas & Like Mike
David Guetta,Afro Bros
David Guetta,Natti Natasha
David Guetta,Daddy Yankee
Dimitri Vegas & Like Mike,Afro Bros
Dimitri Vegas & Like Mike,Natti Natasha
Dimitri Vegas & Like Mike,Daddy Yankee
Afro Bros,Natti Natasha
Afro Bros,Daddy Yankee
Natti Natasha,Daddy Yankee
David Guetta,Kelly Rowland
David Guetta,JD Davis
David Guetta,Freaks
David Guetta,Dua Lipa
Freaks,Dua Lipa
David Guetta,Bebe Rexha
David Guetta,Kelly Rowland
David Guetta,Bebe Rexha
David Guetta,Bebe Rexha
Armin van Buuren,David Guetta
Armin van Buuren,Aldae
David Guetta,Aldae
David Guetta,Dimitri Vegas & Like Mike
David Guetta,Afro Bros
David Guetta,Natti Natasha
David Guetta,Daddy Yankee
Dimitri Vegas & Like Mike,Afro Bros
Dimitri Vegas & Like Mike,Natti Natasha
Dimitri Vegas & Like Mike,Daddy Yankee
Afro Bros,Natti Natasha
Afro Bros,Daddy Yankee
Natti Natasha,Daddy Yankee
David Guetta,JD Davis
David Guetta,Lit Killah
David Guetta,Bebe Rexha
David Guetta,LUDMILLA
Lit Killah,Bebe Rexha
Lit Killah,LUDMILLA
Bebe Rexha,LUDMILLA
David Guetta,Bebe Rexha
David Guetta,NERVO
David Guetta,Daddy’s Groove
NERVO,Daddy’s Groove
David Guetta,Bebe Rexha
David Guetta,JD Davis
David Guetta,Makeba
David Guetta,Bebe Rexha
David Guetta,Bebe Rexha
Armin van Buuren,David Guetta
Armin van Buuren,Aldae
David Guetta,Aldae
David Guetta,Bebe Rexha
David Guetta,JD Davis
David Guetta,Saweetie
David Guetta,JD Davis
Netsky,David Guetta
Armin van Buuren,David Guetta
Armin van Buuren,Aldae
David Guetta,Aldae
David Guetta,MistaJam
David Guetta,John Newman
MistaJam,John Newman
David Guetta,MORTEN
David Guetta,ARTBAT
David Guetta,Idris Elba
ARTBAT,Idris Elba
David Guetta,Kelly Rowland
David Guetta,Robbie Rivera
David Guetta,Bebe Rexha
David Guetta,MistaJam
David Guetta,John Newman
MistaJam,John Newman
David Guetta,Bebe Rexha
David Guetta,Makeba
David Guetta,Bebe Rexha
David Guetta,Bebe Rexha
David Guetta,Dimitri Vegas & Like Mike
David Guetta,Afro Bros
David Guetta,Natti Natasha
David Guetta,Daddy Yankee
Dimitri Vegas & Like Mike,Afro Bros
Dimitri Vegas & Like Mike,Natti Natasha
Dimitri Vegas & Like Mike,Daddy Yankee
Afro Bros,Natti Natasha
Afro Bros,Daddy Yankee
Natti Natasha,Daddy Yankee
David Guetta,Bebe Rexha
David Guetta,Dimitri Vegas & Like Mike
David Guetta,Afro Bros
David Guetta,Natti Natasha
David Guetta,Daddy Yankee
Dimitri Vegas & Like Mike,Afro Bros
Dimitri Vegas & Like Mike,Natti Natasha
Dimitri Vegas & Like Mike,Daddy Yankee
Afro Bros,Natti Natasha
Afro Bros,Daddy Yankee
Natti Natasha,Daddy Yankee
David Guetta,Bebe Rexha
David Guetta,MistaJam
David Guetta,John Newman
MistaJam,John Newman
David Guetta,Kelly Rowland
David Guetta,Bebe Rexha
David Guetta,Bebe Rexha
David Guetta,Nicki Minaj
David Guetta,Davido
Nicki Minaj,Davido
David Guetta,Chris Willis
David Guetta,MORTEN
David Guetta,John Martin
MORTEN,John Martin
David Guetta,Barbara Tucker
David Guetta,Chris Willis
David Guetta,MistaJam
David Guetta,John Newman
MistaJam,John Newman
David Guetta,Bebe Rexha
David Guetta,Nicky Romero
David Guetta,Bebe Rexha
David Guetta,Bebe Rexha
David Guetta,Barbara Tucker
David Guetta,Chris Willis
David Guetta,Tocadisco
Chris Willis,Tocadisco
David Guetta,Cedric Gervais
Armin van Buuren,David Guetta
Armin van Buuren,Aldae
David Guetta,Aldae
David Guetta,Cedric Gervais
David Guetta,Bebe Rexha
JHart,David Guetta
David Guetta,Annie Lennox
David Guetta,Joachim Garraud
David Guetta,Dave Stewart
David Guetta,Eurythmics
Annie Lennox,Joachim Garraud
Annie Lennox,Dave Stewart
Annie Lennox,Eurythmics
Joachim Garraud,Dave Stewart
Joachim Garraud,Eurythmics
Dave Stewart,Eurythmics
David Guetta,Barbara Tucker
Armin van Buuren,David Guetta
Armin van Buuren,Aldae
David Guetta,Aldae
David Guetta,Bebe Rexha
David Guetta,Bebe Rexha
David Guetta,GLOWINTHEDARK
David Guetta,Joachim Garraud
David Guetta,Chris Willis
Joachim Garraud,Chris Willis
David Guetta,Joachim Garraud
David Guetta,Chris Willis
Joachim Garraud,Chris Willis
David Guetta,Chris Willis
David Guetta,MORTEN
David Guetta,Joachim Garraud
David Guetta,Chris Willis
Joachim Garraud,Chris Willis
David Guetta,Chris Willis
David Guetta,Usher
David Guetta,Jennifer Lopez
David Guetta,Nicki Minaj
David Guetta,Rihanna
David Guetta,Sean Kingston
David Guetta,Britney Spears
David Guetta,will.i.am
David Guetta,Pitbull
David Guetta,Lady Gaga
David Guetta,Alexis Jordan
Usher,Jennifer Lopez
Usher,Nicki Minaj
Usher,Rihanna
Usher,Sean Kingston
Usher,Britney Spears
Usher,will.i.am
Usher,Pitbull
Usher,Lady Gaga
Usher,Alexis Jordan
Jennifer Lopez,Nicki Minaj
Jennifer Lopez,Rihanna
Jennifer Lopez,Sean Kingston
Jennifer Lopez,Britney Spears
Jennifer Lopez,will.i.am
Jennifer Lopez,Pitbull
Jennifer Lopez,Lady Gaga
Jennifer Lopez,Alexis Jordan
Nicki Minaj,Rihanna
Nicki Minaj,Sean Kingston
Nicki Minaj,Britney Spears
Nicki Minaj,will.i.am
Nicki Minaj,Pitbull
Nicki Minaj,Lady Gaga
Nicki Minaj,Alexis Jordan
Rihanna,Sean Kingston
Rihanna,Britney Spears
Rihanna,will.i.am
Rihanna,Pitbull
Rihanna,Lady Gaga
Rihanna,Alexis Jordan
Sean Kingston,Britney Spears
Sean Kingston,will.i.am
Sean Kingston,Pitbull
Sean Kingston,Lady Gaga
Sean Kingston,Alexis Jordan
Britney Spears,will.i.am
Britney Spears,Pitbull
Britney Spears,Lady Gaga
Britney Spears,Alexis Jordan
will.i.am,Pitbull
will.i.am,Lady Gaga
will.i.am,Alexis Jordan
Pitbull,Lady Gaga
Pitbull,Alexis Jordan
Lady Gaga,Alexis Jordan
David Guetta,Joachim Garraud
David Guetta,Chris Willis
Joachim Garraud,Chris Willis
David Guetta,David Bowie
David Guetta,David Bowie
David Guetta,Chris Willis
David Guetta,Chris Willis
David Guetta,Chris Willis
David Guetta,David Bowie
David Guetta,Chris Willis
David Guetta,Thailand
David Guetta,Chris Willis
David Guetta,Joachim Garraud
David Guetta,Chris Willis
Joachim Garraud,Chris Willis
David Guetta,David Bowie
David Guetta,Chris Willis
David Guetta,Chris Willis
David Guetta,Chris Willis
David Guetta,Chris Willis
David Guetta,Chris Willis
David Guetta,Joachim Garraud
David Guetta,Chris Willis
Joachim Garraud,Chris Willis
David Guetta,David Bowie
David Guetta,David Bowie
David Guetta,Max Elto
David Guetta,David Bowie
David Guetta,David Bowie
David Guetta,Chris Willis
David Guetta,David Bowie
David Guetta,Chris Willis
David Guetta,David Bowie
David Guetta,Joachim Garraud
David Guetta,Chris Willis
Joachim Garraud,Chris Willis
David Guetta,Chris Willis
David Guetta,Chris Willis
David Guetta,Usher
David Guetta,Travie McCoy
David Guetta,GoonRock
David Guetta,Black Eyed Peas
David Guetta,Lauren Bennett
David Guetta,Kesha
David Guetta,Snoop Dogg
David Guetta,Flo Rida
David Guetta,CeeLo Green
David Guetta,Pitbull
David Guetta,LMFAO
David Guetta,Taio Cruz
David Guetta,Kylie Minogue
David Guetta,Lady Gaga
Usher,Travie McCoy
Usher,GoonRock
Usher,Black Eyed Peas
Usher,Lauren Bennett
Usher,Kesha
Usher,Snoop Dogg
Usher,Flo Rida
Usher,CeeLo Green
Usher,Pitbull
Usher,LMFAO
Usher,Taio Cruz
Usher,Kylie Minogue
Usher,Lady Gaga
Travie McCoy,GoonRock
Travie McCoy,Black Eyed Peas
Travie McCoy,Lauren Bennett
Travie McCoy,Kesha
Travie McCoy,Snoop Dogg
Travie McCoy,Flo Rida
Travie McCoy,CeeLo Green
Travie McCoy,Pitbull
Travie McCoy,LMFAO
Travie McCoy,Taio Cruz
Travie McCoy,Kylie Minogue
Travie McCoy,Lady Gaga
GoonRock,Black Eyed Peas
GoonRock,Lauren Bennett
GoonRock,Kesha
GoonRock,Snoop Dogg
GoonRock,Flo Rida
GoonRock,CeeLo Green
GoonRock,Pitbull
GoonRock,LMFAO
GoonRock,Taio Cruz
GoonRock,Kylie Minogue
GoonRock,Lady Gaga
Black Eyed Peas,Lauren Bennett
Black Eyed Peas,Kesha
Black Eyed Peas,Snoop Dogg
Black Eyed Peas,Flo Rida
Black Eyed Peas,CeeLo Green
Black Eyed Peas,Pitbull
Black Eyed Peas,LMFAO
Black Eyed Peas,Taio Cruz
Black Eyed Peas,Kylie Minogue
Black Eyed Peas,Lady Gaga
Lauren Bennett,Kesha
Lauren Bennett,Snoop Dogg
Lauren Bennett,Flo Rida
Lauren Bennett,CeeLo Green
Lauren Bennett,Pitbull
Lauren Bennett,LMFAO
Lauren Bennett,Taio Cruz
Lauren Bennett,Kylie Minogue
Lauren Bennett,Lady Gaga
Kesha,Snoop Dogg
Kesha,Flo Rida
Kesha,CeeLo Green
Kesha,Pitbull
Kesha,LMFAO
Kesha,Taio Cruz
Kesha,Kylie Minogue
Kesha,Lady Gaga
Snoop Dogg,Flo Rida
Snoop Dogg,CeeLo Green
Snoop Dogg,Pitbull
Snoop Dogg,LMFAO
Snoop Dogg,Taio Cruz
Snoop Dogg,Kylie Minogue
Snoop Dogg,Lady Gaga
Flo Rida,CeeLo Green
Flo Rida,Pitbull
Flo Rida,LMFAO
Flo Rida,Taio Cruz
Flo Rida,Kylie Minogue
Flo Rida,Lady Gaga
CeeLo Green,Pitbull
CeeLo Green,LMFAO
CeeLo Green,Taio Cruz
CeeLo Green,Kylie Minogue
CeeLo Green,Lady Gaga
Pitbull,LMFAO
Pitbull,Taio Cruz
Pitbull,Kylie Minogue
Pitbull,Lady Gaga
LMFAO,Taio Cruz
LMFAO,Kylie Minogue
LMFAO,Lady Gaga
Taio Cruz,Kylie Minogue
Taio Cruz,Lady Gaga
Kylie Minogue,Lady Gaga
David Guetta,Chris Willis
David Guetta,Chris Willis
David Guetta,Chris Willis
David Guetta,Chris Willis
David Guetta,Chris Willis
David Guetta,Thailand
David Guetta,Chris Willis
David Guetta,Chris Willis
David Guetta,David Bowie
David Guetta,Thailand
David Guetta,David Bowie
David Guetta,Chris Willis
David Guetta,Brooks
David Guetta,Martin Garrix
Brooks,Martin Garrix
David Guetta,Jaden Bojsen
David Guetta,Brooks
David Guetta,Martin Garrix
Brooks,Martin Garrix
David Guetta,Ladysmith Black Mambazo
David Guetta,Nico & Vinz
Ladysmith Black Mambazo,Nico & Vinz
David Guetta,Max Elto
David Guetta,Sia
David Guetta,Sia
David Guetta,Max Elto
David Guetta,Sia
David Guetta,A7S
David Guetta,Wizkid
A7S,Wizkid
David Guetta,Sia
David Guetta,Sia
David Guetta,Brooks
David Guetta,Martin Garrix
Brooks,Martin Garrix
David Guetta,Max Elto
David Guetta,Jessie J
David Guetta,Nicki Minaj
David Guetta,Brooks
David Guetta,Martin Garrix
Brooks,Martin Garrix
David Guetta,Max Elto
David Guetta,JD Davis
David Guetta,Jessie J
David Guetta,Nicki Minaj
David Guetta,Lil Wayne
Nicki Minaj,Lil Wayne
David Guetta,L'ADLD
David Guetta,Taio Cruz
David Guetta,Ludacris
Taio Cruz,Ludacris
David Guetta,Akon
David Guetta,Jessie J
David Guetta,Sia
David Guetta,Brooks
David Guetta,Martin Garrix
Brooks,Martin Garrix
David Guetta,Taio Cruz
David Guetta,Ludacris
Taio Cruz,Ludacris
David Guetta,Max Elto
David Guetta,Taio Cruz
David Guetta,Ludacris
Taio Cruz,Ludacris
David Guetta,Taio Cruz
David Guetta,DubVision
David Guetta,Kid Cudi
David Guetta,Dave Kurtis
DubVision,Kid Cudi
DubVision,Dave Kurtis
Kid Cudi,Dave Kurtis
David Guetta,Taio Cruz
David Guetta,Ludacris
Taio Cruz,Ludacris
David Guetta,Max Elto
David Guetta,Taio Cruz
David Guetta,Ludacris
Taio Cruz,Ludacris
David Guetta,MORTEN
David Guetta,Galantis
David Guetta,5 Seconds of Summer
Galantis,5 Seconds of Summer
David Guetta,MORTEN
David Guetta,John Legend
David Guetta,Jessie J
David Guetta,Taio Cruz
David Guetta,Ludacris
Taio Cruz,Ludacris
David Guetta,Sia
David Guetta,Max Elto
David Guetta,Sia
David Guetta,Galantis
David Guetta,5 Seconds of Summer
Galantis,5 Seconds of Summer
David Guetta,Galantis
David Guetta,5 Seconds of Summer
Galantis,5 Seconds of Summer
David Guetta,Sia
David Guetta,Taio Cruz
David Guetta,Ludacris
Taio Cruz,Ludacris
David Guetta,Sami Brielle
David Guetta,Jaden Bojsen
Sami Brielle,Jaden Bojsen
David Guetta,Max Elto
David Guetta,Juany Bravo
David Guetta,Sami Brielle
David Guetta,Jaden Bojsen
David Guetta,HUGEL
David Guetta,Tom Enzy
Juany Bravo,Sami Brielle
Juany Bravo,Jaden Bojsen
Juany Bravo,HUGEL
Juany Bravo,Tom Enzy
Sami Brielle,Jaden Bojsen
Sami Brielle,HUGEL
Sami Brielle,Tom Enzy
Jaden Bojsen,HUGEL
Jaden Bojsen,Tom Enzy
HUGEL,Tom Enzy
David Guetta,Sia
David Guetta,Sia
David Guetta,Galantis
David Guetta,5 Seconds of Summer
Galantis,5 Seconds of Summer
David Guetta,Sia
David Guetta,Ladysmith Black Mambazo
David Guetta,Nico & Vinz
Sia,Ladysmith Black Mambazo
Sia,Nico & Vinz
Ladysmith Black Mambazo,Nico & Vinz
David Guetta,Taio Cruz
David Guetta,Ludacris
Taio Cruz,Ludacris
David Guetta,Nicki Minaj
David Guetta,Lil Wayne
Nicki Minaj,Lil Wayne
David Guetta,Sia
David Guetta,Nicki Minaj
David Guetta,Lil Wayne
Nicki Minaj,Lil Wayne
David Guetta,Jessie J
David Guetta,Nicki Minaj
David Guetta,Lil Wayne
Nicki Minaj,Lil Wayne
David Guetta,Taio Cruz
David Guetta,Ludacris
Taio Cruz,Ludacris
David Guetta,Jessie J
David Guetta,Ava Max
David Guetta,Taio Cruz
David Guetta,Ludacris
Taio Cruz,Ludacris
David Guetta,Sia
David Guetta,Sia
David Guetta,Sia
David Guetta,Galantis
David Guetta,5 Seconds of Summer
Galantis,5 Seconds of Summer
David Guetta,Miss Thing
David Guetta,A7S
David Guetta,Wizkid
A7S,Wizkid
David Guetta,Taio Cruz
David Guetta,Ludacris
Taio Cruz,Ludacris
David Guetta,Brooks
David Guetta,Martin Garrix
Brooks,Martin Garrix
David Guetta,Sia
David Guetta,Sia
David Guetta,Max Elto
David Guetta,Jessie J
David Guetta,Brooks
David Guetta,Martin Garrix
Brooks,Martin Garrix
David Guetta,Taio Cruz
David Guetta,Ludacris
Taio Cruz,Ludacris
David Guetta,MORTEN
David Guetta,Prophecy
MORTEN,Prophecy
David Guetta,Sia
David Guetta,Jaden Bojsen
David Guetta,Nicki Minaj
David Guetta,Lil Wayne
Nicki Minaj,Lil Wayne
David Guetta,Nicki Minaj
David Guetta,Lil Wayne
Nicki Minaj,Lil Wayne
David Guetta,Sia
David Guetta,Taio Cruz
David Guetta,Ludacris
Taio Cruz,Ludacris
David Guetta,A7S
David Guetta,Wizkid
A7S,Wizkid
David Guetta,Sia
David Guetta,The Egg
David Guetta,Sam Ryder
David Guetta,Sigala
Sam Ryder,Sigala
David Guetta,Niles Mason
David Guetta,Afrojack
Niles Mason,Afrojack
David Guetta,The Egg
David Guetta,The Egg
David Guetta,Shouse
David Guetta,The Egg
David Guetta,The Egg
David Guetta,Sam Ryder
David Guetta,Sigala
Sam Ryder,Sigala
David Guetta,The Egg
David Guetta,Taio Cruz
David Guetta,Ludacris
Taio Cruz,Ludacris
David Guetta,MORTEN
David Guetta,Trippie Redd
MORTEN,Trippie Redd
David Guetta,The Egg
David Guetta,The Egg
David Guetta,Shouse
David Guetta,The Egg
David Guetta,The Egg
David Guetta,MORTEN
David Guetta,Trippie Redd
MORTEN,Trippie Redd
David Guetta,The Egg
David Guetta,The Egg
David Guetta,MORTEN
David Guetta,Taio Cruz
David Guetta,Ludacris
Taio Cruz,Ludacris
David Guetta,Niles Mason
David Guetta,Afrojack
Niles Mason,Afrojack
David Guetta,The Egg
David Guetta,The Egg
David Guetta,The Egg
David Guetta,The Egg
David Guetta,The Egg
David Guetta,The Egg
David Guetta,The Egg
David Guetta,Shouse
David Guetta,The Egg
David Guetta,The Egg
David Guetta,Sam Ryder
David Guetta,Sigala
Sam Ryder,Sigala
David Guetta,Niles Mason
David Guetta,Afrojack
Niles Mason,Afrojack
David Guetta,Shouse
David Guetta,The Egg
David Guetta,Chris Willis
David Guetta,The Egg
David Guetta,The Egg
David Guetta,Sam Ryder
David Guetta,Sigala
Sam Ryder,Sigala
David Guetta,The Egg
David Guetta,Sam Ryder
David Guetta,Sigala
Sam Ryder,Sigala
David Guetta,Shouse
Lil Wayne,David Guetta
David Guetta,The Egg
David Guetta,Shouse
David Guetta,The Egg
David Guetta,Taio Cruz
David Guetta,Ludacris
Taio Cruz,Ludacris
David Guetta,Sam Ryder
David Guetta,Sigala
Sam Ryder,Sigala
David Guetta,Taio Cruz
David Guetta,Ludacris
Taio Cruz,Ludacris
David Guetta,The Egg
David Guetta,The Egg
David Guetta,Chris Willis
The Egg,Chris Willis
David Guetta,Niles Mason
David Guetta,Afrojack
Niles Mason,Afrojack
David Guetta,The Egg
David Guetta,The Egg
David Guetta,The Egg
David Guetta,The Egg
David Guetta,Shouse
David Guetta,The Egg
David Guetta,The Egg
David Guetta,The Egg
David Guetta,The Egg
David Guetta,The Egg
David Guetta,The Egg
David Guetta,The Egg
David Guetta,The Egg
David Guetta,Niles Mason
David Guetta,Alvaro
David Guetta,Quintino
Alvaro,Quintino
David Guetta,Shouse
David Guetta,Shouse
David Guetta,Shouse
David Guetta,The Egg
David Guetta,The Egg
David Guetta,Shouse
David Guetta,The Egg
David Guetta,The Egg
Akon,David Guetta
Akon,Afrojack
David Guetta,Afrojack
David Guetta,The Egg
David Guetta,The Egg
David Guetta,The Egg
David Guetta,The Egg
David Guetta,The Egg
David Guetta,The Egg
David Guetta,The Egg
David Guetta,The Egg
David Guetta,The Egg
David Guetta,Chris Willis
David Guetta,The Egg
David Guetta,The Egg
David Guetta,Joachim Garraud
David Guetta,Chris Willis
Joachim Garraud,Chris Willis
David Guetta,The Egg
David Guetta,The Egg
David Guetta,Chris Willis
David Guetta,The Egg
David Guetta,The Egg
David Guetta,The Egg
David Guetta,Chris Willis
David Guetta,The Egg
David Guetta,Joachim Garraud
David Guetta,Chris Willis
David Guetta,The Egg
Joachim Garraud,Chris Willis
Joachim Garraud,The Egg
Chris Willis,The Egg
David Guetta,The Egg
David Guetta,The Egg
David Guetta,The Egg
David Guetta,The Egg
David Guetta,The Egg
David Guetta,The Egg
David Guetta,The Egg
David Guetta,Chris Willis
David Guetta,The Egg
David Guetta,Joachim Garraud
David Guetta,Chris Willis
Joachim Garraud,Chris Willis
David Guetta,The Egg
David Guetta,Chris Willis
David Guetta,The Egg
David Guetta,Chris Willis
David Guetta,The Egg
David Guetta,The Egg
David Guetta,The Egg
David Guetta,The Egg
David Guetta,The Egg
David Guetta,The Egg
David Guetta,The Egg
David Guetta,The Egg
David Guetta,The Egg
David Guetta,The Egg
David Guetta,Chris Willis
David Guetta,The Egg
David Guetta,Chris Willis
David Guetta,The Egg
David Guetta,The Egg
David Guetta,Chris Willis
David Guetta,The Egg
David Guetta,The Egg
David Guetta,Chris Willis
David Guetta,The Egg
David Guetta,The Egg
David Guetta,The Egg
David Guetta,Chris Willis
David Guetta,Chris Willis
David Guetta,The Egg
David Guetta,The Egg
David Guetta,The Egg
David Guetta,Chris Willis
David Guetta,The Egg
David Guetta,Chris Willis
David Guetta,The Egg
David Guetta,The Egg
David Guetta,The Egg
David Guetta,The Egg
David Guetta,Joachim Garraud
David Guetta,Chris Willis
Joachim Garraud,Chris Willis
David Guetta,The Egg
David Guetta,Chris Willis
David Guetta,Chris Willis
David Guetta,The Egg
David Guetta,Afrojack
David Guetta,Chris Willis
David Guetta,MORTEN
David Guetta,Chris Willis
David Guetta,John Martin
David Guetta,Chris Willis
David Guetta,Chris Willis
David Guetta,Chris Willis
David Guetta,Afrojack
David Guetta,Joachim Garraud
David Guetta,Chris Willis
Joachim Garraud,Chris Willis
David Guetta,Chris Decay
David Guetta,Chris Willis
David Guetta,Chris Willis
David Guetta,Chris Willis
David Guetta,Chris Willis
David Guetta,Sam Martin
David Guetta,Sam Martin
David Guetta,Afrojack
David Guetta,Chris Willis
David Guetta,Sam Martin
David Guetta,Chris Willis
David Guetta,Joachim Garraud
David Guetta,Chris Willis
Joachim Garraud,Chris Willis
David Guetta,Flo Rida
David Guetta,The Egg
Flo Rida,The Egg
David Guetta,Chris Willis
David Guetta,Chris Willis
David Guetta,Sam Martin
David Guetta,Sam Martin
David Guetta,Sam Sparro
David Guetta,Chris Willis
Sam Sparro,Chris Willis
David Guetta,Chris Willis
David Guetta,Chris Willis
David Guetta,Sam Martin
David Guetta,Chris Willis
David Guetta,Chris Willis
David Guetta,Chris Willis
David Guetta,Sam Martin
David Guetta,Chris Willis
David Guetta,Sam Martin
David Guetta,Chris Willis
David Guetta,Chris Willis
David Guetta,Sam Martin
David Guetta,Sam Martin
David Guetta,Sam Martin
David Guetta,Sam Martin
David Guetta,Joachim Garraud
David Guetta,Chris Willis
Joachim Garraud,Chris Willis
David Guetta,Chris Willis
David Guetta,Afrojack
David Guetta,Sam Martin
David Guetta,Sam Martin
David Guetta,Chris Willis
David Guetta,Afrojack
David Guetta,Chris Willis
David Guetta,Sam Martin
David Guetta,Sam Martin
David Guetta,Chris Willis
David Guetta,Chris Willis
David Guetta,Chris Willis
David Guetta,Sam Martin
David Guetta,Chris Willis
David Guetta,Sam Martin
David Guetta,Joachim Garraud
David Guetta,Chris Willis
Joachim Garraud,Chris Willis
David Guetta,Chris Willis
David Guetta,Sam Martin
David Guetta,Sam Martin
David Guetta,Chris Willis
MORTEN,David Guetta
David Guetta,Sam Martin
David Guetta,Afrojack
David Guetta,Chris Willis
David Guetta,Sam Martin
David Guetta,Chris Willis
David Guetta,Sam Martin
David Guetta,Sam Martin
David Guetta,Sam Martin
David Guetta,Kid Cudi
David Guetta,Kid Cudi
David Guetta,MORTEN
David Guetta,RAYE
MORTEN,RAYE
David Guetta,Kid Cudi
David Guetta,Kid Cudi
David Guetta,Coi Leray
David Guetta,Kid Cudi
David Guetta,Kid Cudi
David Guetta,Kid Cudi
David Guetta,Kid Cudi
David Guetta,Kid Cudi
David Guetta,Nicky Romero
David Guetta,Kid Cudi
David Guetta,Kid Cudi
David Guetta,MORTEN
David Guetta,Kid Cudi
David Guetta,Kid Cudi
David Guetta,Kid Cudi
David Guetta,Girl on Couch
David Guetta,Billen Ted
Girl on Couch,Billen Ted
David Guetta,Kid Cudi
David Guetta,Kid Cudi
David Guetta,Kid Cudi
David Guetta,Kid Cudi
David Guetta,Kid Cudi
Sean Paul,David Guetta
Sean Paul,Becky G
David Guetta,Becky G
David Guetta,Kid Cudi
David Guetta,Kid Cudi
David Guetta,Kid Cudi
David Guetta,Kid Cudi
David Guetta,Kid Cudi
David Guetta,Kid Cudi
David Guetta,Kid Cudi
David Guetta,Kid Cudi
David Guetta,Kid Cudi
David Guetta,Kid Cudi
David Guetta,Kid Cudi
David Guetta,Kid Cudi
Sean Paul,David Guetta
Sean Paul,Becky G
David Guetta,Becky G
David Guetta,Kid Cudi
David Guetta,Kid Cudi
David Guetta,Kid Cudi
David Guetta,Kid Cudi
David Guetta,Kid Cudi
David Guetta,Kid Cudi
David Guetta,Kid Cudi
David Guetta,Kid Cudi
David Guetta,Kid Cudi
David Guetta,Kid Cudi
David Guetta,Kid Cudi
David Guetta,Kid Cudi
David Guetta,MORTEN
David Guetta,RAYE
MORTEN,RAYE
David Guetta,Kid Cudi
Sean Paul,David Guetta
Sean Paul,Becky G
David Guetta,Becky G
David Guetta,MORTEN
David Guetta,RAYE
MORTEN,RAYE
David Guetta,Kid Cudi
David Guetta,MORTEN
David Guetta,RAYE
MORTEN,RAYE
David Guetta,Kid Cudi
David Guetta,Kid Cudi
David Guetta,Kid Cudi
David Guetta,Kid Cudi
David Guetta,Kid Cudi
David Guetta,Kid Cudi
David Guetta,Kid Cudi
David Guetta,Kid Cudi
David Guetta,Kid Cudi
David Guetta,Kid Cudi
David Guetta,Kid Cudi
Sean Paul,David Guetta
Sean Paul,Becky G
David Guetta,Becky G
Sean Paul,David Guetta
Sean Paul,Becky G
David Guetta,Becky G
David Guetta,Nicky Romero
David Guetta,Kid Cudi
Sean Paul,David Guetta
Sean Paul,Becky G
David Guetta,Becky G
David Guetta,Kid Cudi
David Guetta,Kid Cudi
David Guetta,Kid Cudi
David Guetta,Kid Cudi
David Guetta,Kid Cudi
David Guetta,Kid Cudi
MORTEN,David Guetta
MORTEN,Raye
David Guetta,Raye
David Guetta,Nicky Romero
David Guetta,Kid Cudi
David Guetta,Kid Cudi
David Guetta,Kid Cudi
David Guetta,Kid Cudi
David Guetta,Kid Cudi
David Guetta,Pirate Soundsystem
David Guetta,Kid Cudi
Pirate Soundsystem,Kid Cudi
David Guetta,Kid Cudi
Sean Paul,David Guetta
Sean Paul,Becky G
David Guetta,Becky G
David Guetta,Kid Cudi
David Guetta,Kid Cudi
David Guetta,Novel
David Guetta,Showtek
David Guetta,MORTEN
Disciples,David Guetta
David Guetta,Zara Larsson
Disciples,David Guetta
Disciples,Wyte Labl
David Guetta,Wyte Labl
David Guetta,Fedde Le Grand
David Guetta,MORTEN
Fedde Le Grand,MORTEN
David Guetta,Steve Aoki
David Guetta,PnB Rock
David Guetta,Riot Ten
David Guetta,KABU
David Guetta,Swae Lee
Steve Aoki,PnB Rock
Steve Aoki,Riot Ten
Steve Aoki,KABU
Steve Aoki,Swae Lee
PnB Rock,Riot Ten
PnB Rock,KABU
PnB Rock,Swae Lee
Riot Ten,KABU
Riot Ten,Swae Lee
KABU,Swae Lee
David Guetta,Steve Aoki
David Guetta,PnB Rock
David Guetta,Laidback Luke
David Guetta,KABU
David Guetta,Swae Lee
Steve Aoki,PnB Rock
Steve Aoki,Laidback Luke
Steve Aoki,KABU
Steve Aoki,Swae Lee
PnB Rock,Laidback Luke
PnB Rock,KABU
PnB Rock,Swae Lee
Laidback Luke,KABU
Laidback Luke,Swae Lee
KABU,Swae Lee
David Guetta,Moné
David Guetta,Chris Willis
Moné,Chris Willis
Disciples,David Guetta
David Guetta,MORTEN
David Guetta,Novel
David Guetta,Nicky Romero
David Guetta,Khalid
David Guetta,Martin Garrix
Khalid,Martin Garrix
David Guetta,Steve Aoki
David Guetta,Jimmy James
David Guetta,PnB Rock
David Guetta,Hiroyuki
David Guetta,KABU
David Guetta,Swae Lee
Steve Aoki,Jimmy James
Steve Aoki,PnB Rock
Steve Aoki,Hiroyuki
Steve Aoki,KABU
Steve Aoki,Swae Lee
Jimmy James,PnB Rock
Jimmy James,Hiroyuki
Jimmy James,KABU
Jimmy James,Swae Lee
PnB Rock,Hiroyuki
PnB Rock,KABU
PnB Rock,Swae Lee
Hiroyuki,KABU
Hiroyuki,Swae Lee
KABU,Swae Lee
Disciples,David Guetta
David Guetta,Novel
David Guetta,Fedde Le Grand
David Guetta,MORTEN
Fedde Le Grand,MORTEN
Disciples,David Guetta
David Guetta,Mally Mall
David Guetta,Lil Uzi Vert
David Guetta,Steve Aoki
David Guetta,G‐Eazy
Mally Mall,Lil Uzi Vert
Mally Mall,Steve Aoki
Mally Mall,G‐Eazy
Lil Uzi Vert,Steve Aoki
Lil Uzi Vert,G‐Eazy
Steve Aoki,G‐Eazy
David Guetta,will.i.am
David Guetta,Steve Aoki
David Guetta,PnB Rock
David Guetta,Krupa
David Guetta,KABU
David Guetta,Swae Lee
Steve Aoki,PnB Rock
Steve Aoki,Krupa
Steve Aoki,KABU
Steve Aoki,Swae Lee
PnB Rock,Krupa
PnB Rock,KABU
PnB Rock,Swae Lee
Krupa,KABU
Krupa,Swae Lee
KABU,Swae Lee
Disciples,David Guetta
David Guetta,Novel
David Guetta,James Perry
David Guetta,Alesso
David Guetta,Madison Love
David Guetta,HEADER
Alesso,Madison Love
Alesso,HEADER
Madison Love,HEADER
David Guetta,Alesso
David Guetta,Madison Love
Alesso,Madison Love
David Guetta,James Perry
Disciples,David Guetta
Disciples,David Guetta
David Guetta,Steve Aoki
David Guetta,PnB Rock
David Guetta,KABU
David Guetta,Swae Lee
Steve Aoki,PnB Rock
Steve Aoki,KABU
Steve Aoki,Swae Lee
PnB Rock,KABU
PnB Rock,Swae Lee
KABU,Swae Lee
David Guetta,Öwnboss
David Guetta,Steve Aoki
David Guetta,PnB Rock
David Guetta,KABU
David Guetta,Swae Lee
Öwnboss,Steve Aoki
Öwnboss,PnB Rock
Öwnboss,KABU
Öwnboss,Swae Lee
Steve Aoki,PnB Rock
Steve Aoki,KABU
Steve Aoki,Swae Lee
PnB Rock,KABU
PnB Rock,Swae Lee
KABU,Swae Lee
David Guetta,MORTEN
David Guetta,Aloe Blacc
MORTEN,Aloe Blacc
David Guetta,Moné
David Guetta,Chris Willis
Moné,Chris Willis
David Guetta,Moné
David Guetta,Chris Willis
Moné,Chris Willis
Disciples,David Guetta
David Guetta,Katy Perry
David Guetta,P!nk
David Guetta,Kelly Rowland
David Guetta,Faithless
David Guetta,Snoop Dogg
David Guetta,The Temptations
David Guetta,CeCe Peniston
David Guetta,Bobby Brown
Katy Perry,P!nk
Katy Perry,Kelly Rowland
Katy Perry,Faithless
Katy Perry,Snoop Dogg
Katy Perry,The Temptations
Katy Perry,CeCe Peniston
Katy Perry,Bobby Brown
P!nk,Kelly Rowland
P!nk,Faithless
P!nk,Snoop Dogg
P!nk,The Temptations
P!nk,CeCe Peniston
P!nk,Bobby Brown
Kelly Rowland,Faithless
Kelly Rowland,Snoop Dogg
Kelly Rowland,The Temptations
Kelly Rowland,CeCe Peniston
Kelly Rowland,Bobby Brown
Faithless,Snoop Dogg
Faithless,The Temptations
Faithless,CeCe Peniston
Faithless,Bobby Brown
Snoop Dogg,The Temptations
Snoop Dogg,CeCe Peniston
Snoop Dogg,Bobby Brown
The Temptations,CeCe Peniston
The Temptations,Bobby Brown
CeCe Peniston,Bobby Brown
David Guetta,Nicky Romero
David Guetta,Novel
David Guetta,Novel
David Guetta,MORTEN
Disciples,David Guetta
Disciples,Kideko
David Guetta,Kideko
Disciples,David Guetta
David Guetta,Chris Willis
David Guetta,Jennifer Hudson
David Guetta,Joachim Garraud
David Guetta,Culture Club
Joachim Garraud,Culture Club
David Guetta,Alesso
David Guetta,Madison Love
Alesso,Madison Love
Steve Aoki,David Guetta
Steve Aoki,PnB Rock
Steve Aoki,Swae Lee
David Guetta,PnB Rock
David Guetta,Swae Lee
PnB Rock,Swae Lee
David Guetta,Alesso
David Guetta,Madison Love
David Guetta,HEADER
Alesso,Madison Love
Alesso,HEADER
Madison Love,HEADER
Disciples,David Guetta
David Guetta,MORTEN
David Guetta,Aloe Blacc
MORTEN,Aloe Blacc
David Guetta,Showtek
David Guetta,Elliphant
David Guetta,Ms. Dynamite
Showtek,Elliphant
Showtek,Ms. Dynamite
Elliphant,Ms. Dynamite
Akon,David Guetta
David Guetta,MORTEN
David Guetta,Gammer
David Guetta,Steve Aoki
David Guetta,PnB Rock
David Guetta,KABU
David Guetta,Swae Lee
Gammer,Steve Aoki
Gammer,PnB Rock
Gammer,KABU
Gammer,Swae Lee
Steve Aoki,PnB Rock
Steve Aoki,KABU
Steve Aoki,Swae Lee
PnB Rock,KABU
PnB Rock,Swae Lee
KABU,Swae Lee
David Guetta,James Perry
David Guetta,MORTEN
David Guetta,Alesso
David Guetta,Madison Love
Alesso,Madison Love
David Guetta,Nelly Furtado
David Guetta,Miss B
David Guetta,JD Davis
Miss B,JD Davis
Disciples,David Guetta
Disciples,Todd Terry
David Guetta,Todd Terry
David Guetta,Zara Larsson
David Guetta,Paul Chambers
David Guetta,Chris Willis
Paul Chambers,Chris Willis
David Guetta,MORTEN
David Guetta,Aloe Blacc
MORTEN,Aloe Blacc
David Guetta,Zara Larsson
Disciples,David Guetta
David Guetta,Steve Aoki
David Guetta,PnB Rock
David Guetta,KABU
David Guetta,Swae Lee
Steve Aoki,PnB Rock
Steve Aoki,KABU
Steve Aoki,Swae Lee
PnB Rock,KABU
PnB Rock,Swae Lee
KABU,Swae Lee
David Guetta,Dasha
Disciples,David Guetta
David Guetta,Rihanna
David Guetta,Showtek
David Guetta,D.N.K
David Guetta,Ms. Dynamite
David Guetta,Elliphant
Rihanna,Showtek
Rihanna,D.N.K
Rihanna,Ms. Dynamite
Rihanna,Elliphant
Showtek,D.N.K
Showtek,Ms. Dynamite
Showtek,Elliphant
D.N.K,Ms. Dynamite
D.N.K,Elliphant
Ms. Dynamite,Elliphant
David Guetta,Justus
David Guetta,Steve Aoki
David Guetta,PnB Rock
David Guetta,KABU
David Guetta,Swae Lee
Justus,Steve Aoki
Justus,PnB Rock
Justus,KABU
Justus,Swae Lee
Steve Aoki,PnB Rock
Steve Aoki,KABU
Steve Aoki,Swae Lee
PnB Rock,KABU
PnB Rock,Swae Lee
KABU,Swae Lee
David Guetta,Chris Willis
David Guetta,Rosario
David Guetta,Steve Aoki
David Guetta,PnB Rock
David Guetta,KABU
David Guetta,Swae Lee
Rosario,Steve Aoki
Rosario,PnB Rock
Rosario,KABU
Rosario,Swae Lee
Steve Aoki,PnB Rock
Steve Aoki,KABU
Steve Aoki,Swae Lee
PnB Rock,KABU
PnB Rock,Swae Lee
KABU,Swae Lee
David Guetta,Khalid
David Guetta,Martin Garrix
Khalid,Martin Garrix
David Guetta,Steve Aoki
David Guetta,PnB Rock
David Guetta,KABU
David Guetta,Swae Lee
David Guetta,Kabu Kabu
Steve Aoki,PnB Rock
Steve Aoki,KABU
Steve Aoki,Swae Lee
Steve Aoki,Kabu Kabu
PnB Rock,KABU
PnB Rock,Swae Lee
PnB Rock,Kabu Kabu
KABU,Swae Lee
KABU,Kabu Kabu
Swae Lee,Kabu Kabu
David Guetta,Dasha
David Guetta,Novel
Disciples,David Guetta
David Guetta,Novel
David Guetta,Basshunter
David Guetta,Estelle
David Guetta,Chris Willis
David Guetta,Robin Schulz
David Guetta,Estelle
Farruko,David Guetta
David Guetta,Bebe Rexha
David Guetta,Estelle
David Guetta,Estelle
David Guetta,Estelle
David Guetta,Bebe Rexha
David Guetta,will.i.am
David Guetta,apl.de.ap
will.i.am,apl.de.ap
David Guetta,Estelle
David Guetta,Zara Larsson
David Guetta,Afrojack
David Guetta,Estelle
David Guetta,will.i.am
David Guetta,apl.de.ap
will.i.am,apl.de.ap
David Guetta,Estelle
David Guetta,will.i.am
David Guetta,apl.de.ap
will.i.am,apl.de.ap
David Guetta,Bebe Rexha
David Guetta,Bebe Rexha
David Guetta,Estelle
David Guetta,MORTEN
David Guetta,Estelle
David Guetta,Stereo MC’s
David Guetta,Bebe Rexha
David Guetta,Estelle
David Guetta,Estelle
David Guetta,Pitbull
David Guetta,Timbaland
Pitbull,Timbaland
David Guetta,Estelle
David Guetta,Zara Larsson
David Guetta,Estelle
David Guetta,Estelle
David Guetta,Pitbull
David Guetta,Timbaland
Pitbull,Timbaland
David Guetta,Akon
David Guetta,Ne‐Yo
Akon,Ne‐Yo
David Guetta,Princess Superstar
David Guetta,Mason
Princess Superstar,Mason
David Guetta,Zara Larsson
David Guetta,Amél
David Guetta,Afrojack
David Guetta,Martin Garrix
Amél,Afrojack
Amél,Martin Garrix
Afrojack,Martin Garrix
David Guetta,Abraham Mateo
David Guetta,Zion & Lennox
David Guetta,De La Ghetto
David Guetta,Maejor
David Guetta,Lalo Ebratt
David Guetta,Thalía
David Guetta,Sofía Reyes
David Guetta,Manuel Turizo
David Guetta,Human X
Abraham Mateo,Zion & Lennox
Abraham Mateo,De La Ghetto
Abraham Mateo,Maejor
Abraham Mateo,Lalo Ebratt
Abraham Mateo,Thalía
Abraham Mateo,Sofía Reyes
Abraham Mateo,Manuel Turizo
Abraham Mateo,Human X
Zion & Lennox,De La Ghetto
Zion & Lennox,Maejor
Zion & Lennox,Lalo Ebratt
Zion & Lennox,Thalía
Zion & Lennox,Sofía Reyes
Zion & Lennox,Manuel Turizo
Zion & Lennox,Human X
De La Ghetto,Maejor
De La Ghetto,Lalo Ebratt
De La Ghetto,Thalía
De La Ghetto,Sofía Reyes
De La Ghetto,Manuel Turizo
De La Ghetto,Human X
Maejor,Lalo Ebratt
Maejor,Thalía
Maejor,Sofía Reyes
Maejor,Manuel Turizo
Maejor,Human X
Lalo Ebratt,Thalía
Lalo Ebratt,Sofía Reyes
Lalo Ebratt,Manuel Turizo
Lalo Ebratt,Human X
Thalía,Sofía Reyes
Thalía,Manuel Turizo
Thalía,Human X
Sofía Reyes,Manuel Turizo
Sofía Reyes,Human X
Manuel Turizo,Human X
David Guetta,Estelle
David Guetta,Princess Superstar
David Guetta,Mason
Princess Superstar,Mason
David Guetta,Bebe Rexha
David Guetta,Estelle
David Guetta,Akon
David Guetta,Ne‐Yo
Akon,Ne‐Yo
David Guetta,Zara Larsson
David Guetta,Pitbull
David Guetta,Timbaland
Pitbull,Timbaland
David Guetta,Princess Superstar
David Guetta,Mason
Princess Superstar,Mason
David Guetta,will.i.am
David Guetta,apl.de.ap
will.i.am,apl.de.ap
David Guetta,Bebe Rexha
David Guetta,will.i.am
David Guetta,apl.de.ap
will.i.am,apl.de.ap
David Guetta,Triomphe
David Guetta,Estelle
David Guetta,Robin Schulz
David Guetta,Kap Slap
David Guetta,Carnage
David Guetta,MAKJ
David Guetta,Henry Fong
David Guetta,Martin Garrix
Kap Slap,Carnage
Kap Slap,MAKJ
Kap Slap,Henry Fong
Kap Slap,Martin Garrix
Carnage,MAKJ
Carnage,Henry Fong
Carnage,Martin Garrix
MAKJ,Henry Fong
MAKJ,Martin Garrix
Henry Fong,Martin Garrix
David Guetta,Max Elto
David Guetta,Bebe Rexha
David Guetta,Estelle
David Guetta,Akon
David Guetta,Ne‐Yo
Akon,Ne‐Yo
David Guetta,will.i.am
David Guetta,apl.de.ap
will.i.am,apl.de.ap
David Guetta,Robin Schulz
David Guetta,Zara Larsson
David Guetta,Princess Superstar
David Guetta,Mason
Princess Superstar,Mason
David Guetta,will.i.am
David Guetta,apl.de.ap
will.i.am,apl.de.ap
David Guetta,Zara Larsson
David Guetta,will.i.am
David Guetta,apl.de.ap
will.i.am,apl.de.ap
David Guetta,Estelle
Akon,David Guetta
David Guetta,Estelle
David Guetta,J Balvin
David Guetta,Zara Larsson
David Guetta,Estelle
David Guetta,Amél
David Guetta,Afrojack
David Guetta,Martin Garrix
Amél,Afrojack
Amél,Martin Garrix
Afrojack,Martin Garrix
David Guetta,Estelle
David Guetta,Chris Willis
David Guetta,Akon
David Guetta,Ne‐Yo
Akon,Ne‐Yo
David Guetta,Chris Willis
David Guetta,Estelle
David Guetta,Bebe Rexha
David Guetta,Pitbull
David Guetta,Timbaland
Pitbull,Timbaland
David Guetta,Zara Larsson
David Guetta,Ne‐Yo
David Guetta,Akon
David Guetta,Ne‐Yo
David Guetta,Cathy Guetta
Akon,Ne‐Yo
Akon,Cathy Guetta
Ne‐Yo,Cathy Guetta
David Guetta,Jennifer Lopez
David Guetta,Rihanna
David Guetta,Travie McCoy
David Guetta,GoonRock
David Guetta,Lauren Bennett
David Guetta,Black Eyed Peas
David Guetta,Pitbull
David Guetta,Taio Cruz
David Guetta,Kylie Minogue
David Guetta,LMFAO
David Guetta,Alexis Jordan
Jennifer Lopez,Rihanna
Jennifer Lopez,Travie McCoy
Jennifer Lopez,GoonRock
Jennifer Lopez,Lauren Bennett
Jennifer Lopez,Black Eyed Peas
Jennifer Lopez,Pitbull
Jennifer Lopez,Taio Cruz
Jennifer Lopez,Kylie Minogue
Jennifer Lopez,LMFAO
Jennifer Lopez,Alexis Jordan
Rihanna,Travie McCoy
Rihanna,GoonRock
Rihanna,Lauren Bennett
Rihanna,Black Eyed Peas
Rihanna,Pitbull
Rihanna,Taio Cruz
Rihanna,Kylie Minogue
Rihanna,LMFAO
Rihanna,Alexis Jordan
Travie McCoy,GoonRock
Travie McCoy,Lauren Bennett
Travie McCoy,Black Eyed Peas
Travie McCoy,Pitbull
Travie McCoy,Taio Cruz
Travie McCoy,Kylie Minogue
Travie McCoy,LMFAO
Travie McCoy,Alexis Jordan
GoonRock,Lauren Bennett
GoonRock,Black Eyed Peas
GoonRock,Pitbull
GoonRock,Taio Cruz
GoonRock,Kylie Minogue
GoonRock,LMFAO
GoonRock,Alexis Jordan
Lauren Bennett,Black Eyed Peas
Lauren Bennett,Pitbull
Lauren Bennett,Taio Cruz
Lauren Bennett,Kylie Minogue
Lauren Bennett,LMFAO
Lauren Bennett,Alexis Jordan
Black Eyed Peas,Pitbull
Black Eyed Peas,Taio Cruz
Black Eyed Peas,Kylie Minogue
Black Eyed Peas,LMFAO
Black Eyed Peas,Alexis Jordan
Pitbull,Taio Cruz
Pitbull,Kylie Minogue
Pitbull,LMFAO
Pitbull,Alexis Jordan
Taio Cruz,Kylie Minogue
Taio Cruz,LMFAO
Taio Cruz,Alexis Jordan
Kylie Minogue,LMFAO
Kylie Minogue,Alexis Jordan
LMFAO,Alexis Jordan
David Guetta,Benny Benassi
David Guetta,Nicky Romero
David Guetta,Benny Benassi
David Guetta,KASIA
David Guetta,Moonphazes
David Guetta,Majewski
Benny Benassi,KASIA
Benny Benassi,Moonphazes
Benny Benassi,Majewski
KASIA,Moonphazes
KASIA,Majewski
Moonphazes,Majewski
David Guetta,Akon
David Guetta,Ne‐Yo
Akon,Ne‐Yo
David Guetta,Madonna
David Guetta,Rihanna
David Guetta,Nicky Romero
David Guetta,Rihanna
David Guetta,Ryan Tedder
David Guetta,Becky Hill
David Guetta,Usher
David Guetta,Nicki Minaj
David Guetta,Ne‐Yo
David Guetta,Afrojack
David Guetta,Nayer
David Guetta,Maroon 5
David Guetta,Black Eyed Peas
David Guetta,Christina Aguilera
David Guetta,Flo Rida
David Guetta,Snoop Dogg
David Guetta,Example
David Guetta,Kelis
David Guetta,LMFAO
David Guetta,Pitbull
David Guetta,Calvin Harris
David Guetta,Chris Brown
Usher,Nicki Minaj
Usher,Ne‐Yo
Usher,Afrojack
Usher,Nayer
Usher,Maroon 5
Usher,Black Eyed Peas
Usher,Christina Aguilera
Usher,Flo Rida
Usher,Snoop Dogg
Usher,Example
Usher,Kelis
Usher,LMFAO
Usher,Pitbull
Usher,Calvin Harris
Usher,Chris Brown
Nicki Minaj,Ne‐Yo
Nicki Minaj,Afrojack
Nicki Minaj,Nayer
Nicki Minaj,Maroon 5
Nicki Minaj,Black Eyed Peas
Nicki Minaj,Christina Aguilera
Nicki Minaj,Flo Rida
Nicki Minaj,Snoop Dogg
Nicki Minaj,Example
Nicki Minaj,Kelis
Nicki Minaj,LMFAO
Nicki Minaj,Pitbull
Nicki Minaj,Calvin Harris
Nicki Minaj,Chris Brown
Ne‐Yo,Afrojack
Ne‐Yo,Nayer
Ne‐Yo,Maroon 5
Ne‐Yo,Black Eyed Peas
Ne‐Yo,Christina Aguilera
Ne‐Yo,Flo Rida
Ne‐Yo,Snoop Dogg
Ne‐Yo,Example
Ne‐Yo,Kelis
Ne‐Yo,LMFAO
Ne‐Yo,Pitbull
Ne‐Yo,Calvin Harris
Ne‐Yo,Chris Brown
Afrojack,Nayer
Afrojack,Maroon 5
Afrojack,Black Eyed Peas
Afrojack,Christina Aguilera
Afrojack,Flo Rida
Afrojack,Snoop Dogg
Afrojack,Example
Afrojack,Kelis
Afrojack,LMFAO
Afrojack,Pitbull
Afrojack,Calvin Harris
Afrojack,Chris Brown
Nayer,Maroon 5
Nayer,Black Eyed Peas
Nayer,Christina Aguilera
Nayer,Flo Rida
Nayer,Snoop Dogg
Nayer,Example
Nayer,Kelis
Nayer,LMFAO
Nayer,Pitbull
Nayer,Calvin Harris
Nayer,Chris Brown
Maroon 5,Black Eyed Peas
Maroon 5,Christina Aguilera
Maroon 5,Flo Rida
Maroon 5,Snoop Dogg
Maroon 5,Example
Maroon 5,Kelis
Maroon 5,LMFAO
Maroon 5,Pitbull
Maroon 5,Calvin Harris
Maroon 5,Chris Brown
Black Eyed Peas,Christina Aguilera
Black Eyed Peas,Flo Rida
Black Eyed Peas,Snoop Dogg
Black Eyed Peas,Example
Black Eyed Peas,Kelis
Black Eyed Peas,LMFAO
Black Eyed Peas,Pitbull
Black Eyed Peas,Calvin Harris
Black Eyed Peas,Chris Brown
Christina Aguilera,Flo Rida
Christina Aguilera,Snoop Dogg
Christina Aguilera,Example
Christina Aguilera,Kelis
Christina Aguilera,LMFAO
Christina Aguilera,Pitbull
Christina Aguilera,Calvin Harris
Christina Aguilera,Chris Brown
Flo Rida,Snoop Dogg
Flo Rida,Example
Flo Rida,Kelis
Flo Rida,LMFAO
Flo Rida,Pitbull
Flo Rida,Calvin Harris
Flo Rida,Chris Brown
Snoop Dogg,Example
Snoop Dogg,Kelis
Snoop Dogg,LMFAO
Snoop Dogg,Pitbull
Snoop Dogg,Calvin Harris
Snoop Dogg,Chris Brown
Example,Kelis
Example,LMFAO
Example,Pitbull
Example,Calvin Harris
Example,Chris Brown
Kelis,LMFAO
Kelis,Pitbull
Kelis,Calvin Harris
Kelis,Chris Brown
LMFAO,Pitbull
LMFAO,Calvin Harris
LMFAO,Chris Brown
Pitbull,Calvin Harris
Pitbull,Chris Brown
Calvin Harris,Chris Brown
David Guetta,Rihanna
David Guetta,Usher
David Guetta,Ludacris
Usher,Ludacris
David Guetta,Akon
David Guetta,Ne‐Yo
Akon,Ne‐Yo
David Guetta,Kiko
David Guetta,Olivier Giacomotto
Kiko,Olivier Giacomotto
David Guetta,Rihanna
David Guetta,Sia
David Guetta,Diljit Dosanjh
Sia,Diljit Dosanjh
David Guetta,Rihanna
David Guetta,Rihanna
David Guetta,Nicky Romero
David Guetta,Adamski
David Guetta,Spektrum
David Guetta,Stephan M.
David Guetta,Conoga
David Guetta,Laurent Simeca
Adamski,Spektrum
Adamski,Stephan M.
Adamski,Conoga
Adamski,Laurent Simeca
Spektrum,Stephan M.
Spektrum,Conoga
Spektrum,Laurent Simeca
Stephan M.,Conoga
Stephan M.,Laurent Simeca
Conoga,Laurent Simeca
David Guetta,Benny Benassi
David Guetta,Benny Benassi
David Guetta,Akon
David Guetta,Ne‐Yo
Akon,Ne‐Yo
David Guetta,Joachim Garraud
David Guetta,Madonna
David Guetta,Lil Wayne
Madonna,Lil Wayne
David Guetta,Rihanna
David Guetta,Usher
David Guetta,Ludacris
Usher,Ludacris
David Guetta,Akon
David Guetta,Ne‐Yo
Akon,Ne‐Yo
David Guetta,Akon
David Guetta,Ne‐Yo
Akon,Ne‐Yo
David Guetta,Clean Bandit
David Guetta,Anne‐Marie
David Guetta,Tujamo
David Guetta,Justin Bieber
David Guetta,Sean Paul
David Guetta,Snap!
Clean Bandit,Anne‐Marie
Clean Bandit,Tujamo
Clean Bandit,Justin Bieber
Clean Bandit,Sean Paul
Clean Bandit,Snap!
Anne‐Marie,Tujamo
Anne‐Marie,Justin Bieber
Anne‐Marie,Sean Paul
Anne‐Marie,Snap!
Tujamo,Justin Bieber
Tujamo,Sean Paul
Tujamo,Snap!
Justin Bieber,Sean Paul
Justin Bieber,Snap!
Sean Paul,Snap!
David Guetta,Akon
David Guetta,Ne‐Yo
Akon,Ne‐Yo
David Guetta,Miguel
David Guetta,Galantis
David Guetta,Rihanna
David Guetta,SORANA
David Guetta,Afrojack
David Guetta,Akon
David Guetta,Ne‐Yo
Akon,Ne‐Yo
David Guetta,Rihanna
David Guetta,Nicky Romero
David Guetta,Usher
David Guetta,Ludacris
Usher,Ludacris
David Guetta,Rihanna
David Guetta,Akon
David Guetta,Ne‐Yo
Akon,Ne‐Yo
David Guetta,Becky Hill
David Guetta,Rihanna
David Guetta,Jessie J
David Guetta,Akon
David Guetta,Ne‐Yo
Akon,Ne‐Yo
David Guetta,Rihanna
David Guetta,Akon
David Guetta,Ne‐Yo
Akon,Ne‐Yo
David Guetta,Rihanna
David Guetta,Rihanna
David Guetta,TCTS
David Guetta,Becky Hill
TCTS,Becky Hill
David Guetta,Rihanna
David Guetta,Akon
David Guetta,Ne‐Yo
Akon,Ne‐Yo
David Guetta,Nicky Romero
David Guetta,Usher
David Guetta,Ludacris
Usher,Ludacris
David Guetta,Nicky Romero
David Guetta,Usher
David Guetta,Ludacris
Usher,Ludacris
David Guetta,Rihanna
David Guetta,Akon
David Guetta,Ne‐Yo
Akon,Ne‐Yo
David Guetta,Sam Smith
David Guetta,Calvin Harris
David Guetta,Tiësto
Sam Smith,Calvin Harris
Sam Smith,Tiësto
Calvin Harris,Tiësto
David Guetta,Rihanna
David Guetta,Akon
David Guetta,Ne‐Yo
Akon,Ne‐Yo
David Guetta,Loreen
David Guetta,Dimitri Vegas
Loreen,Dimitri Vegas
David Guetta,Rihanna
David Guetta,Loreen
David Guetta,Dimitri Vegas
Loreen,Dimitri Vegas
David Guetta,Akon
David Guetta,Ne‐Yo
Akon,Ne‐Yo
David Guetta,Akon
David Guetta,Ne‐Yo
Akon,Ne‐Yo
David Guetta,Akon
David Guetta,Ne‐Yo
Akon,Ne‐Yo
David Guetta,Akon
David Guetta,Ne‐Yo
Akon,Ne‐Yo
David Guetta,Akon
David Guetta,Ne‐Yo
Akon,Ne‐Yo
David Guetta,Loreen
David Guetta,Dimitri Vegas
Loreen,Dimitri Vegas
David Guetta,Akon
David Guetta,Ne‐Yo
Akon,Ne‐Yo
David Guetta,Skylar Grey
David Guetta,Coi Leray
David Guetta,Usher
David Guetta,Ludacris
Usher,Ludacris
David Guetta,SORANA
David Guetta,Akon
David Guetta,Ne‐Yo
Akon,Ne‐Yo
David Guetta,Madonna
David Guetta,Madonna
David Guetta,Lil Wayne
Madonna,Lil Wayne
David Guetta,Usher
David Guetta,Ludacris
Usher,Ludacris
David Guetta,Becky Hill
David Guetta,Kiko
David Guetta,Olivier Giacomotto
Kiko,Olivier Giacomotto
David Guetta,Nicky Romero
David Guetta,Benny Benassi
David Guetta,The Script
David Guetta,Ryan Tedder
The Script,Ryan Tedder
David Guetta,Akon
David Guetta,Ne‐Yo
Akon,Ne‐Yo
David Guetta,Usher
David Guetta,Ludacris
Usher,Ludacris
David Guetta,Benny Benassi
David Guetta,Becky Hill
Benny Benassi,Becky Hill
David Guetta,Rihanna
David Guetta,Akon
David Guetta,Ne‐Yo
Akon,Ne‐Yo
David Guetta,Dubdogz
David Guetta,Becky Hill
Dubdogz,Becky Hill
David Guetta,Rihanna
David Guetta,Akon
David Guetta,J Balvin
David Guetta,Bebe Rexha
J Balvin,Bebe Rexha
David Guetta,Akon
David Guetta,Akon
David Guetta,Like Mike
David Guetta,Dimitri Vegas
David Guetta,Afro Bros
David Guetta,Akon
Like Mike,Dimitri Vegas
Like Mike,Afro Bros
Like Mike,Akon
Dimitri Vegas,Afro Bros
Dimitri Vegas,Akon
Afro Bros,Akon
David Guetta,Akon
David Guetta,Akon
David Guetta,Akon
David Guetta,Dimitri Vegas & Like Mike
David Guetta,Afro Bros
Akon,Dimitri Vegas & Like Mike
Akon,Afro Bros
Dimitri Vegas & Like Mike,Afro Bros
David Guetta,Akon
David Guetta,Akon
David Guetta,Akon
David Guetta,J Balvin
David Guetta,Bebe Rexha
J Balvin,Bebe Rexha
David Guetta,Akon
David Guetta,Akon
David Guetta,Akon
David Guetta,Akon
David Guetta,Akon
David Guetta,Benny Benassi
David Guetta,Akon
David Guetta,J Balvin
David Guetta,Bebe Rexha
J Balvin,Bebe Rexha
David Guetta,Akon
David Guetta,Akon
David Guetta,J Balvin
David Guetta,Bebe Rexha
J Balvin,Bebe Rexha
David Guetta,Akon
David Guetta,Benny Benassi
David Guetta,KASIA
David Guetta,Moonphazes
David Guetta,Majewski
Benny Benassi,KASIA
Benny Benassi,Moonphazes
Benny Benassi,Majewski
KASIA,Moonphazes
KASIA,Majewski
Moonphazes,Majewski
David Guetta,J Balvin
David Guetta,Bebe Rexha
J Balvin,Bebe Rexha
David Guetta,Akon
David Guetta,Jennifer Lopez
David Guetta,J Balvin
David Guetta,Bebe Rexha
J Balvin,Bebe Rexha
David Guetta,Jack Uzi
David Guetta,Akon
David Guetta,J Balvin
David Guetta,Bebe Rexha
J Balvin,Bebe Rexha
David Guetta,Girlicious
David Guetta,Francisco
Girlicious,Francisco
David Guetta,J Balvin
David Guetta,Bebe Rexha
J Balvin,Bebe Rexha
David Guetta,Jason Derulo
David Guetta,Akon
David Guetta,Akon
David Guetta,Akon
David Guetta,J Balvin
David Guetta,Bebe Rexha
J Balvin,Bebe Rexha
David Guetta,Akon
David Guetta,Akon
David Guetta,Lady Gaga
Akon,Lady Gaga
David Guetta,Akon
David Guetta,J Balvin
David Guetta,Bebe Rexha
J Balvin,Bebe Rexha
David Guetta,J Balvin
David Guetta,Bebe Rexha
J Balvin,Bebe Rexha
David Guetta,Akon
David Guetta,Dimitri Vegas & Like Mike
David Guetta,Afro Bros
Akon,Dimitri Vegas & Like Mike
Akon,Afro Bros
Dimitri Vegas & Like Mike,Afro Bros
David Guetta,Akon
David Guetta,Dimitri Vegas & Like Mike
David Guetta,Afro Bros
Akon,Dimitri Vegas & Like Mike
Akon,Afro Bros
Dimitri Vegas & Like Mike,Afro Bros
David Guetta,Akon
David Guetta,Akon
David Guetta,Akon
David Guetta,Akon
David Guetta,Akon
David Guetta,Akon
David Guetta,J Balvin
David Guetta,Bebe Rexha
J Balvin,Bebe Rexha
David Guetta,J Balvin
David Guetta,Bebe Rexha
J Balvin,Bebe Rexha
David Guetta,Akon
David Guetta,Akon
David Guetta,Akon
David Guetta,Akon
David Guetta,Akon
David Guetta,Akon
David Guetta,Dimitri Vegas & Like Mike
David Guetta,Afro Bros
Akon,Dimitri Vegas & Like Mike
Akon,Afro Bros
Dimitri Vegas & Like Mike,Afro Bros
David Guetta,Akon
David Guetta,Akon
David Guetta,Akon
David Guetta,Dimitri Vegas & Like Mike
David Guetta,Afro Bros
Akon,Dimitri Vegas & Like Mike
Akon,Afro Bros
Dimitri Vegas & Like Mike,Afro Bros
David Guetta,J Balvin
David Guetta,Bebe Rexha
J Balvin,Bebe Rexha
David Guetta,J Balvin
David Guetta,Bebe Rexha
J Balvin,Bebe Rexha
David Guetta,Akon
David Guetta,J Balvin
David Guetta,Bebe Rexha
J Balvin,Bebe Rexha
David Guetta,Akon
David Guetta,Akon
David Guetta,Akon
David Guetta,Akon
David Guetta,Akon
David Guetta,Jennifer Lopez
David Guetta,Akon
David Guetta,Akon
David Guetta,Dimitri Vegas & Like Mike
David Guetta,Afro Bros
Akon,Dimitri Vegas & Like Mike
Akon,Afro Bros
Dimitri Vegas & Like Mike,Afro Bros
David Guetta,Benny Benassi
David Guetta,MORTEN
David Guetta,Lovespeake
MORTEN,Lovespeake
David Guetta,Akon
David Guetta,Akon
David Guetta,Dimitri Vegas & Like Mike
David Guetta,Afro Bro's
Akon,Dimitri Vegas & Like Mike
Akon,Afro Bro's
Dimitri Vegas & Like Mike,Afro Bro's
David Guetta,Akon
David Guetta,Akon
David Guetta,Akon
David Guetta,Dimitri Vegas & Like Mike
David Guetta,Afro Bros
Akon,Dimitri Vegas & Like Mike
Akon,Afro Bros
Dimitri Vegas & Like Mike,Afro Bros
David Guetta,J Balvin
David Guetta,Bebe Rexha
J Balvin,Bebe Rexha
David Guetta,Akon
David Guetta,Akon
David Guetta,Benny Benassi
David Guetta,Akon
David Guetta,Akon
David Guetta,Akon
David Guetta,J Balvin
David Guetta,Bebe Rexha
J Balvin,Bebe Rexha
David Guetta,Bebe Rexha
David Guetta,J Balvin
Bebe Rexha,J Balvin
Benny Benassi,David Guetta
David Guetta,Jamie Scott
David Guetta,Romy Dya
David Guetta,Martin Garrix
Jamie Scott,Romy Dya
Jamie Scott,Martin Garrix
Romy Dya,Martin Garrix
David Guetta,Sia
David Guetta,Cheat Codes
David Guetta,Robin Schulz
Cheat Codes,Robin Schulz
David Guetta,Sia
David Guetta,Jamie Scott
David Guetta,Romy Dya
David Guetta,Martin Garrix
Jamie Scott,Romy Dya
Jamie Scott,Martin Garrix
Romy Dya,Martin Garrix
David Guetta,Cheat Codes
David Guetta,Robin Schulz
Cheat Codes,Robin Schulz
David Guetta,Sia
David Guetta,Kittin
David Guetta,Felix da Housecat
Kittin,Felix da Housecat
David Guetta,Akon
David Guetta,Dimitri Vegas & Like Mike
David Guetta,Afro Bros
Akon,Dimitri Vegas & Like Mike
Akon,Afro Bros
Dimitri Vegas & Like Mike,Afro Bros
David Guetta,Jamie Scott
David Guetta,Romy Dya
David Guetta,Martin Garrix
Jamie Scott,Romy Dya
Jamie Scott,Martin Garrix
Romy Dya,Martin Garrix
David Guetta,Skylar Grey
David Guetta,Master KG
David Guetta,Akon
Master KG,Akon
David Guetta,MORTEN
David Guetta,Cheat Codes
David Guetta,Robin Schulz
Cheat Codes,Robin Schulz
David Guetta,Sia
David Guetta,Sia
David Guetta,Kittin
David Guetta,Felix da Housecat
Kittin,Felix da Housecat
David Guetta,Jamie Scott
David Guetta,Romy Dya
David Guetta,Martin Garrix
Jamie Scott,Romy Dya
Jamie Scott,Martin Garrix
Romy Dya,Martin Garrix
David Guetta,Jamie Scott
David Guetta,Romy Dya
David Guetta,Martin Garrix
Jamie Scott,Romy Dya
Jamie Scott,Martin Garrix
Romy Dya,Martin Garrix
David Guetta,MORTEN
David Guetta,Clementine Douglas
MORTEN,Clementine Douglas
David Guetta,Cheat Codes
David Guetta,Robin Schulz
Cheat Codes,Robin Schulz
David Guetta,Jamie Scott
David Guetta,Romy Dya
David Guetta,Martin Garrix
Jamie Scott,Romy Dya
Jamie Scott,Martin Garrix
Romy Dya,Martin Garrix
David Guetta,Cheat Codes
David Guetta,Robin Schulz
Cheat Codes,Robin Schulz
David Guetta,Jamie Scott
David Guetta,Romy Dya
David Guetta,Martin Garrix
Jamie Scott,Romy Dya
Jamie Scott,Martin Garrix
Romy Dya,Martin Garrix
David Guetta,Jamie Scott
David Guetta,Romy Dya
David Guetta,Martin Garrix
Jamie Scott,Romy Dya
Jamie Scott,Martin Garrix
Romy Dya,Martin Garrix
David Guetta,Sia
David Guetta,Sia
David Guetta,Cheat Codes
David Guetta,Robin Schulz
Cheat Codes,Robin Schulz
David Guetta,Jamie Scott
David Guetta,Romy Dya
David Guetta,Martin Garrix
Jamie Scott,Romy Dya
Jamie Scott,Martin Garrix
Romy Dya,Martin Garrix
David Guetta,Sia
David Guetta,Jamie Scott
David Guetta,Romy Dya
David Guetta,Martin Garrix
Jamie Scott,Romy Dya
Jamie Scott,Martin Garrix
Romy Dya,Martin Garrix
David Guetta,Sia
David Guetta,Jamie Scott
David Guetta,Romy Dya
David Guetta,Martin Garrix
Jamie Scott,Romy Dya
Jamie Scott,Martin Garrix
Romy Dya,Martin Garrix
David Guetta,Skylar Grey
David Guetta,Cheat Codes
David Guetta,Robin Schulz
Cheat Codes,Robin Schulz
David Guetta,Cheat Codes
David Guetta,Robin Schulz
Cheat Codes,Robin Schulz
David Guetta,Jamie Scott
David Guetta,Romy Dya
David Guetta,Martin Garrix
Jamie Scott,Romy Dya
Jamie Scott,Martin Garrix
Romy Dya,Martin Garrix
David Guetta,Akon
David Guetta,Dimitri Vegas & Like Mike
David Guetta,Afro Bros
Akon,Dimitri Vegas & Like Mike
Akon,Afro Bros
Dimitri Vegas & Like Mike,Afro Bros
David Guetta,Cheat Codes
David Guetta,Robin Schulz
Cheat Codes,Robin Schulz
David Guetta,MORTEN
David Guetta,Clementine Douglas
MORTEN,Clementine Douglas
David Guetta,Skylar Grey
David Guetta,iiO
David Guetta,MORTEN
David Guetta,Nadia Ali
iiO,MORTEN
iiO,Nadia Ali
MORTEN,Nadia Ali
David Guetta,Sia
David Guetta,Cheat Codes
David Guetta,Robin Schulz
Cheat Codes,Robin Schulz
David Guetta,Cheat Codes
David Guetta,Robin Schulz
Cheat Codes,Robin Schulz
David Guetta,Jamie Scott
David Guetta,Romy Dya
David Guetta,Martin Garrix
Jamie Scott,Romy Dya
Jamie Scott,Martin Garrix
Romy Dya,Martin Garrix
David Guetta,Stefflon Don
David Guetta,Jess Glynne
Stefflon Don,Jess Glynne
David Guetta,Jamie Scott
David Guetta,Romy Dya
David Guetta,Martin Garrix
Jamie Scott,Romy Dya
Jamie Scott,Martin Garrix
Romy Dya,Martin Garrix
David Guetta,Jamie Scott
David Guetta,Martin Garrix
Jamie Scott,Martin Garrix
David Guetta,Sia
David Guetta,Cheat Codes
David Guetta,Robin Schulz
Cheat Codes,Robin Schulz
David Guetta,Sia
David Guetta,Nicky Romero
David Guetta,Skylar Grey
David Guetta,Jamie Scott
David Guetta,Romy Dya
David Guetta,Martin Garrix
Jamie Scott,Romy Dya
Jamie Scott,Martin Garrix
Romy Dya,Martin Garrix
David Guetta,Sia
David Guetta,Akon
David Guetta,Dimitri Vegas & Like Mike
David Guetta,Afro Bros
Akon,Dimitri Vegas & Like Mike
Akon,Afro Bros
Dimitri Vegas & Like Mike,Afro Bros
David Guetta,Jamie Scott
David Guetta,Romy Dya
David Guetta,Martin Garrix
Jamie Scott,Romy Dya
Jamie Scott,Martin Garrix
Romy Dya,Martin Garrix
David Guetta,Jamie Scott
David Guetta,Romy Dya
David Guetta,Martin Garrix
Jamie Scott,Romy Dya
Jamie Scott,Martin Garrix
Romy Dya,Martin Garrix
David Guetta,Sia
David Guetta,Sia
David Guetta,Nicky Romero
David Guetta,Jamie Scott
David Guetta,Romy Dya
David Guetta,Martin Garrix
Jamie Scott,Romy Dya
Jamie Scott,Martin Garrix
Romy Dya,Martin Garrix
David Guetta,Cheat Codes
David Guetta,Robin Schulz
Cheat Codes,Robin Schulz
David Guetta,Jamie Scott
David Guetta,Romy Dya
David Guetta,Martin Garrix
Jamie Scott,Romy Dya
Jamie Scott,Martin Garrix
Romy Dya,Martin Garrix
David Guetta,Cheat Codes
David Guetta,Robin Schulz
Cheat Codes,Robin Schulz
David Guetta,Sia
David Guetta,MORTEN
David Guetta,Sia
David Guetta,Jamie Scott
David Guetta,Romy Dya
David Guetta,Martin Garrix
Jamie Scott,Romy Dya
Jamie Scott,Martin Garrix
Romy Dya,Martin Garrix
David Guetta,Cheat Codes
David Guetta,Robin Schulz
Cheat Codes,Robin Schulz
David Guetta,Cheat Codes
David Guetta,Robin Schulz
Cheat Codes,Robin Schulz
David Guetta,Sia
David Guetta,Sia
David Guetta,Cheat Codes
David Guetta,Robin Schulz
Cheat Codes,Robin Schulz
David Guetta,Skylar Grey
David Guetta,Skylar Grey
David Guetta,Cheat Codes
David Guetta,Robin Schulz
Cheat Codes,Robin Schulz
David Guetta,Cheat Codes
David Guetta,Robin Schulz
Cheat Codes,Robin Schulz
David Guetta,Jamie Scott
David Guetta,Romy Dya
David Guetta,Martin Garrix
Jamie Scott,Romy Dya
Jamie Scott,Martin Garrix
Romy Dya,Martin Garrix
David Guetta,Sia
David Guetta,Cheat Codes
David Guetta,Robin Schulz
Cheat Codes,Robin Schulz
David Guetta,Cheat Codes
David Guetta,Robin Schulz
Cheat Codes,Robin Schulz
David Guetta,Skylar Grey
David Guetta,Cheat Codes
David Guetta,Robin Schulz
Cheat Codes,Robin Schulz
David Guetta,Sia
David Guetta,Cheat Codes
David Guetta,Robin Schulz
Cheat Codes,Robin Schulz
David Guetta,Jamie Scott
David Guetta,Romy Dya
David Guetta,Martin Garrix
Jamie Scott,Romy Dya
Jamie Scott,Martin Garrix
Romy Dya,Martin Garrix
David Guetta,Sia
David Guetta,Cheat Codes
David Guetta,Robin Schulz
Cheat Codes,Robin Schulz
David Guetta,Skylar Grey
David Guetta,Cheat Codes
David Guetta,Robin Schulz
Cheat Codes,Robin Schulz
David Guetta,Sia
David Guetta,Kittin
David Guetta,Felix da Housecat
Kittin,Felix da Housecat
David Guetta,Skylar Grey
David Guetta,Cheat Codes
David Guetta,Robin Schulz
Cheat Codes,Robin Schulz
David Guetta,Chris Willis
David Guetta,Tocadisco
Chris Willis,Tocadisco
David Guetta,MAGIC!
David Guetta,Showtek
David Guetta,Sonny Wilson
MAGIC!,Showtek
MAGIC!,Sonny Wilson
Showtek,Sonny Wilson
David Guetta,MAGIC!
David Guetta,Showtek
David Guetta,Sonny Wilson
MAGIC!,Showtek
MAGIC!,Sonny Wilson
Showtek,Sonny Wilson
David Guetta,Snoop Dogg
David Guetta,RAYE
David Guetta,Ben Onono
David Guetta,Chris Willis
David Guetta,Snoop Dogg
David Guetta,Afrojack
Snoop Dogg,Afrojack
David Guetta,Chris Willis
David Guetta,Chris Willis
David Guetta,Chris Willis
David Guetta,Snoop Dogg
David Guetta,Snoop Dogg
David Guetta,Afrojack
Snoop Dogg,Afrojack
David Guetta,RAYE
David Guetta,RAYE
David Guetta,Snoop Dogg
David Guetta,Snoop Dogg
David Guetta,Africanism All Stars
David Guetta,Bob Sinclar
David Guetta,Ben Onono
David Guetta,Joachim Garraud
David Guetta,Tim Deluxe
Africanism All Stars,Bob Sinclar
Africanism All Stars,Ben Onono
Africanism All Stars,Joachim Garraud
Africanism All Stars,Tim Deluxe
Bob Sinclar,Ben Onono
Bob Sinclar,Joachim Garraud
Bob Sinclar,Tim Deluxe
Ben Onono,Joachim Garraud
Ben Onono,Tim Deluxe
Joachim Garraud,Tim Deluxe
David Guetta,Snoop Dogg
David Guetta,Chris Willis
David Guetta,Snoop Dogg
David Guetta,Snoop Dogg
David Guetta,Bob Sinclar
David Guetta,Ben Onono
David Guetta,Joachim Garraud
David Guetta,Tim Deluxe
David Guetta,Africanism
Bob Sinclar,Ben Onono
Bob Sinclar,Joachim Garraud
Bob Sinclar,Tim Deluxe
Bob Sinclar,Africanism
Ben Onono,Joachim Garraud
Ben Onono,Tim Deluxe
Ben Onono,Africanism
Joachim Garraud,Tim Deluxe
Joachim Garraud,Africanism
Tim Deluxe,Africanism
David Guetta,Chris Willis
David Guetta,Tocadisco
Chris Willis,Tocadisco
David Guetta,Chris Willis
David Guetta,Chris Willis
David Guetta,Tocadisco
Chris Willis,Tocadisco
David Guetta,Chris Willis
David Guetta,MAGIC!
David Guetta,Showtek
David Guetta,Sonny Wilson
MAGIC!,Showtek
MAGIC!,Sonny Wilson
Showtek,Sonny Wilson
David Guetta,Snoop Dogg
David Guetta,Avicii
IVE,David Guetta
David Guetta,Snoop Dogg
David Guetta,Snoop Dogg
David Guetta,Avicii
David Guetta,Snoop Dogg
David Guetta,Snoop Dogg
David Guetta,Snoop Dogg
David Guetta,Avicii
David Guetta,Florence + the Machine
Avicii,Florence + the Machine
David Guetta,Bob Sinclar
David Guetta,Ben Onono
David Guetta,Joachim Garraud
David Guetta,Tim Deluxe
David Guetta,Africanism
Bob Sinclar,Ben Onono
Bob Sinclar,Joachim Garraud
Bob Sinclar,Tim Deluxe
Bob Sinclar,Africanism
Ben Onono,Joachim Garraud
Ben Onono,Tim Deluxe
Ben Onono,Africanism
Joachim Garraud,Tim Deluxe
Joachim Garraud,Africanism
Tim Deluxe,Africanism
David Guetta,Africanism All Stars
David Guetta,Bob Sinclar
David Guetta,Ben Onono
David Guetta,Joachim Garraud
David Guetta,Tim Deluxe
Africanism All Stars,Bob Sinclar
Africanism All Stars,Ben Onono
Africanism All Stars,Joachim Garraud
Africanism All Stars,Tim Deluxe
Bob Sinclar,Ben Onono
Bob Sinclar,Joachim Garraud
Bob Sinclar,Tim Deluxe
Ben Onono,Joachim Garraud
Ben Onono,Tim Deluxe
Joachim Garraud,Tim Deluxe
David Guetta,Chris Willis
David Guetta,Chris Willis
David Guetta,Chris Willis
David Guetta,Avicii
David Guetta,Chris Willis
David Guetta,Tocadisco
Chris Willis,Tocadisco
David Guetta,MAGIC!
David Guetta,Sonny Wilson
MAGIC!,Sonny Wilson
David Guetta,Snoop Dogg
David Guetta,Avicii
David Guetta,Snoop Dogg
David Guetta,Africanism All Stars
David Guetta,Bob Sinclar
David Guetta,Ben Onono
David Guetta,Joachim Garraud
David Guetta,Tim Deluxe
Africanism All Stars,Bob Sinclar
Africanism All Stars,Ben Onono
Africanism All Stars,Joachim Garraud
Africanism All Stars,Tim Deluxe
Bob Sinclar,Ben Onono
Bob Sinclar,Joachim Garraud
Bob Sinclar,Tim Deluxe
Ben Onono,Joachim Garraud
Ben Onono,Tim Deluxe
Joachim Garraud,Tim Deluxe
David Guetta,Snoop Dogg
David Guetta,MAGIC!
David Guetta,Sonny Wilson
MAGIC!,Sonny Wilson
David Guetta,Chris Willis
David Guetta,Avicii
David Guetta,Chris Willis
David Guetta,RAYE
David Guetta,MAGIC!
David Guetta,Showtek
David Guetta,Sonny Wilson
MAGIC!,Showtek
MAGIC!,Sonny Wilson
Showtek,Sonny Wilson
David Guetta,Tim Deluxe
David Guetta,Joachim Garraud
David Guetta,Bob Sinclar
Tim Deluxe,Joachim Garraud
Tim Deluxe,Bob Sinclar
Joachim Garraud,Bob Sinclar
David Guetta,Chris Willis
David Guetta,Snoop Dogg
David Guetta,Avicii
David Guetta,MAGIC!
David Guetta,Showtek
David Guetta,Sonny Wilson
MAGIC!,Showtek
MAGIC!,Sonny Wilson
Showtek,Sonny Wilson
David Guetta,Bob Sinclar
David Guetta,MAGIC!
David Guetta,Showtek
David Guetta,Sonny Wilson
MAGIC!,Showtek
MAGIC!,Sonny Wilson
Showtek,Sonny Wilson
David Guetta,Snoop Dogg
David Guetta,Avicii
David Guetta,Snoop Dogg
David Guetta,Snoop Dogg
David Guetta,Snoop Dogg
IVE,David Guetta
David Guetta,MAGIC!
David Guetta,Showtek
David Guetta,Sonny Wilson
MAGIC!,Showtek
MAGIC!,Sonny Wilson
Showtek,Sonny Wilson
David Guetta,Snoop Dogg
David Guetta,Avicii
David Guetta,Snoop Dogg
David Guetta,Snoop Dogg
David Guetta,Snoop Dogg
David Guetta,Africanism All Stars
David Guetta,Bob Sinclar
David Guetta,Ben Onono
David Guetta,Joachim Garraud
David Guetta,Tim Deluxe
Africanism All Stars,Bob Sinclar
Africanism All Stars,Ben Onono
Africanism All Stars,Joachim Garraud
Africanism All Stars,Tim Deluxe
Bob Sinclar,Ben Onono
Bob Sinclar,Joachim Garraud
Bob Sinclar,Tim Deluxe
Ben Onono,Joachim Garraud
Ben Onono,Tim Deluxe
Joachim Garraud,Tim Deluxe
David Guetta,Snoop Dogg
David Guetta,RAYE
David Guetta,Nico de Andrea
RAYE,Nico de Andrea
David Guetta,Chris Willis
David Guetta,Tocadisco
Chris Willis,Tocadisco
David Guetta,Snoop Dogg
IVE,David Guetta
David Guetta,MAGIC!
David Guetta,Showtek
David Guetta,Sonny Wilson
MAGIC!,Showtek
MAGIC!,Sonny Wilson
Showtek,Sonny Wilson
David Guetta,Snoop Dogg
David Guetta,JD Davis
David Guetta,JD Davis
David Guetta,JD Davis
David Guetta,Europe
David Guetta,Hypaton
Europe,Hypaton
David Guetta,JD Davis
David Guetta,Marten Hørger
David Guetta,MORTEN
David Guetta,JD Davis
David Guetta,JD Davis
David Guetta,Joachim Garraud
David Guetta,JD Davis
Joachim Garraud,JD Davis
David Guetta,JD Davis
David Guetta,MORTEN
David Guetta,Joachim Garraud
David Guetta,JD Davis
Joachim Garraud,JD Davis
David Guetta,JD Davis
David Guetta,JD Davis
David Guetta,Cedric Gervais
David Guetta,JD Davis
David Guetta,JD Davis
David Guetta,JD Davis
David Guetta,JD Davis
David Guetta,JD Davis
David Guetta,Lewis Thompson
David Guetta,Lewis Thompson
David Guetta,MORTEN
David Guetta,Lewis Thompson
David Guetta,JD Davis
David Guetta,Joachim Garraud
David Guetta,JD Davis
Joachim Garraud,JD Davis
David Guetta,Marten Hørger
David Guetta,JD Davis
David Guetta,Lewis Thompson
David Guetta,Afrojack
David Guetta,JD Davis
David Guetta,Lewis Thompson
David Guetta,JD Davis
David Guetta,MORTEN
David Guetta,Snoop Dogg
David Guetta,JD Davis
David Guetta,Europe
David Guetta,Hypaton
Europe,Hypaton
David Guetta,Snoop Dogg
David Guetta,Lewis Thompson
David Guetta,ALTÈGO
Lewis Thompson,ALTÈGO
David Guetta,JD Davis
David Guetta,Afrojack
David Guetta,Snoop Dogg
David Guetta,Lewis Thompson
David Guetta,JD Davis
David Guetta,MORTEN
David Guetta,Beardyman
David Guetta,Dimitri Vegas
David Guetta,Nicole Scherzinger
David Guetta,Azteck
Dimitri Vegas,Nicole Scherzinger
Dimitri Vegas,Azteck
Nicole Scherzinger,Azteck
David Guetta,Lewis Thompson
David Guetta,Sia
David Guetta,Dimitri Vegas
David Guetta,Nicole Scherzinger
David Guetta,Azteck
Dimitri Vegas,Nicole Scherzinger
Dimitri Vegas,Azteck
Nicole Scherzinger,Azteck
David Guetta,Lewis Thompson
David Guetta,Joachim Garraud
David Guetta,JD Davis
Joachim Garraud,JD Davis
David Guetta,JD Davis
David Guetta,Lewis Thompson
David Guetta,MORTEN
David Guetta,Europe
David Guetta,Hypaton
Europe,Hypaton
David Guetta,Joachim Garraud
David Guetta,JD Davis
Joachim Garraud,JD Davis
David Guetta,Marten Hørger
David Guetta,JD Davis
David Guetta,Marten Hørger
David Guetta,Sia
David Guetta,Audio Bullys
David Guetta,DJs From Mars
Audio Bullys,DJs From Mars
David Guetta,JD Davis
David Guetta,Sia
David Guetta,MORTEN
Sia,MORTEN
David Guetta,Martin Solveig
David Guetta,Zara Larsson
David Guetta,Sia
David Guetta,Sia
David Guetta,Martin Solveig
David Guetta,Kehlani
David Guetta,Daecolm
David Guetta,HUGEL
Kehlani,Daecolm
Kehlani,HUGEL
Daecolm,HUGEL
David Guetta,Kehlani
David Guetta,Daecolm
David Guetta,HUGEL
Kehlani,Daecolm
Kehlani,HUGEL
Daecolm,HUGEL
David Guetta,Zara Larsson
David Guetta,Sia
David Guetta,Sia
David Guetta,Kehlani
David Guetta,Daecolm
David Guetta,HUGEL
Kehlani,Daecolm
Kehlani,HUGEL
Daecolm,HUGEL
David Guetta,JD Davis
David Guetta,Sia
David Guetta,Zara Larsson
David Guetta,Martin Solveig
David Guetta,Zara Larsson
David Guetta,Zara Larsson
David Guetta,JD Davis
David Guetta,Sia
David Guetta,Sia
David Guetta,Sia
David Guetta,JD Davis
David Guetta,Sia
David Guetta,Sia
David Guetta,Kesha
David Guetta,Sia
David Guetta,Sia
David Guetta,JD Davis
David Guetta,JD Davis
David Guetta,Sia
David Guetta,Sia
David Guetta,JD Davis
David Guetta,Zara Larsson
David Guetta,Sia
David Guetta,Khelani
David Guetta,Daecolm
David Guetta,HUGEL
Khelani,Daecolm
Khelani,HUGEL
Daecolm,HUGEL
David Guetta,Tom Staar
David Guetta,Martin Solveig
David Guetta,Sia
David Guetta,Audio Bullys
David Guetta,DJs From Mars
Audio Bullys,DJs From Mars
David Guetta,Sia
David Guetta,Sia
David Guetta,JD Davis
David Guetta,JD Davis
David Guetta,Chris Willis
David Guetta,Chris Willis
David Guetta,Sia
David Guetta,Sia
David Guetta,Sia
David Guetta,Chris Willis
David Guetta,Martin Solveig
David Guetta,Sia
David Guetta,Zara Larsson
David Guetta,Sia
David Guetta,Sia
David Guetta,Sia
David Guetta,MORTEN
Sia,MORTEN
David Guetta,Sia
David Guetta,Kehlani
David Guetta,Daecolm
David Guetta,HUGEL
Kehlani,Daecolm
Kehlani,HUGEL
Daecolm,HUGEL
David Guetta,Zara Larsson
David Guetta,Sia
David Guetta,Sia
David Guetta,Sia
David Guetta,JD Davis
David Guetta,Zara Larsson
David Guetta,JD Davis
David Guetta,Zara Larsson
David Guetta,Zara Larsson
David Guetta,Sia
David Guetta,Chris Willis
David Guetta,Sia
David Guetta,Che’Nelle
David Guetta,Martin Solveig
David Guetta,Sia
David Guetta,Sia
David Guetta,Joachim Garraud
David Guetta,JD Davis
Joachim Garraud,JD Davis
David Guetta,Chris Willis
David Guetta,Tom Staar
David Guetta,JD Davis
David Guetta,Maffio
David Guetta,Chris Willis
David Guetta,Chris Willis
David Guetta,Tocadisco
Chris Willis,Tocadisco
David Guetta,Chris Willis
David Guetta,Tocadisco
Chris Willis,Tocadisco
David Guetta,Chris Willis
David Guetta,Tocadisco
Chris Willis,Tocadisco
David Guetta,Nicki Minaj
David Guetta,DJ ICE
Nicki Minaj,DJ ICE
David Guetta,Afrojack
David Guetta,Diana Gordon
Afrojack,Diana Gordon
David Guetta,Bonnie Tyler
David Guetta,Hypaton
Bonnie Tyler,Hypaton
David Guetta,Chris Willis
David Guetta,Tocadisco
Chris Willis,Tocadisco
David Guetta,Chris Willis
David Guetta,Tocadisco
Chris Willis,Tocadisco
David Guetta,Chris Willis
David Guetta,Tocadisco
Chris Willis,Tocadisco
David Guetta,Afrojack
David Guetta,Diana Gordon
Afrojack,Diana Gordon
David Guetta,Nicki Minaj
David Guetta,Afrojack
David Guetta,Diana Gordon
Afrojack,Diana Gordon
David Guetta,Afrojack
David Guetta,Chris Willis
David Guetta,Tocadisco
Chris Willis,Tocadisco
David Guetta,Chris Willis
David Guetta,Tocadisco
Chris Willis,Tocadisco
David Guetta,Nicki Minaj
David Guetta,Nicki Minaj
David Guetta,Nicki Minaj
David Guetta,Sia
David Guetta,Nicki Minaj
David Guetta,Joachim Garraud
David Guetta,Chris Willis
David Guetta,Tocadisco
Joachim Garraud,Chris Willis
Joachim Garraud,Tocadisco
Chris Willis,Tocadisco
David Guetta,Nicki Minaj
David Guetta,Nicki Minaj
David Guetta,Chris Willis
David Guetta,Tocadisco
Chris Willis,Tocadisco
David Guetta,Chris Willis
David Guetta,Tocadisco
Chris Willis,Tocadisco
David Guetta,Che’Nelle
David Guetta,Sia
David Guetta,Diana Gordon
David Guetta,Sia
David Guetta,Joachim Garraud
David Guetta,Chris Willis
David Guetta,Tocadisco
Joachim Garraud,Chris Willis
Joachim Garraud,Tocadisco
Chris Willis,Tocadisco
David Guetta,Afrojack
David Guetta,Diana Gordon
Afrojack,Diana Gordon
David Guetta,Chris Willis
David Guetta,Tocadisco
Chris Willis,Tocadisco
David Guetta,Nicki Minaj
David Guetta,Sia
David Guetta,Chris Willis
David Guetta,Tocadisco
Chris Willis,Tocadisco
David Guetta,Bonnie Tyler
David Guetta,Hypaton
Bonnie Tyler,Hypaton
David Guetta,Chris Willis
David Guetta,Tocadisco
Chris Willis,Tocadisco
David Guetta,Sia
David Guetta,Sia
David Guetta,Sia
David Guetta,Nicki Minaj
David Guetta,MORTEN
David Guetta,Chris Willis
David Guetta,Tocadisco
Chris Willis,Tocadisco
David Guetta,Nicki Minaj
David Guetta,Nicki Minaj
David Guetta,Bonnie Tyler
David Guetta,Hypaton
Bonnie Tyler,Hypaton
David Guetta,Missy Elliott
David Guetta,Afrojack
David Guetta,BIA
David Guetta,Doechii
Missy Elliott,Afrojack
Missy Elliott,BIA
Missy Elliott,Doechii
Afrojack,BIA
Afrojack,Doechii
BIA,Doechii
David Guetta,Chris Willis
David Guetta,Tocadisco
Chris Willis,Tocadisco
David Guetta,Nicki Minaj
David Guetta,Nicki Minaj
David Guetta,Chris Willis
David Guetta,Tocadisco
Chris Willis,Tocadisco
David Guetta,Nicki Minaj
David Guetta,Afrojack
David Guetta,Diana Gordon
Afrojack,Diana Gordon
David Guetta,Chris Willis
David Guetta,Nicki Minaj
David Guetta,Tocadisco
David Guetta,Chris Willis
David Guetta,Nicki Minaj
David Guetta,Sia
David Guetta,Chris Willis
David Guetta,Tocadisco
Chris Willis,Tocadisco
David Guetta,Chris Willis
David Guetta,Tocadisco
Chris Willis,Tocadisco
David Guetta,Chris Willis
David Guetta,Tocadisco
Chris Willis,Tocadisco
David Guetta,Nicki Minaj
David Guetta,Afrojack
David Guetta,Diana Gordon
Afrojack,Diana Gordon
David Guetta,Joachim Garraud
David Guetta,Chris Willis
David Guetta,Tocadisco
Joachim Garraud,Chris Willis
Joachim Garraud,Tocadisco
Chris Willis,Tocadisco
David Guetta,Chris Willis
David Guetta,Tocadisco
Chris Willis,Tocadisco
David Guetta,Joachim Garraud
David Guetta,Chris Willis
David Guetta,Tocadisco
Joachim Garraud,Chris Willis
Joachim Garraud,Tocadisco
Chris Willis,Tocadisco
David Guetta,Nicki Minaj
David Guetta,Chris Willis
David Guetta,Tocadisco
Chris Willis,Tocadisco
David Guetta,Chris Willis
David Guetta,Joachim Garraud
David Guetta,Chris Willis
David Guetta,Tocadisco
Joachim Garraud,Chris Willis
Joachim Garraud,Tocadisco
Chris Willis,Tocadisco
David Guetta,Chris Willis
David Guetta,Tocadisco
Chris Willis,Tocadisco
David Guetta,Chris Willis
David Guetta,Nicki Minaj
David Guetta,Afrojack
David Guetta,Diana Gordon
Afrojack,Diana Gordon
David Guetta,Sia
David Guetta,Sia
David Guetta,Nicki Minaj
David Guetta,Sia
David Guetta,Chris Willis
David Guetta,Tocadisco
Chris Willis,Tocadisco
David Guetta,Sia
David Guetta,OneRepublic
David Guetta,Alesso
David Guetta,Timbaland
David Guetta,Sebastian Ingrosso
David Guetta,Ryan Tedder
David Guetta,Sia
David Guetta,Hardwell
David Guetta,MAKJ
David Guetta,Otto Knows
OneRepublic,Alesso
OneRepublic,Timbaland
OneRepublic,Sebastian Ingrosso
OneRepublic,Ryan Tedder
OneRepublic,Sia
OneRepublic,Hardwell
OneRepublic,MAKJ
OneRepublic,Otto Knows
Alesso,Timbaland
Alesso,Sebastian Ingrosso
Alesso,Ryan Tedder
Alesso,Sia
Alesso,Hardwell
Alesso,MAKJ
Alesso,Otto Knows
Timbaland,Sebastian Ingrosso
Timbaland,Ryan Tedder
Timbaland,Sia
Timbaland,Hardwell
Timbaland,MAKJ
Timbaland,Otto Knows
Sebastian Ingrosso,Ryan Tedder
Sebastian Ingrosso,Sia
Sebastian Ingrosso,Hardwell
Sebastian Ingrosso,MAKJ
Sebastian Ingrosso,Otto Knows
Ryan Tedder,Sia
Ryan Tedder,Hardwell
Ryan Tedder,MAKJ
Ryan Tedder,Otto Knows
Sia,Hardwell
Sia,MAKJ
Sia,Otto Knows
Hardwell,MAKJ
Hardwell,Otto Knows
MAKJ,Otto Knows
David Guetta,Nicki Minaj
David Guetta,Sia
David Guetta,Snoop Dogg
David Guetta,Kelly Rowland
David Guetta,Kelly Rowland
David Guetta,Emeli Sandé
Joel Corry,David Guetta
Joel Corry,Bryson Tiller
David Guetta,Bryson Tiller
David Guetta,Hypaton
David Guetta,Kelly Rowland
David Guetta,Kelly Rowland
David Guetta,Snoop Dogg
David Guetta,Kelly Rowland
David Guetta,Kelly Rowland
David Guetta,Robert Owens
David Guetta,Kelly Rowland
David Guetta,Robert Owens
David Guetta,Kelly Rowland
David Guetta,Robert Owens
David Guetta,The Egg
David Guetta,Emeli Sandé
David Guetta,Emeli Sandé
David Guetta,Kelly Rowland
David Guetta,Snoop Dogg
David Guetta,安室奈美恵
David Guetta,Kelly Rowland
David Guetta,Emeli Sandé
David Guetta,Kelly Rowland
David Guetta,Hypaton
David Guetta,Snoop Dogg
David Guetta,Kelly Rowland
David Guetta,Kelly Rowland
David Guetta,Kelly Rowland
David Guetta,Kelly Rowland
David Guetta,Chris Willis
David Guetta,Snoop Dogg
David Guetta,Emeli Sandé
Joel Corry,David Guetta
Joel Corry,Bryson Tiller
David Guetta,Bryson Tiller
David Guetta,Robert Owens
David Guetta,Jaden Bojsen
David Guetta,Robert Owens
David Guetta,Emeli Sandé
David Guetta,Robert Owens
David Guetta,Ozuna
David Guetta,Kelly Rowland
Joel Corry,David Guetta
Joel Corry,Bryson Tiller
David Guetta,Bryson Tiller
David Guetta,Emeli Sandé
David Guetta,Emeli Sandé
David Guetta,Kelly Rowland
David Guetta,Snoop Dogg
David Guetta,Kelly Rowland
David Guetta,Kelly Rowland
Joel Corry,David Guetta
Joel Corry,Bryson Tiller
David Guetta,Bryson Tiller
Lil Wayne,David Guetta
Lil Wayne,Benny Benassi
Lil Wayne,Jay Sean
Lil Wayne,Snoop Dogg
Lil Wayne,Chris Brown
Lil Wayne,Far East Movement
David Guetta,Benny Benassi
David Guetta,Jay Sean
David Guetta,Snoop Dogg
David Guetta,Chris Brown
David Guetta,Far East Movement
Benny Benassi,Jay Sean
Benny Benassi,Snoop Dogg
Benny Benassi,Chris Brown
Benny Benassi,Far East Movement
Jay Sean,Snoop Dogg
Jay Sean,Chris Brown
Jay Sean,Far East Movement
Snoop Dogg,Chris Brown
Snoop Dogg,Far East Movement
Chris Brown,Far East Movement
David Guetta,Emeli Sandé
David Guetta,Kelly Rowland
David Guetta,Emeli Sandé
David Guetta,Jaden Bojsen
David Guetta,Anuel AA
David Guetta,Kelly Rowland
David Guetta,Emeli Sandé
Joel Corry,David Guetta
Joel Corry,Bryson Tiller
David Guetta,Bryson Tiller
David Guetta,Emeli Sandé
David Guetta,Bruno Mars
David Guetta,Kelly Rowland
David Guetta,Kelly Rowland
David Guetta,Kelly Rowland
David Guetta,Kelly Rowland
David Guetta,Kelly Rowland
David Guetta,Kelly Rowland
David Guetta,安室奈美恵
David Guetta,Snoop Dogg
David Guetta,安室奈美恵
David Guetta,Snoop Dogg
David Guetta,Snoop Dogg
David Guetta,Kelly Rowland
will.i.am,David Guetta
will.i.am,K’naan
David Guetta,K’naan
David Guetta,Emeli Sandé
David Guetta,Emeli Sandé
David Guetta,Kelly Rowland
David Guetta,Emeli Sandé
David Guetta,Ryan Tedder
David Guetta,Emeli Sandé
Ryan Tedder,Emeli Sandé
David Guetta,StarGate
David Guetta,Los Unidades
David Guetta,Danny Ocean
David Guetta,Wizkid
David Guetta,Tiwa Savage
StarGate,Los Unidades
StarGate,Danny Ocean
StarGate,Wizkid
StarGate,Tiwa Savage
Los Unidades,Danny Ocean
Los Unidades,Wizkid
Los Unidades,Tiwa Savage
Danny Ocean,Wizkid
Danny Ocean,Tiwa Savage
Wizkid,Tiwa Savage
David Guetta,Kelly Rowland
David Guetta,Snoop Dogg
Joel Corry,David Guetta
Joel Corry,Bryson Tiller
David Guetta,Bryson Tiller
David Guetta,Kelly Rowland
David Guetta,Nicki Minaj
David Guetta,Nicki Minaj
David Guetta,Kelly Rowland
David Guetta,Bruno Mars
David Guetta,Hypaton
David Guetta,Bruno Mars
David Guetta,Kelly Rowland
David Guetta,Emeli Sandé
David Guetta,Kelly Rowland
David Guetta,Rihanna
David Guetta,Kelly Rowland
David Guetta,Flo Rida
David Guetta,Nicki Minaj
Flo Rida,Nicki Minaj
David Guetta,Kelly Rowland
David Guetta,Flo Rida
David Guetta,Nicki Minaj
Flo Rida,Nicki Minaj
David Guetta,Flo Rida
David Guetta,Nicki Minaj
Flo Rida,Nicki Minaj
David Guetta,Kelly Rowland
David Guetta,Kelly Rowland
David Guetta,Flo Rida
David Guetta,Nicki Minaj
Flo Rida,Nicki Minaj
David Guetta,Flo Rida
David Guetta,Nicki Minaj
Flo Rida,Nicki Minaj
David Guetta,Kelly Rowland
David Guetta,Kelly Rowland
David Guetta,Flo Rida
David Guetta,Nicki Minaj
Flo Rida,Nicki Minaj
David Guetta,Flo Rida
David Guetta,Nicki Minaj
Flo Rida,Nicki Minaj
David Guetta,Flo Rida
David Guetta,Nicki Minaj
Flo Rida,Nicki Minaj
David Guetta,Flo Rida
David Guetta,Nicki Minaj
Flo Rida,Nicki Minaj
David Guetta,Kim Petras
David Guetta,Rihanna
David Guetta,RAYE
David Guetta,Hypaton
RAYE,Hypaton
David Guetta,Kelly Rowland
David Guetta,Kim Petras
David Guetta,Kelly Rowland
David Guetta,Flo Rida
David Guetta,Nicki Minaj
Flo Rida,Nicki Minaj
David Guetta,Kelly Rowland
David Guetta,Kim Petras
David Guetta,Flo Rida
David Guetta,Nicki Minaj
Flo Rida,Nicki Minaj
David Guetta,Nicki Minaj
David Guetta,Flo Rida
Nicki Minaj,Flo Rida
David Guetta,Flo Rida
David Guetta,Nicki Minaj
Flo Rida,Nicki Minaj
David Guetta,Max’C
David Guetta,Kelly Rowland
David Guetta,Kelly Rowland
David Guetta,Kim Petras
David Guetta,Kelly Rowland
David Guetta,Flo Rida
David Guetta,Nicki Minaj
Flo Rida,Nicki Minaj
David Guetta,Kelly Rowland
David Guetta,Kim Petras
David Guetta,Nicki Minaj
David Guetta,Flo Rida
Nicki Minaj,Flo Rida
David Guetta,Kelly Rowland
David Guetta,Kelly Rowland
David Guetta,Kelly Rowland
David Guetta,Nicki Minaj
David Guetta,Flo Rida
Nicki Minaj,Flo Rida
David Guetta,Kelly Rowland
David Guetta,Kelly Rowland
David Guetta,Flo Rida
David Guetta,Nicki Minaj
Flo Rida,Nicki Minaj
David Guetta,The Cut Up Boys
David Guetta,Chuckie
David Guetta,Joey Negro
The Cut Up Boys,Chuckie
The Cut Up Boys,Joey Negro
Chuckie,Joey Negro
David Guetta,Flo Rida
David Guetta,Nicki Minaj
Flo Rida,Nicki Minaj
David Guetta,Flo Rida
David Guetta,Nicki Minaj
Flo Rida,Nicki Minaj
David Guetta,Flo Rida
David Guetta,Nicki Minaj
Flo Rida,Nicki Minaj
David Guetta,Flo Rida
David Guetta,Nicki Minaj
Flo Rida,Nicki Minaj
David Guetta,Flo Rida
David Guetta,Nicki Minaj
Flo Rida,Nicki Minaj
David Guetta,Kelly Rowland
David Guetta,RAYE
David Guetta,Hypaton
RAYE,Hypaton
David Guetta,Kelly Rowland
David Guetta,Kim Petras
David Guetta,Kelly Rowland
David Guetta,Flo Rida
David Guetta,Nicki Minaj
Flo Rida,Nicki Minaj
David Guetta,Rihanna
David Guetta,Kim Petras
David Guetta,Flo Rida
David Guetta,Nicki Minaj
Flo Rida,Nicki Minaj
David Guetta,Flo Rida
David Guetta,Nicki Minaj
Flo Rida,Nicki Minaj
David Guetta,Flo Rida
David Guetta,Nicki Minaj
Flo Rida,Nicki Minaj
David Guetta,Nicki Minaj
David Guetta,Kelly Rowland
David Guetta,Jozzy
David Guetta,Riton
Jozzy,Riton
David Guetta,Rihanna
David Guetta,Kelly Rowland
David Guetta,Kelly Rowland
David Guetta,Nicki Minaj
David Guetta,Flo Rida
Nicki Minaj,Flo Rida
David Guetta,Flo Rida
David Guetta,Nicki Minaj
Flo Rida,Nicki Minaj
David Guetta,Kelly Rowland
David Guetta,Flo Rida
David Guetta,Nicki Minaj
Flo Rida,Nicki Minaj
David Guetta,Kelly Rowland
David Guetta,Kelly Rowland
David Guetta,Kelly Rowland
David Guetta,Flo Rida
David Guetta,Nicki Minaj
Flo Rida,Nicki Minaj
David Guetta,Flo Rida
David Guetta,Nicki Minaj
Flo Rida,Nicki Minaj
David Guetta,Kelly Rowland
David Guetta,Kelly Rowland
David Guetta,Kelly Rowland
David Guetta,Kelly Rowland
David Guetta,Rihanna
David Guetta,Flo Rida
David Guetta,Nicki Minaj
Flo Rida,Nicki Minaj
David Guetta,Flo Rida
David Guetta,Nicki Minaj
Flo Rida,Nicki Minaj
David Guetta,Kelly Rowland
David Guetta,Kelly Rowland
David Guetta,Kim Petras
David Guetta,Kelly Rowland
David Guetta,Kim Petras
David Guetta,Flo Rida
David Guetta,Nicki Minaj
Flo Rida,Nicki Minaj
David Guetta,Kim Petras
David Guetta,Kim Petras
David Guetta,Nicki Minaj
David Guetta,Flo Rida
Nicki Minaj,Flo Rida
David Guetta,Kelly Rowland
David Guetta,Usher
David Guetta,JD Davis
David Guetta,Sia
David Guetta,Nicky Romero
David Guetta,Jack Back
Sia,Nicky Romero
Sia,Jack Back
Nicky Romero,Jack Back
David Guetta,Usher
David Guetta,Rihanna
David Guetta,Usher
David Guetta,Rihanna
David Guetta,Cedric Gervais
David Guetta,Chris Willis
Cedric Gervais,Chris Willis
David Guetta,Nicky Romero
David Guetta,Cedric Gervais
David Guetta,Chris Willis
Cedric Gervais,Chris Willis
David Guetta,Cedric Gervais
David Guetta,Chris Willis
Cedric Gervais,Chris Willis
David Guetta,Tara McDonald
David Guetta,Nicky Romero
David Guetta,Usher
David Guetta,Sia
David Guetta,Nicky Romero
David Guetta,Jack Back
Sia,Nicky Romero
Sia,Jack Back
Nicky Romero,Jack Back
David Guetta,Rihanna
David Guetta,Rihanna
David Guetta,Usher
David Guetta,Rihanna
David Guetta,Rihanna
David Guetta,Cedric Gervais
David Guetta,Chris Willis
Cedric Gervais,Chris Willis
David Guetta,Usher
David Guetta,Rihanna
David Guetta,Rihanna
David Guetta,Tara McDonald
David Guetta,Rihanna
David Guetta,Cedric Gervais
David Guetta,Chris Willis
Cedric Gervais,Chris Willis
David Guetta,Usher
David Guetta,Cedric Gervais
David Guetta,Chris Willis
Cedric Gervais,Chris Willis
David Guetta,Usher
David Guetta,Usher
David Guetta,Usher
David Guetta,ZROQ
David Guetta,Nicky Romero
David Guetta,Kap Slap
ZROQ,Nicky Romero
ZROQ,Kap Slap
Nicky Romero,Kap Slap
David Guetta,Rosie Rogers
David Guetta,Usher
David Guetta,Usher
David Guetta,Rosie Rogers
David Guetta,Bebe Rexha
David Guetta,Rihanna
David Guetta,Usher
David Guetta,Sia
David Guetta,Nicky Romero
David Guetta,Jack Back
Sia,Nicky Romero
Sia,Jack Back
Nicky Romero,Jack Back
David Guetta,Rihanna
David Guetta,Sia
David Guetta,Nicky Romero
David Guetta,Jack Back
Sia,Nicky Romero
Sia,Jack Back
Nicky Romero,Jack Back
David Guetta,Usher
David Guetta,Usher
David Guetta,Usher
David Guetta,Showtek
David Guetta,Usher
David Guetta,Ladysmith Black Mambazo
David Guetta,Nico & Vinz
David Guetta,Bebe Rexha
Ladysmith Black Mambazo,Nico & Vinz
Ladysmith Black Mambazo,Bebe Rexha
Nico & Vinz,Bebe Rexha
David Guetta,Rihanna
David Guetta,Cedric Gervais
David Guetta,Chris Willis
Cedric Gervais,Chris Willis
David Guetta,Rihanna
David Guetta,Usher
David Guetta,Usher
David Guetta,Usher
David Guetta,Rihanna
David Guetta,Cedric Gervais
David Guetta,Chris Willis
Cedric Gervais,Chris Willis
David Guetta,Rihanna
David Guetta,MORTEN
David Guetta,RAYE
MORTEN,RAYE
David Guetta,Rihanna
David Guetta,Usher
David Guetta,Usher
David Guetta,Usher
David Guetta,Rihanna
David Guetta,Sia
David Guetta,Nicky Romero
David Guetta,Jack Back
Sia,Nicky Romero
Sia,Jack Back
Nicky Romero,Jack Back
David Guetta,JD Davis
David Guetta,Usher
David Guetta,Usher
David Guetta,Sia
David Guetta,Nicky Romero
David Guetta,Jack Back
Sia,Nicky Romero
Sia,Jack Back
Nicky Romero,Jack Back
David Guetta,Rihanna
David Guetta,Sia
David Guetta,Nicky Romero
David Guetta,Jack Back
Sia,Nicky Romero
Sia,Jack Back
Nicky Romero,Jack Back
David Guetta,Sia
David Guetta,Nicky Romero
David Guetta,Jack Back
Sia,Nicky Romero
Sia,Jack Back
Nicky Romero,Jack Back
David Guetta,Sia
David Guetta,Nicky Romero
David Guetta,Jack Back
Sia,Nicky Romero
Sia,Jack Back
Nicky Romero,Jack Back
David Guetta,Rihanna
David Guetta,Usher
David Guetta,Usher
David Guetta,MORTEN
David Guetta,RAYE
MORTEN,RAYE
David Guetta,Rosie Rogers
David Guetta,Rosie Rogers
Beyoncé,Shakira
Grupo Frontera,Shakira
Beyoncé,Shakira
Beyoncé,Shakira
Beyoncé,Shakira
Beéle,Shakira
Alejandro Sanz,Shakira
Beyoncé,Shakira
Beyoncé,Shakira
Beyoncé,Shakira
El Canto del Loco,Bebe
El Canto del Loco,Miguel Bosé
El Canto del Loco,Juanes
El Canto del Loco,José Mercé
El Canto del Loco,Marta Sánchez
El Canto del Loco,Belinda
El Canto del Loco,Najwa
El Canto del Loco,Alejandro Sanz
El Canto del Loco,Zahara
El Canto del Loco,La Oreja de Van Gogh
El Canto del Loco,Macaco
El Canto del Loco,Shakira
El Canto del Loco,Aleks Syntek
El Canto del Loco,Mala Rodríguez
El Canto del Loco,Hombres G
El Canto del Loco,Carlos Jean
Bebe,Miguel Bosé
Bebe,Juanes
Bebe,José Mercé
Bebe,Marta Sánchez
Bebe,Belinda
Bebe,Najwa
Bebe,Alejandro Sanz
Bebe,Zahara
Bebe,La Oreja de Van Gogh
Bebe,Macaco
Bebe,Shakira
Bebe,Aleks Syntek
Bebe,Mala Rodríguez
Bebe,Hombres G
Bebe,Carlos Jean
Miguel Bosé,Juanes
Miguel Bosé,José Mercé
Miguel Bosé,Marta Sánchez
Miguel Bosé,Belinda
Miguel Bosé,Najwa
Miguel Bosé,Alejandro Sanz
Miguel Bosé,Zahara
Miguel Bosé,La Oreja de Van Gogh
Miguel Bosé,Macaco
Miguel Bosé,Shakira
Miguel Bosé,Aleks Syntek
Miguel Bosé,Mala Rodríguez
Miguel Bosé,Hombres G
Miguel Bosé,Carlos Jean
Juanes,José Mercé
Juanes,Marta Sánchez
Juanes,Belinda
Juanes,Najwa
Juanes,Alejandro Sanz
Juanes,Zahara
Juanes,La Oreja de Van Gogh
Juanes,Macaco
Juanes,Shakira
Juanes,Aleks Syntek
Juanes,Mala Rodríguez
Juanes,Hombres G
Juanes,Carlos Jean
José Mercé,Marta Sánchez
José Mercé,Belinda
José Mercé,Najwa
José Mercé,Alejandro Sanz
José Mercé,Zahara
José Mercé,La Oreja de Van Gogh
José Mercé,Macaco
José Mercé,Shakira
José Mercé,Aleks Syntek
José Mercé,Mala Rodríguez
José Mercé,Hombres G
José Mercé,Carlos Jean
Marta Sánchez,Belinda
Marta Sánchez,Najwa
Marta Sánchez,Alejandro Sanz
Marta Sánchez,Zahara
Marta Sánchez,La Oreja de Van Gogh
Marta Sánchez,Macaco
Marta Sánchez,Shakira
Marta Sánchez,Aleks Syntek
Marta Sánchez,Mala Rodríguez
Marta Sánchez,Hombres G
Marta Sánchez,Carlos Jean
Belinda,Najwa
Belinda,Alejandro Sanz
Belinda,Zahara
Belinda,La Oreja de Van Gogh
Belinda,Macaco
Belinda,Shakira
Belinda,Aleks Syntek
Belinda,Mala Rodríguez
Belinda,Hombres G
Belinda,Carlos Jean
Najwa,Alejandro Sanz
Najwa,Zahara
Najwa,La Oreja de Van Gogh
Najwa,Macaco
Najwa,Shakira
Najwa,Aleks Syntek
Najwa,Mala Rodríguez
Najwa,Hombres G
Najwa,Carlos Jean
Alejandro Sanz,Zahara
Alejandro Sanz,La Oreja de Van Gogh
Alejandro Sanz,Macaco
Alejandro Sanz,Shakira
Alejandro Sanz,Aleks Syntek
Alejandro Sanz,Mala Rodríguez
Alejandro Sanz,Hombres G
Alejandro Sanz,Carlos Jean
Zahara,La Oreja de Van Gogh
Zahara,Macaco
Zahara,Shakira
Zahara,Aleks Syntek
Zahara,Mala Rodríguez
Zahara,Hombres G
Zahara,Carlos Jean
La Oreja de Van Gogh,Macaco
La Oreja de Van Gogh,Shakira
La Oreja de Van Gogh,Aleks Syntek
La Oreja de Van Gogh,Mala Rodríguez
La Oreja de Van Gogh,Hombres G
La Oreja de Van Gogh,Carlos Jean
Macaco,Shakira
Macaco,Aleks Syntek
Macaco,Mala Rodríguez
Macaco,Hombres G
Macaco,Carlos Jean
Shakira,Aleks Syntek
Shakira,Mala Rodríguez
Shakira,Hombres G
Shakira,Carlos Jean
Aleks Syntek,Mala Rodríguez
Aleks Syntek,Hombres G
Aleks Syntek,Carlos Jean
Mala Rodríguez,Hombres G
Mala Rodríguez,Carlos Jean
Hombres G,Carlos Jean
Beyoncé,Shakira
Beyoncé,Shakira
Beyoncé,Shakira
Beyoncé,Shakira
Grupo Frontera,Shakira
Alejandro Sanz,Shakira
Beyoncé,Shakira
Grupo Frontera,Shakira
Beyoncé,Shakira
Alejandro Sanz,Shakira
Beyoncé,Shakira
Beyoncé,Shakira
Beyoncé,Shakira
Beyoncé,Shakira
El Cata,Shakira
DJ ICE,Beyoncé
DJ ICE,Shakira
Beyoncé,Shakira
Beyoncé,Shakira
Beyoncé,Shakira
Beyoncé,Shakira
Bizarrap,Tiësto
Bizarrap,Shakira
Tiësto,Shakira
Beyoncé,Shakira
Beyoncé,Shakira
Beyoncé,Shakira
Alejandro Sanz,Shakira
Milan Piqué Mebarak,Shakira
Milan Piqué Mebarak,Sasha Piqué Mebarak
Shakira,Sasha Piqué Mebarak
Beyoncé,Shakira
Beyoncé,Shakira
Beyoncé,Shakira
Beyoncé,Shakira
Draco Rosa,Shakira
Beyoncé,Shakira
Beyoncé,Shakira
Beyoncé,Shakira
Grupo Frontera,Shakira
Kid Cudi,Shakira
Prince Royce,Shakira
Usher,Shakira
Usher,Adam Levine
Usher,Blake Shelton
Shakira,Adam Levine
Shakira,Blake Shelton
Adam Levine,Blake Shelton
Rihanna,Shakira
Rihanna,Shakira
Rihanna,Shakira
Rihanna,Shakira
Maluma,Shakira
Rauw Alejandro,Shakira
Kid Cudi,Shakira
Maluma,Shakira
Maluma,Shakira
Kid Cudi,Shakira
Kid Cudi,Shakira
Gustavo Cerati,Shakira
Kid Cudi,Shakira
Maluma,Shakira
MAGIC!,Shakira
Maluma,Shakira
Kid Cudi,Shakira
Kid Cudi,Shakira
SHXT,Maluma
SHXT,Shakira
Maluma,Shakira
Kid Cudi,Shakira
Kid Cudi,Shakira
Kid Cudi,Shakira
Kid Cudi,Shakira
Maluma,Shakira
Black M,Shakira
Melissa Etheridge,Shakira
Rihanna,Shakira
Maluma,Shakira
Gustavo Cerati,Shakira
Manuel Turizo,Shakira
Rihanna,Shakira
Rauw Alejandro,Shakira
Manuel Turizo,Shakira
Kid Cudi,Shakira
Maluma,Shakira
Kid Cudi,Shakira
Black M,Shakira
Bizarrap,Shakira
Manuel Turizo,Shakira
Black M,Shakira
Ivete Sangalo,Shakira
Kid Cudi,Shakira
Fuerza Regida,Shakira
David Guetta,Black Eyed Peas
David Guetta,Shakira
Black Eyed Peas,Shakira
Gustavo Cerati,Shakira
David Guetta,Black Eyed Peas
David Guetta,Shakira
Black Eyed Peas,Shakira
David Guetta,Black Eyed Peas
David Guetta,Shakira
Black Eyed Peas,Shakira
David Guetta,Black Eyed Peas
David Guetta,Shakira
Black Eyed Peas,Shakira
Kid Cudi,Shakira
Fuerza Regida,Shakira
Carlos Vives,Luis Fonsi
Carlos Vives,Gisselle
Carlos Vives,Marco Antonio Solís
Carlos Vives,Beto Cuevas
Carlos Vives,Thalía
Carlos Vives,José Luis Rodríguez
Carlos Vives,Lucía Méndez
Carlos Vives,Ana Bárbara
Carlos Vives,Limi
Carlos Vives,Olga Tañón
Carlos Vives,Ricardo Montaner
Carlos Vives,Juan Luis Guerra
Carlos Vives,Shakira
Carlos Vives,Alejandro Fernández
Carlos Vives,Jennifer Lopez
Carlos Vives,Elvis Crespo
Carlos Vives,Ramiro
Carlos Vives,José Feliciano
Carlos Vives,La Ley
Carlos Vives,Jorge Hernández
Carlos Vives,Todos Unidos
Carlos Vives,Gian Marco
Carlos Vives,Gloria Estefan
Carlos Vives,Los Tigres del Norte
Carlos Vives,Jaci Velasquez
Carlos Vives,Alicia Villarreal
Carlos Vives,Carlos Ponce
Carlos Vives,Alejandro Sanz
Carlos Vives,Jon Secada
Carlos Vives,Wilkins
Carlos Vives,Emmanuel
Carlos Vives,Chayanne
Carlos Vives,Gilberto Santa Rosa
Carlos Vives,Ricky Martin
Carlos Vives,José José
Carlos Vives,Melina León
Carlos Vives,Yuri
Carlos Vives,Paulina Rubio
Carlos Vives,Miguel Bosé
Carlos Vives,Celia Cruz
Carlos Vives,Christina Aguilera
Carlos Vives,Grupo Límite
Carlos Vives,Ana Gabriel
Luis Fonsi,Gisselle
Luis Fonsi,Marco Antonio Solís
Luis Fonsi,Beto Cuevas
Luis Fonsi,Thalía
Luis Fonsi,José Luis Rodríguez
Luis Fonsi,Lucía Méndez
Luis Fonsi,Ana Bárbara
Luis Fonsi,Limi
Luis Fonsi,Olga Tañón
Luis Fonsi,Ricardo Montaner
Luis Fonsi,Juan Luis Guerra
Luis Fonsi,Shakira
Luis Fonsi,Alejandro Fernández
Luis Fonsi,Jennifer Lopez
Luis Fonsi,Elvis Crespo
Luis Fonsi,Ramiro
Luis Fonsi,José Feliciano
Luis Fonsi,La Ley
Luis Fonsi,Jorge Hernández
Luis Fonsi,Todos Unidos
Luis Fonsi,Gian Marco
Luis Fonsi,Gloria Estefan
Luis Fonsi,Los Tigres del Norte
Luis Fonsi,Jaci Velasquez
Luis Fonsi,Alicia Villarreal
Luis Fonsi,Carlos Ponce
Luis Fonsi,Alejandro Sanz
Luis Fonsi,Jon Secada
Luis Fonsi,Wilkins
Luis Fonsi,Emmanuel
Luis Fonsi,Chayanne
Luis Fonsi,Gilberto Santa Rosa
Luis Fonsi,Ricky Martin
Luis Fonsi,José José
Luis Fonsi,Melina León
Luis Fonsi,Yuri
Luis Fonsi,Paulina Rubio
Luis Fonsi,Miguel Bosé
Luis Fonsi,Celia Cruz
Luis Fonsi,Christina Aguilera
Luis Fonsi,Grupo Límite
Luis Fonsi,Ana Gabriel
Gisselle,Marco Antonio Solís
Gisselle,Beto Cuevas
Gisselle,Thalía
Gisselle,José Luis Rodríguez
Gisselle,Lucía Méndez
Gisselle,Ana Bárbara
Gisselle,Limi
Gisselle,Olga Tañón
Gisselle,Ricardo Montaner
Gisselle,Juan Luis Guerra
Gisselle,Shakira
Gisselle,Alejandro Fernández
Gisselle,Jennifer Lopez
Gisselle,Elvis Crespo
Gisselle,Ramiro
Gisselle,José Feliciano
Gisselle,La Ley
Gisselle,Jorge Hernández
Gisselle,Todos Unidos
Gisselle,Gian Marco
Gisselle,Gloria Estefan
Gisselle,Los Tigres del Norte
Gisselle,Jaci Velasquez
Gisselle,Alicia Villarreal
Gisselle,Carlos Ponce
Gisselle,Alejandro Sanz
Gisselle,Jon Secada
Gisselle,Wilkins
Gisselle,Emmanuel
Gisselle,Chayanne
Gisselle,Gilberto Santa Rosa
Gisselle,Ricky Martin
Gisselle,José José
Gisselle,Melina León
Gisselle,Yuri
Gisselle,Paulina Rubio
Gisselle,Miguel Bosé
Gisselle,Celia Cruz
Gisselle,Christina Aguilera
Gisselle,Grupo Límite
Gisselle,Ana Gabriel
Marco Antonio Solís,Beto Cuevas
Marco Antonio Solís,Thalía
Marco Antonio Solís,José Luis Rodríguez
Marco Antonio Solís,Lucía Méndez
Marco Antonio Solís,Ana Bárbara
Marco Antonio Solís,Limi
Marco Antonio Solís,Olga Tañón
Marco Antonio Solís,Ricardo Montaner
Marco Antonio Solís,Juan Luis Guerra
Marco Antonio Solís,Shakira
Marco Antonio Solís,Alejandro Fernández
Marco Antonio Solís,Jennifer Lopez
Marco Antonio Solís,Elvis Crespo
Marco Antonio Solís,Ramiro
Marco Antonio Solís,José Feliciano
Marco Antonio Solís,La Ley
Marco Antonio Solís,Jorge Hernández
Marco Antonio Solís,Todos Unidos
Marco Antonio Solís,Gian Marco
Marco Antonio Solís,Gloria Estefan
Marco Antonio Solís,Los Tigres del Norte
Marco Antonio Solís,Jaci Velasquez
Marco Antonio Solís,Alicia Villarreal
Marco Antonio Solís,Carlos Ponce
Marco Antonio Solís,Alejandro Sanz
Marco Antonio Solís,Jon Secada
Marco Antonio Solís,Wilkins
Marco Antonio Solís,Emmanuel
Marco Antonio Solís,Chayanne
Marco Antonio Solís,Gilberto Santa Rosa
Marco Antonio Solís,Ricky Martin
Marco Antonio Solís,José José
Marco Antonio Solís,Melina León
Marco Antonio Solís,Yuri
Marco Antonio Solís,Paulina Rubio
Marco Antonio Solís,Miguel Bosé
Marco Antonio Solís,Celia Cruz
Marco Antonio Solís,Christina Aguilera
Marco Antonio Solís,Grupo Límite
Marco Antonio Solís,Ana Gabriel
Beto Cuevas,Thalía
Beto Cuevas,José Luis Rodríguez
Beto Cuevas,Lucía Méndez
Beto Cuevas,Ana Bárbara
Beto Cuevas,Limi
Beto Cuevas,Olga Tañón
Beto Cuevas,Ricardo Montaner
Beto Cuevas,Juan Luis Guerra
Beto Cuevas,Shakira
Beto Cuevas,Alejandro Fernández
Beto Cuevas,Jennifer Lopez
Beto Cuevas,Elvis Crespo
Beto Cuevas,Ramiro
Beto Cuevas,José Feliciano
Beto Cuevas,La Ley
Beto Cuevas,Jorge Hernández
Beto Cuevas,Todos Unidos
Beto Cuevas,Gian Marco
Beto Cuevas,Gloria Estefan
Beto Cuevas,Los Tigres del Norte
Beto Cuevas,Jaci Velasquez
Beto Cuevas,Alicia Villarreal
Beto Cuevas,Carlos Ponce
Beto Cuevas,Alejandro Sanz
Beto Cuevas,Jon Secada
Beto Cuevas,Wilkins
Beto Cuevas,Emmanuel
Beto Cuevas,Chayanne
Beto Cuevas,Gilberto Santa Rosa
Beto Cuevas,Ricky Martin
Beto Cuevas,José José
Beto Cuevas,Melina León
Beto Cuevas,Yuri
Beto Cuevas,Paulina Rubio
Beto Cuevas,Miguel Bosé
Beto Cuevas,Celia Cruz
Beto Cuevas,Christina Aguilera
Beto Cuevas,Grupo Límite
Beto Cuevas,Ana Gabriel
Thalía,José Luis Rodríguez
Thalía,Lucía Méndez
Thalía,Ana Bárbara
Thalía,Limi
Thalía,Olga Tañón
Thalía,Ricardo Montaner
Thalía,Juan Luis Guerra
Thalía,Shakira
Thalía,Alejandro Fernández
Thalía,Jennifer Lopez
Thalía,Elvis Crespo
Thalía,Ramiro
Thalía,José Feliciano
Thalía,La Ley
Thalía,Jorge Hernández
Thalía,Todos Unidos
Thalía,Gian Marco
Thalía,Gloria Estefan
Thalía,Los Tigres del Norte
Thalía,Jaci Velasquez
Thalía,Alicia Villarreal
Thalía,Carlos Ponce
Thalía,Alejandro Sanz
Thalía,Jon Secada
Thalía,Wilkins
Thalía,Emmanuel
Thalía,Chayanne
Thalía,Gilberto Santa Rosa
Thalía,Ricky Martin
Thalía,José José
Thalía,Melina León
Thalía,Yuri
Thalía,Paulina Rubio
Thalía,Miguel Bosé
Thalía,Celia Cruz
Thalía,Christina Aguilera
Thalía,Grupo Límite
Thalía,Ana Gabriel
José Luis Rodríguez,Lucía Méndez
José Luis Rodríguez,Ana Bárbara
José Luis Rodríguez,Limi
José Luis Rodríguez,Olga Tañón
José Luis Rodríguez,Ricardo Montaner
José Luis Rodríguez,Juan Luis Guerra
José Luis Rodríguez,Shakira
José Luis Rodríguez,Alejandro Fernández
José Luis Rodríguez,Jennifer Lopez
José Luis Rodríguez,Elvis Crespo
José Luis Rodríguez,Ramiro
José Luis Rodríguez,José Feliciano
José Luis Rodríguez,La Ley
José Luis Rodríguez,Jorge Hernández
José Luis Rodríguez,Todos Unidos
José Luis Rodríguez,Gian Marco
José Luis Rodríguez,Gloria Estefan
José Luis Rodríguez,Los Tigres del Norte
José Luis Rodríguez,Jaci Velasquez
José Luis Rodríguez,Alicia Villarreal
José Luis Rodríguez,Carlos Ponce
José Luis Rodríguez,Alejandro Sanz
José Luis Rodríguez,Jon Secada
José Luis Rodríguez,Wilkins
José Luis Rodríguez,Emmanuel
José Luis Rodríguez,Chayanne
José Luis Rodríguez,Gilberto Santa Rosa
José Luis Rodríguez,Ricky Martin
José Luis Rodríguez,José José
José Luis Rodríguez,Melina León
José Luis Rodríguez,Yuri
José Luis Rodríguez,Paulina Rubio
José Luis Rodríguez,Miguel Bosé
José Luis Rodríguez,Celia Cruz
José Luis Rodríguez,Christina Aguilera
José Luis Rodríguez,Grupo Límite
José Luis Rodríguez,Ana Gabriel
Lucía Méndez,Ana Bárbara
Lucía Méndez,Limi
Lucía Méndez,Olga Tañón
Lucía Méndez,Ricardo Montaner
Lucía Méndez,Juan Luis Guerra
Lucía Méndez,Shakira
Lucía Méndez,Alejandro Fernández
Lucía Méndez,Jennifer Lopez
Lucía Méndez,Elvis Crespo
Lucía Méndez,Ramiro
Lucía Méndez,José Feliciano
Lucía Méndez,La Ley
Lucía Méndez,Jorge Hernández
Lucía Méndez,Todos Unidos
Lucía Méndez,Gian Marco
Lucía Méndez,Gloria Estefan
Lucía Méndez,Los Tigres del Norte
Lucía Méndez,Jaci Velasquez
Lucía Méndez,Alicia Villarreal
Lucía Méndez,Carlos Ponce
Lucía Méndez,Alejandro Sanz
Lucía Méndez,Jon Secada
Lucía Méndez,Wilkins
Lucía Méndez,Emmanuel
Lucía Méndez,Chayanne
Lucía Méndez,Gilberto Santa Rosa
Lucía Méndez,Ricky Martin
Lucía Méndez,José José
Lucía Méndez,Melina León
Lucía Méndez,Yuri
Lucía Méndez,Paulina Rubio
Lucía Méndez,Miguel Bosé
Lucía Méndez,Celia Cruz
Lucía Méndez,Christina Aguilera
Lucía Méndez,Grupo Límite
Lucía Méndez,Ana Gabriel
Ana Bárbara,Limi
Ana Bárbara,Olga Tañón
Ana Bárbara,Ricardo Montaner
Ana Bárbara,Juan Luis Guerra
Ana Bárbara,Shakira
Ana Bárbara,Alejandro Fernández
Ana Bárbara,Jennifer Lopez
Ana Bárbara,Elvis Crespo
Ana Bárbara,Ramiro
Ana Bárbara,José Feliciano
Ana Bárbara,La Ley
Ana Bárbara,Jorge Hernández
Ana Bárbara,Todos Unidos
Ana Bárbara,Gian Marco
Ana Bárbara,Gloria Estefan
Ana Bárbara,Los Tigres del Norte
Ana Bárbara,Jaci Velasquez
Ana Bárbara,Alicia Villarreal
Ana Bárbara,Carlos Ponce
Ana Bárbara,Alejandro Sanz
Ana Bárbara,Jon Secada
Ana Bárbara,Wilkins
Ana Bárbara,Emmanuel
Ana Bárbara,Chayanne
Ana Bárbara,Gilberto Santa Rosa
Ana Bárbara,Ricky Martin
Ana Bárbara,José José
Ana Bárbara,Melina León
Ana Bárbara,Yuri
Ana Bárbara,Paulina Rubio
Ana Bárbara,Miguel Bosé
Ana Bárbara,Celia Cruz
Ana Bárbara,Christina Aguilera
Ana Bárbara,Grupo Límite
Ana Bárbara,Ana Gabriel
Limi,Olga Tañón
Limi,Ricardo Montaner
Limi,Juan Luis Guerra
Limi,Shakira
Limi,Alejandro Fernández
Limi,Jennifer Lopez
Limi,Elvis Crespo
Limi,Ramiro
Limi,José Feliciano
Limi,La Ley
Limi,Jorge Hernández
Limi,Todos Unidos
Limi,Gian Marco
Limi,Gloria Estefan
Limi,Los Tigres del Norte
Limi,Jaci Velasquez
Limi,Alicia Villarreal
Limi,Carlos Ponce
Limi,Alejandro Sanz
Limi,Jon Secada
Limi,Wilkins
Limi,Emmanuel
Limi,Chayanne
Limi,Gilberto Santa Rosa
Limi,Ricky Martin
Limi,José José
Limi,Melina León
Limi,Yuri
Limi,Paulina Rubio
Limi,Miguel Bosé
Limi,Celia Cruz
Limi,Christina Aguilera
Limi,Grupo Límite
Limi,Ana Gabriel
Olga Tañón,Ricardo Montaner
Olga Tañón,Juan Luis Guerra
Olga Tañón,Shakira
Olga Tañón,Alejandro Fernández
Olga Tañón,Jennifer Lopez
Olga Tañón,Elvis Crespo
Olga Tañón,Ramiro
Olga Tañón,José Feliciano
Olga Tañón,La Ley
Olga Tañón,Jorge Hernández
Olga Tañón,Todos Unidos
Olga Tañón,Gian Marco
Olga Tañón,Gloria Estefan
Olga Tañón,Los Tigres del Norte
Olga Tañón,Jaci Velasquez
Olga Tañón,Alicia Villarreal
Olga Tañón,Carlos Ponce
Olga Tañón,Alejandro Sanz
Olga Tañón,Jon Secada
Olga Tañón,Wilkins
Olga Tañón,Emmanuel
Olga Tañón,Chayanne
Olga Tañón,Gilberto Santa Rosa
Olga Tañón,Ricky Martin
Olga Tañón,José José
Olga Tañón,Melina León
Olga Tañón,Yuri
Olga Tañón,Paulina Rubio
Olga Tañón,Miguel Bosé
Olga Tañón,Celia Cruz
Olga Tañón,Christina Aguilera
Olga Tañón,Grupo Límite
Olga Tañón,Ana Gabriel
Ricardo Montaner,Juan Luis Guerra
Ricardo Montaner,Shakira
Ricardo Montaner,Alejandro Fernández
Ricardo Montaner,Jennifer Lopez
Ricardo Montaner,Elvis Crespo
Ricardo Montaner,Ramiro
Ricardo Montaner,José Feliciano
Ricardo Montaner,La Ley
Ricardo Montaner,Jorge Hernández
Ricardo Montaner,Todos Unidos
Ricardo Montaner,Gian Marco
Ricardo Montaner,Gloria Estefan
Ricardo Montaner,Los Tigres del Norte
Ricardo Montaner,Jaci Velasquez
Ricardo Montaner,Alicia Villarreal
Ricardo Montaner,Carlos Ponce
Ricardo Montaner,Alejandro Sanz
Ricardo Montaner,Jon Secada
Ricardo Montaner,Wilkins
Ricardo Montaner,Emmanuel
Ricardo Montaner,Chayanne
Ricardo Montaner,Gilberto Santa Rosa
Ricardo Montaner,Ricky Martin
Ricardo Montaner,José José
Ricardo Montaner,Melina León
Ricardo Montaner,Yuri
Ricardo Montaner,Paulina Rubio
Ricardo Montaner,Miguel Bosé
Ricardo Montaner,Celia Cruz
Ricardo Montaner,Christina Aguilera
Ricardo Montaner,Grupo Límite
Ricardo Montaner,Ana Gabriel
Juan Luis Guerra,Shakira
Juan Luis Guerra,Alejandro Fernández
Juan Luis Guerra,Jennifer Lopez
Juan Luis Guerra,Elvis Crespo
Juan Luis Guerra,Ramiro
Juan Luis Guerra,José Feliciano
Juan Luis Guerra,La Ley
Juan Luis Guerra,Jorge Hernández
Juan Luis Guerra,Todos Unidos
Juan Luis Guerra,Gian Marco
Juan Luis Guerra,Gloria Estefan
Juan Luis Guerra,Los Tigres del Norte
Juan Luis Guerra,Jaci Velasquez
Juan Luis Guerra,Alicia Villarreal
Juan Luis Guerra,Carlos Ponce
Juan Luis Guerra,Alejandro Sanz
Juan Luis Guerra,Jon Secada
Juan Luis Guerra,Wilkins
Juan Luis Guerra,Emmanuel
Juan Luis Guerra,Chayanne
Juan Luis Guerra,Gilberto Santa Rosa
Juan Luis Guerra,Ricky Martin
Juan Luis Guerra,José José
Juan Luis Guerra,Melina León
Juan Luis Guerra,Yuri
Juan Luis Guerra,Paulina Rubio
Juan Luis Guerra,Miguel Bosé
Juan Luis Guerra,Celia Cruz
Juan Luis Guerra,Christina Aguilera
Juan Luis Guerra,Grupo Límite
Juan Luis Guerra,Ana Gabriel
Shakira,Alejandro Fernández
Shakira,Jennifer Lopez
Shakira,Elvis Crespo
Shakira,Ramiro
Shakira,José Feliciano
Shakira,La Ley
Shakira,Jorge Hernández
Shakira,Todos Unidos
Shakira,Gian Marco
Shakira,Gloria Estefan
Shakira,Los Tigres del Norte
Shakira,Jaci Velasquez
Shakira,Alicia Villarreal
Shakira,Carlos Ponce
Shakira,Alejandro Sanz
Shakira,Jon Secada
Shakira,Wilkins
Shakira,Emmanuel
Shakira,Chayanne
Shakira,Gilberto Santa Rosa
Shakira,Ricky Martin
Shakira,José José
Shakira,Melina León
Shakira,Yuri
Shakira,Paulina Rubio
Shakira,Miguel Bosé
Shakira,Celia Cruz
Shakira,Christina Aguilera
Shakira,Grupo Límite
Shakira,Ana Gabriel
Alejandro Fernández,Jennifer Lopez
Alejandro Fernández,Elvis Crespo
Alejandro Fernández,Ramiro
Alejandro Fernández,José Feliciano
Alejandro Fernández,La Ley
Alejandro Fernández,Jorge Hernández
Alejandro Fernández,Todos Unidos
Alejandro Fernández,Gian Marco
Alejandro Fernández,Gloria Estefan
Alejandro Fernández,Los Tigres del Norte
Alejandro Fernández,Jaci Velasquez
Alejandro Fernández,Alicia Villarreal
Alejandro Fernández,Carlos Ponce
Alejandro Fernández,Alejandro Sanz
Alejandro Fernández,Jon Secada
Alejandro Fernández,Wilkins
Alejandro Fernández,Emmanuel
Alejandro Fernández,Chayanne
Alejandro Fernández,Gilberto Santa Rosa
Alejandro Fernández,Ricky Martin
Alejandro Fernández,José José
Alejandro Fernández,Melina León
Alejandro Fernández,Yuri
Alejandro Fernández,Paulina Rubio
Alejandro Fernández,Miguel Bosé
Alejandro Fernández,Celia Cruz
Alejandro Fernández,Christina Aguilera
Alejandro Fernández,Grupo Límite
Alejandro Fernández,Ana Gabriel
Jennifer Lopez,Elvis Crespo
Jennifer Lopez,Ramiro
Jennifer Lopez,José Feliciano
Jennifer Lopez,La Ley
Jennifer Lopez,Jorge Hernández
Jennifer Lopez,Todos Unidos
Jennifer Lopez,Gian Marco
Jennifer Lopez,Gloria Estefan
Jennifer Lopez,Los Tigres del Norte
Jennifer Lopez,Jaci Velasquez
Jennifer Lopez,Alicia Villarreal
Jennifer Lopez,Carlos Ponce
Jennifer Lopez,Alejandro Sanz
Jennifer Lopez,Jon Secada
Jennifer Lopez,Wilkins
Jennifer Lopez,Emmanuel
Jennifer Lopez,Chayanne
Jennifer Lopez,Gilberto Santa Rosa
Jennifer Lopez,Ricky Martin
Jennifer Lopez,José José
Jennifer Lopez,Melina León
Jennifer Lopez,Yuri
Jennifer Lopez,Paulina Rubio
Jennifer Lopez,Miguel Bosé
Jennifer Lopez,Celia Cruz
Jennifer Lopez,Christina Aguilera
Jennifer Lopez,Grupo Límite
Jennifer Lopez,Ana Gabriel
Elvis Crespo,Ramiro
Elvis Crespo,José Feliciano
Elvis Crespo,La Ley
Elvis Crespo,Jorge Hernández
Elvis Crespo,Todos Unidos
Elvis Crespo,Gian Marco
Elvis Crespo,Gloria Estefan
Elvis Crespo,Los Tigres del Norte
Elvis Crespo,Jaci Velasquez
Elvis Crespo,Alicia Villarreal
Elvis Crespo,Carlos Ponce
Elvis Crespo,Alejandro Sanz
Elvis Crespo,Jon Secada
Elvis Crespo,Wilkins
Elvis Crespo,Emmanuel
Elvis Crespo,Chayanne
Elvis Crespo,Gilberto Santa Rosa
Elvis Crespo,Ricky Martin
Elvis Crespo,José José
Elvis Crespo,Melina León
Elvis Crespo,Yuri
Elvis Crespo,Paulina Rubio
Elvis Crespo,Miguel Bosé
Elvis Crespo,Celia Cruz
Elvis Crespo,Christina Aguilera
Elvis Crespo,Grupo Límite
Elvis Crespo,Ana Gabriel
Ramiro,José Feliciano
Ramiro,La Ley
Ramiro,Jorge Hernández
Ramiro,Todos Unidos
Ramiro,Gian Marco
Ramiro,Gloria Estefan
Ramiro,Los Tigres del Norte
Ramiro,Jaci Velasquez
Ramiro,Alicia Villarreal
Ramiro,Carlos Ponce
Ramiro,Alejandro Sanz
Ramiro,Jon Secada
Ramiro,Wilkins
Ramiro,Emmanuel
Ramiro,Chayanne
Ramiro,Gilberto Santa Rosa
Ramiro,Ricky Martin
Ramiro,José José
Ramiro,Melina León
Ramiro,Yuri
Ramiro,Paulina Rubio
Ramiro,Miguel Bosé
Ramiro,Celia Cruz
Ramiro,Christina Aguilera
Ramiro,Grupo Límite
Ramiro,Ana Gabriel
José Feliciano,La Ley
José Feliciano,Jorge Hernández
José Feliciano,Todos Unidos
José Feliciano,Gian Marco
José Feliciano,Gloria Estefan
José Feliciano,Los Tigres del Norte
José Feliciano,Jaci Velasquez
José Feliciano,Alicia Villarreal
José Feliciano,Carlos Ponce
José Feliciano,Alejandro Sanz
José Feliciano,Jon Secada
José Feliciano,Wilkins
José Feliciano,Emmanuel
José Feliciano,Chayanne
José Feliciano,Gilberto Santa Rosa
José Feliciano,Ricky Martin
José Feliciano,José José
José Feliciano,Melina León
José Feliciano,Yuri
José Feliciano,Paulina Rubio
José Feliciano,Miguel Bosé
José Feliciano,Celia Cruz
José Feliciano,Christina Aguilera
José Feliciano,Grupo Límite
José Feliciano,Ana Gabriel
La Ley,Jorge Hernández
La Ley,Todos Unidos
La Ley,Gian Marco
La Ley,Gloria Estefan
La Ley,Los Tigres del Norte
La Ley,Jaci Velasquez
La Ley,Alicia Villarreal
La Ley,Carlos Ponce
La Ley,Alejandro Sanz
La Ley,Jon Secada
La Ley,Wilkins
La Ley,Emmanuel
La Ley,Chayanne
La Ley,Gilberto Santa Rosa
La Ley,Ricky Martin
La Ley,José José
La Ley,Melina León
La Ley,Yuri
La Ley,Paulina Rubio
La Ley,Miguel Bosé
La Ley,Celia Cruz
La Ley,Christina Aguilera
La Ley,Grupo Límite
La Ley,Ana Gabriel
Jorge Hernández,Todos Unidos
Jorge Hernández,Gian Marco
Jorge Hernández,Gloria Estefan
Jorge Hernández,Los Tigres del Norte
Jorge Hernández,Jaci Velasquez
Jorge Hernández,Alicia Villarreal
Jorge Hernández,Carlos Ponce
Jorge Hernández,Alejandro Sanz
Jorge Hernández,Jon Secada
Jorge Hernández,Wilkins
Jorge Hernández,Emmanuel
Jorge Hernández,Chayanne
Jorge Hernández,Gilberto Santa Rosa
Jorge Hernández,Ricky Martin
Jorge Hernández,José José
Jorge Hernández,Melina León
Jorge Hernández,Yuri
Jorge Hernández,Paulina Rubio
Jorge Hernández,Miguel Bosé
Jorge Hernández,Celia Cruz
Jorge Hernández,Christina Aguilera
Jorge Hernández,Grupo Límite
Jorge Hernández,Ana Gabriel
Todos Unidos,Gian Marco
Todos Unidos,Gloria Estefan
Todos Unidos,Los Tigres del Norte
Todos Unidos,Jaci Velasquez
Todos Unidos,Alicia Villarreal
Todos Unidos,Carlos Ponce
Todos Unidos,Alejandro Sanz
Todos Unidos,Jon Secada
Todos Unidos,Wilkins
Todos Unidos,Emmanuel
Todos Unidos,Chayanne
Todos Unidos,Gilberto Santa Rosa
Todos Unidos,Ricky Martin
Todos Unidos,José José
Todos Unidos,Melina León
Todos Unidos,Yuri
Todos Unidos,Paulina Rubio
Todos Unidos,Miguel Bosé
Todos Unidos,Celia Cruz
Todos Unidos,Christina Aguilera
Todos Unidos,Grupo Límite
Todos Unidos,Ana Gabriel
Gian Marco,Gloria Estefan
Gian Marco,Los Tigres del Norte
Gian Marco,Jaci Velasquez
Gian Marco,Alicia Villarreal
Gian Marco,Carlos Ponce
Gian Marco,Alejandro Sanz
Gian Marco,Jon Secada
Gian Marco,Wilkins
Gian Marco,Emmanuel
Gian Marco,Chayanne
Gian Marco,Gilberto Santa Rosa
Gian Marco,Ricky Martin
Gian Marco,José José
Gian Marco,Melina León
Gian Marco,Yuri
Gian Marco,Paulina Rubio
Gian Marco,Miguel Bosé
Gian Marco,Celia Cruz
Gian Marco,Christina Aguilera
Gian Marco,Grupo Límite
Gian Marco,Ana Gabriel
Gloria Estefan,Los Tigres del Norte
Gloria Estefan,Jaci Velasquez
Gloria Estefan,Alicia Villarreal
Gloria Estefan,Carlos Ponce
Gloria Estefan,Alejandro Sanz
Gloria Estefan,Jon Secada
Gloria Estefan,Wilkins
Gloria Estefan,Emmanuel
Gloria Estefan,Chayanne
Gloria Estefan,Gilberto Santa Rosa
Gloria Estefan,Ricky Martin
Gloria Estefan,José José
Gloria Estefan,Melina León
Gloria Estefan,Yuri
Gloria Estefan,Paulina Rubio
Gloria Estefan,Miguel Bosé
Gloria Estefan,Celia Cruz
Gloria Estefan,Christina Aguilera
Gloria Estefan,Grupo Límite
Gloria Estefan,Ana Gabriel
Los Tigres del Norte,Jaci Velasquez
Los Tigres del Norte,Alicia Villarreal
Los Tigres del Norte,Carlos Ponce
Los Tigres del Norte,Alejandro Sanz
Los Tigres del Norte,Jon Secada
Los Tigres del Norte,Wilkins
Los Tigres del Norte,Emmanuel
Los Tigres del Norte,Chayanne
Los Tigres del Norte,Gilberto Santa Rosa
Los Tigres del Norte,Ricky Martin
Los Tigres del Norte,José José
Los Tigres del Norte,Melina León
Los Tigres del Norte,Yuri
Los Tigres del Norte,Paulina Rubio
Los Tigres del Norte,Miguel Bosé
Los Tigres del Norte,Celia Cruz
Los Tigres del Norte,Christina Aguilera
Los Tigres del Norte,Grupo Límite
Los Tigres del Norte,Ana Gabriel
Jaci Velasquez,Alicia Villarreal
Jaci Velasquez,Carlos Ponce
Jaci Velasquez,Alejandro Sanz
Jaci Velasquez,Jon Secada
Jaci Velasquez,Wilkins
Jaci Velasquez,Emmanuel
Jaci Velasquez,Chayanne
Jaci Velasquez,Gilberto Santa Rosa
Jaci Velasquez,Ricky Martin
Jaci Velasquez,José José
Jaci Velasquez,Melina León
Jaci Velasquez,Yuri
Jaci Velasquez,Paulina Rubio
Jaci Velasquez,Miguel Bosé
Jaci Velasquez,Celia Cruz
Jaci Velasquez,Christina Aguilera
Jaci Velasquez,Grupo Límite
Jaci Velasquez,Ana Gabriel
Alicia Villarreal,Carlos Ponce
Alicia Villarreal,Alejandro Sanz
Alicia Villarreal,Jon Secada
Alicia Villarreal,Wilkins
Alicia Villarreal,Emmanuel
Alicia Villarreal,Chayanne
Alicia Villarreal,Gilberto Santa Rosa
Alicia Villarreal,Ricky Martin
Alicia Villarreal,José José
Alicia Villarreal,Melina León
Alicia Villarreal,Yuri
Alicia Villarreal,Paulina Rubio
Alicia Villarreal,Miguel Bosé
Alicia Villarreal,Celia Cruz
Alicia Villarreal,Christina Aguilera
Alicia Villarreal,Grupo Límite
Alicia Villarreal,Ana Gabriel
Carlos Ponce,Alejandro Sanz
Carlos Ponce,Jon Secada
Carlos Ponce,Wilkins
Carlos Ponce,Emmanuel
Carlos Ponce,Chayanne
Carlos Ponce,Gilberto Santa Rosa
Carlos Ponce,Ricky Martin
Carlos Ponce,José José
Carlos Ponce,Melina León
Carlos Ponce,Yuri
Carlos Ponce,Paulina Rubio
Carlos Ponce,Miguel Bosé
Carlos Ponce,Celia Cruz
Carlos Ponce,Christina Aguilera
Carlos Ponce,Grupo Límite
Carlos Ponce,Ana Gabriel
Alejandro Sanz,Jon Secada
Alejandro Sanz,Wilkins
Alejandro Sanz,Emmanuel
Alejandro Sanz,Chayanne
Alejandro Sanz,Gilberto Santa Rosa
Alejandro Sanz,Ricky Martin
Alejandro Sanz,José José
Alejandro Sanz,Melina León
Alejandro Sanz,Yuri
Alejandro Sanz,Paulina Rubio
Alejandro Sanz,Miguel Bosé
Alejandro Sanz,Celia Cruz
Alejandro Sanz,Christina Aguilera
Alejandro Sanz,Grupo Límite
Alejandro Sanz,Ana Gabriel
Jon Secada,Wilkins
Jon Secada,Emmanuel
Jon Secada,Chayanne
Jon Secada,Gilberto Santa Rosa
Jon Secada,Ricky Martin
Jon Secada,José José
Jon Secada,Melina León
Jon Secada,Yuri
Jon Secada,Paulina Rubio
Jon Secada,Miguel Bosé
Jon Secada,Celia Cruz
Jon Secada,Christina Aguilera
Jon Secada,Grupo Límite
Jon Secada,Ana Gabriel
Wilkins,Emmanuel
Wilkins,Chayanne
Wilkins,Gilberto Santa Rosa
Wilkins,Ricky Martin
Wilkins,José José
Wilkins,Melina León
Wilkins,Yuri
Wilkins,Paulina Rubio
Wilkins,Miguel Bosé
Wilkins,Celia Cruz
Wilkins,Christina Aguilera
Wilkins,Grupo Límite
Wilkins,Ana Gabriel
Emmanuel,Chayanne
Emmanuel,Gilberto Santa Rosa
Emmanuel,Ricky Martin
Emmanuel,José José
Emmanuel,Melina León
Emmanuel,Yuri
Emmanuel,Paulina Rubio
Emmanuel,Miguel Bosé
Emmanuel,Celia Cruz
Emmanuel,Christina Aguilera
Emmanuel,Grupo Límite
Emmanuel,Ana Gabriel
Chayanne,Gilberto Santa Rosa
Chayanne,Ricky Martin
Chayanne,José José
Chayanne,Melina León
Chayanne,Yuri
Chayanne,Paulina Rubio
Chayanne,Miguel Bosé
Chayanne,Celia Cruz
Chayanne,Christina Aguilera
Chayanne,Grupo Límite
Chayanne,Ana Gabriel
Gilberto Santa Rosa,Ricky Martin
Gilberto Santa Rosa,José José
Gilberto Santa Rosa,Melina León
Gilberto Santa Rosa,Yuri
Gilberto Santa Rosa,Paulina Rubio
Gilberto Santa Rosa,Miguel Bosé
Gilberto Santa Rosa,Celia Cruz
Gilberto Santa Rosa,Christina Aguilera
Gilberto Santa Rosa,Grupo Límite
Gilberto Santa Rosa,Ana Gabriel
Ricky Martin,José José
Ricky Martin,Melina León
Ricky Martin,Yuri
Ricky Martin,Paulina Rubio
Ricky Martin,Miguel Bosé
Ricky Martin,Celia Cruz
Ricky Martin,Christina Aguilera
Ricky Martin,Grupo Límite
Ricky Martin,Ana Gabriel
José José,Melina León
José José,Yuri
José José,Paulina Rubio
José José,Miguel Bosé
José José,Celia Cruz
José José,Christina Aguilera
José José,Grupo Límite
José José,Ana Gabriel
Melina León,Yuri
Melina León,Paulina Rubio
Melina León,Miguel Bosé
Melina León,Celia Cruz
Melina León,Christina Aguilera
Melina León,Grupo Límite
Melina León,Ana Gabriel
Yuri,Paulina Rubio
Yuri,Miguel Bosé
Yuri,Celia Cruz
Yuri,Christina Aguilera
Yuri,Grupo Límite
Yuri,Ana Gabriel
Paulina Rubio,Miguel Bosé
Paulina Rubio,Celia Cruz
Paulina Rubio,Christina Aguilera
Paulina Rubio,Grupo Límite
Paulina Rubio,Ana Gabriel
Miguel Bosé,Celia Cruz
Miguel Bosé,Christina Aguilera
Miguel Bosé,Grupo Límite
Miguel Bosé,Ana Gabriel
Celia Cruz,Christina Aguilera
Celia Cruz,Grupo Límite
Celia Cruz,Ana Gabriel
Christina Aguilera,Grupo Límite
Christina Aguilera,Ana Gabriel
Grupo Límite,Ana Gabriel
Fuerza Regida,Shakira
Kid Cudi,Shakira
Kid Cudi,Shakira
Fuerza Regida,Shakira
David Guetta,Black Eyed Peas
David Guetta,Shakira
Black Eyed Peas,Shakira
Papatinho,Shakira
David Guetta,Black Eyed Peas
David Guetta,Shakira
Black Eyed Peas,Shakira
David Guetta,Black Eyed Peas
David Guetta,Shakira
Black Eyed Peas,Shakira
David Guetta,Black Eyed Peas
David Guetta,Shakira
Black Eyed Peas,Shakira
Kid Cudi,Shakira
Kid Cudi,Shakira
David Guetta,Black Eyed Peas
David Guetta,Shakira
Black Eyed Peas,Shakira
Kid Cudi,Shakira
Kid Cudi,Shakira
Céline Dion,Cher
Céline Dion,Shakira
Céline Dion,Anastacia
Cher,Shakira
Cher,Anastacia
Shakira,Anastacia
Kid Cudi,Shakira
Céline Dion,Cher
Céline Dion,Shakira
Céline Dion,Anastacia
Cher,Shakira
Cher,Anastacia
Shakira,Anastacia
Black Eyed Peas,Shakira
Black Eyed Peas,Shakira
Wyclef Jean,Shakira
Black Eyed Peas,Shakira
Pitbull,Shakira
Wyclef Jean,Shakira
Lil Wayne,Shakira
Lil Wayne,Shakira
Residente,Shakira
Wyclef Jean,Shakira
راغب علامة,Shakira
Timbaland,Shakira
Wyclef Jean,Shakira
Pitbull,Shakira
Wyclef Jean,Shakira
Beto Cuevas,Miguel Bosé
Beto Cuevas,Juanes
Beto Cuevas,Fher Olvera
Beto Cuevas,Alejandro Sanz
Beto Cuevas,Shakira
Beto Cuevas,Juan Luis Guerra
Beto Cuevas,Laura Pausini
Beto Cuevas,Michael Bublé
Miguel Bosé,Juanes
Miguel Bosé,Fher Olvera
Miguel Bosé,Alejandro Sanz
Miguel Bosé,Shakira
Miguel Bosé,Juan Luis Guerra
Miguel Bosé,Laura Pausini
Miguel Bosé,Michael Bublé
Juanes,Fher Olvera
Juanes,Alejandro Sanz
Juanes,Shakira
Juanes,Juan Luis Guerra
Juanes,Laura Pausini
Juanes,Michael Bublé
Fher Olvera,Alejandro Sanz
Fher Olvera,Shakira
Fher Olvera,Juan Luis Guerra
Fher Olvera,Laura Pausini
Fher Olvera,Michael Bublé
Alejandro Sanz,Shakira
Alejandro Sanz,Juan Luis Guerra
Alejandro Sanz,Laura Pausini
Alejandro Sanz,Michael Bublé
Shakira,Juan Luis Guerra
Shakira,Laura Pausini
Shakira,Michael Bublé
Juan Luis Guerra,Laura Pausini
Juan Luis Guerra,Michael Bublé
Laura Pausini,Michael Bublé
Wyclef Jean,Shakira
Wyclef Jean,Shakira
Wyclef Jean,Shakira
Lil Wayne,Shakira
Wyclef Jean,Shakira
Black Eyed Peas,Shakira
Residente,Shakira
Usher,Shakira
Usher,Stevie Wonder
Shakira,Stevie Wonder
Pitbull,Shakira
Black Eyed Peas,Shakira
Wyclef Jean,Shakira
Carlos Santana,Shakira
Wyclef Jean,Shakira
Ed Sheeran,Beéle
Ed Sheeran,Shakira
Beéle,Shakira
Wyclef Jean,Shakira
Wyclef Jean,Shakira
Wyclef Jean,Shakira
Wyclef Jean,Shakira
Carlos Santana,Shakira
Wyclef Jean,Shakira
Wyclef Jean,Shakira
Wyclef Jean,Shakira
Wyclef Jean,Shakira
Wyclef Jean,Shakira
Wyclef Jean,Shakira
Wyclef Jean,Shakira
The Roots,Shakira
Wyclef Jean,Shakira
Wyclef Jean,Shakira
Wyclef Jean,Shakira
Wyclef Jean,Shakira
Wyclef Jean,Shakira
Santana,Shakira
Wyclef Jean,Shakira
Carlos Santana,Shakira
Wyclef Jean,Shakira
Carlos Santana,Shakira
Wyclef Jean,Shakira
Wyclef Jean,Shakira
Wyclef Jean,Shakira
Wyclef Jean,Shakira
Carlos Santana,Shakira
Carlos Santana,Shakira
Wyclef Jean,Shakira
Wyclef Jean,Shakira
Wyclef Jean,Shakira
Wyclef Jean,Shakira
Wyclef Jean,Shakira
Wyclef Jean,Shakira
Wyclef Jean,Shakira
Wyclef Jean,Shakira
Wyclef Jean,Shakira
Wyclef Jean,Shakira
Carlos Santana,Shakira
Carlos Santana,Shakira
Wyclef Jean,Shakira
Wyclef Jean,Shakira
Alejandro Sanz,Shakira
Wyclef Jean,Shakira
Carlinhos Brown,Shakira
Alejandro Sanz,Shakira
Carlos Vives,Shakira
Shakira,Pacha All Star Remix Team
Alejandro Sanz,Shakira
Beyoncé,Shakira
Wyclef Jean,Shakira
Alejandro Sanz,Shakira
Carlos Vives,Shakira
Shakira,Mercedes Sosa
Alejandro Sanz,Shakira
Carlos Vives,Shakira
Alejandro Sanz,Shakira
Alejandro Sanz,Shakira
Alejandro Sanz,Shakira
Bizarrap,Shakira
Mercedes Sosa,Shakira
Alejandro Sanz,Shakira
Carlos Vives,Shakira
Alejandro Sanz,Shakira
Alejandro Sanz,Shakira
Bizarrap,Shakira
Maluma,Carlos Vives
Maluma,Shakira
Carlos Vives,Shakira
Carlinhos Brown,Shakira
Shakira,Pacha All Star Remix Team
Shakira,Pacha All Star Remix Team
Carlos Vives,Shakira
Shakira,Pacha All Star Remix Team
Alejandro Sanz,Shakira
Alejandro Sanz,Shakira
DJ ICE,Shakira
Alejandro Sanz,Shakira
Alejandro Sanz,Shakira
Alejandro Sanz,Shakira
Bizarrap,Shakira
Shakira,Pacha All Star Remix Team
Alejandro Sanz,Shakira
Carlos Vives,Shakira
Mercedes Sosa,Shakira
Dizzee Rascal,Shakira
Pitbull,Shakira
El Cata,Shakira
Dizzee Rascal,Shakira
DJ ICE,Shakira
El Cata,Shakira
Dizzee Rascal,Shakira
El Cata,Shakira
Dizzee Rascal,Shakira
Sharam,Shakira
Dizzee Rascal,Shakira
Dizzee Rascal,Shakira
Dizzee Rascal,Shakira
Shakira,Blake Shelton
Dizzee Rascal,Shakira
Shakira,Pacha All Star Remix Team
Shakira,Anuel AA
Dizzee Rascal,Shakira
Dizzee Rascal,Shakira
Dizzee Rascal,Shakira
Dizzee Rascal,Shakira
Maná,Shakira
Dizzee Rascal,Shakira
Dizzee Rascal,Shakira
Dizzee Rascal,Shakira
Dizzee Rascal,Shakira
Dizzee Rascal,Shakira
El Cata,Shakira
Dizzee Rascal,Shakira
El Cata,Shakira
Shakira,Pacha All Star Remix Team
Dizzee Rascal,Shakira
Dizzee Rascal,Shakira
Dizzee Rascal,Shakira
El Cata,Shakira
Maná,Shakira
Shakira,Pacha All Star Remix Team
Kid Cudi,Shakira
Dizzee Rascal,Shakira
Pitbull,Shakira
Ozuna,Shakira
Gustavo Cerati,Shakira
DJ ICE,Shakira
Ozuna,Shakira
Ozuna,Shakira
Gustavo Cerati,Shakira
Ozuna,Shakira
Nicky Jam,Shakira
NFL,Jennifer Lopez
NFL,Shakira
Jennifer Lopez,Shakira
Pitbull,Shakira
El Cata,Shakira
El Cata,Shakira
Cardi B,Shakira
El Cata,Shakira
El Cata,Shakira
Pitbull,Shakira
Nicky Jam,Shakira
Pitbull,Shakira
Pitbull,Shakira
Cardi B,Shakira
Cardi B,Shakira
Jennifer Lopez,Shakira
Usher,Dizzee Rascal
Usher,Kesha
Usher,B.o.B
Usher,Shakira
Usher,Eliza
Dizzee Rascal,Kesha
Dizzee Rascal,B.o.B
Dizzee Rascal,Shakira
Dizzee Rascal,Eliza
Kesha,B.o.B
Kesha,Shakira
Kesha,Eliza
B.o.B,Shakira
B.o.B,Eliza
Shakira,Eliza
Pitbull,Shakira
Cardi B,Shakira
Pitbull,Shakira
Cardi B,Shakira
Cardi B,Shakira
Pitbull,Shakira
Pitbull,Shakira
Pitbull,Shakira
Cardi B,Shakira
Pitbull,Shakira
El Cata,Shakira
Bizarrap,Shakira
Pitbull,Shakira
Pitbull,Shakira
DJ ICE,Shakira
Pitbull,Shakira
El Cata,Shakira
Pitbull,Shakira
El Cata,Shakira
Kelly Brook,Shakira
Bizarrap,Shakira
El Cata,Shakira
Alejandro Sanz,Shakira
Pitbull,Shakira
Pitbull,Shakira
Bizarrap,Shakira
El Cata,Shakira
Dora the Explorer,Shakira
KAROL G,Shakira
Mariah Carey,Maroon 5
Mariah Carey,Sting
Mariah Carey,Jamie Foxx
Mariah Carey,will.i.am
Mariah Carey,Alicia Keys
Mariah Carey,Shakira
Mariah Carey,Mary J. Blige
Mariah Carey,Beyoncé
Mariah Carey,Stevie Wonder
Maroon 5,Sting
Maroon 5,Jamie Foxx
Maroon 5,will.i.am
Maroon 5,Alicia Keys
Maroon 5,Shakira
Maroon 5,Mary J. Blige
Maroon 5,Beyoncé
Maroon 5,Stevie Wonder
Sting,Jamie Foxx
Sting,will.i.am
Sting,Alicia Keys
Sting,Shakira
Sting,Mary J. Blige
Sting,Beyoncé
Sting,Stevie Wonder
Jamie Foxx,will.i.am
Jamie Foxx,Alicia Keys
Jamie Foxx,Shakira
Jamie Foxx,Mary J. Blige
Jamie Foxx,Beyoncé
Jamie Foxx,Stevie Wonder
will.i.am,Alicia Keys
will.i.am,Shakira
will.i.am,Mary J. Blige
will.i.am,Beyoncé
will.i.am,Stevie Wonder
Alicia Keys,Shakira
Alicia Keys,Mary J. Blige
Alicia Keys,Beyoncé
Alicia Keys,Stevie Wonder
Shakira,Mary J. Blige
Shakira,Beyoncé
Shakira,Stevie Wonder
Mary J. Blige,Beyoncé
Mary J. Blige,Stevie Wonder
Beyoncé,Stevie Wonder
Gustavo Cerati,Shakira
Wyclef Jean,Shakira
Rauw Alejandro,Shakira
KAROL G,Shakira
Maluma,Shakira
Eric Clapton,Pedro Aznar
Eric Clapton,Shakira
Eric Clapton,Gustavo Cerati
Eric Clapton,Roger Waters
Pedro Aznar,Shakira
Pedro Aznar,Gustavo Cerati
Pedro Aznar,Roger Waters
Shakira,Gustavo Cerati
Shakira,Roger Waters
Gustavo Cerati,Roger Waters
Rauw Alejandro,Shakira
Miguel Bosé,Shakira
Wyclef Jean,Shakira
Alejandro Sanz,Shakira
Alejandro Sanz,Shakira
Wyclef Jean,Shakira
Alejandro Sanz,Shakira
Alejandro Sanz,Shakira
Alejandro Sanz,Shakira
Wyclef Jean,Shakira
Alejandro Sanz,Shakira
Alejandro Sanz,Shakira
KAROL G,Shakira
Rauw Alejandro,Shakira
Gustavo Cerati,Shakira
Gigi D’Agostino,Shakira
Rauw Alejandro,Shakira
Miguel Bosé,Shakira
Pedro Capó,J Balvin
Pedro Capó,Shakira
J Balvin,Shakira
Shakira,Freshlyground
Shakira,Freshlyground
Shakira,Freshlyground
Shakira,Freshlyground
Shakira,Freshlyground
Shakira,Freshlyground
DJ ICE,Shakira
Shakira,Freshlyground
Shakira,Freshlyground
Pedro Capó,Camilo
Pedro Capó,Shakira
Camilo,Shakira
Shakira,Freshlyground
Shakira,Freshlyground
Shakira,Freshlyground
Dream Ami,Shakira
MAGIC!,Shakira
Abel Pintos,David Bisbal
Abel Pintos,Jesse & Joy
Abel Pintos,Niña Pastori
Abel Pintos,Antonio Carmona
Abel Pintos,Antonio Orozco
Abel Pintos,Rozalén
Abel Pintos,Juanes
Abel Pintos,India Martínez
Abel Pintos,Pablo Alborán
Abel Pintos,Pablo López
Abel Pintos,Alejandro Sanz
Abel Pintos,Manuel Carrasco
Abel Pintos,Malú
Abel Pintos,Shakira
Abel Pintos,Laura Pausini
Abel Pintos,Tommy Torres
Abel Pintos,Vanesa Martín
David Bisbal,Jesse & Joy
David Bisbal,Niña Pastori
David Bisbal,Antonio Carmona
David Bisbal,Antonio Orozco
David Bisbal,Rozalén
David Bisbal,Juanes
David Bisbal,India Martínez
David Bisbal,Pablo Alborán
David Bisbal,Pablo López
David Bisbal,Alejandro Sanz
David Bisbal,Manuel Carrasco
David Bisbal,Malú
David Bisbal,Shakira
David Bisbal,Laura Pausini
David Bisbal,Tommy Torres
David Bisbal,Vanesa Martín
Jesse & Joy,Niña Pastori
Jesse & Joy,Antonio Carmona
Jesse & Joy,Antonio Orozco
Jesse & Joy,Rozalén
Jesse & Joy,Juanes
Jesse & Joy,India Martínez
Jesse & Joy,Pablo Alborán
Jesse & Joy,Pablo López
Jesse & Joy,Alejandro Sanz
Jesse & Joy,Manuel Carrasco
Jesse & Joy,Malú
Jesse & Joy,Shakira
Jesse & Joy,Laura Pausini
Jesse & Joy,Tommy Torres
Jesse & Joy,Vanesa Martín
Niña Pastori,Antonio Carmona
Niña Pastori,Antonio Orozco
Niña Pastori,Rozalén
Niña Pastori,Juanes
Niña Pastori,India Martínez
Niña Pastori,Pablo Alborán
Niña Pastori,Pablo López
Niña Pastori,Alejandro Sanz
Niña Pastori,Manuel Carrasco
Niña Pastori,Malú
Niña Pastori,Shakira
Niña Pastori,Laura Pausini
Niña Pastori,Tommy Torres
Niña Pastori,Vanesa Martín
Antonio Carmona,Antonio Orozco
Antonio Carmona,Rozalén
Antonio Carmona,Juanes
Antonio Carmona,India Martínez
Antonio Carmona,Pablo Alborán
Antonio Carmona,Pablo López
Antonio Carmona,Alejandro Sanz
Antonio Carmona,Manuel Carrasco
Antonio Carmona,Malú
Antonio Carmona,Shakira
Antonio Carmona,Laura Pausini
Antonio Carmona,Tommy Torres
Antonio Carmona,Vanesa Martín
Antonio Orozco,Rozalén
Antonio Orozco,Juanes
Antonio Orozco,India Martínez
Antonio Orozco,Pablo Alborán
Antonio Orozco,Pablo López
Antonio Orozco,Alejandro Sanz
Antonio Orozco,Manuel Carrasco
Antonio Orozco,Malú
Antonio Orozco,Shakira
Antonio Orozco,Laura Pausini
Antonio Orozco,Tommy Torres
Antonio Orozco,Vanesa Martín
Rozalén,Juanes
Rozalén,India Martínez
Rozalén,Pablo Alborán
Rozalén,Pablo López
Rozalén,Alejandro Sanz
Rozalén,Manuel Carrasco
Rozalén,Malú
Rozalén,Shakira
Rozalén,Laura Pausini
Rozalén,Tommy Torres
Rozalén,Vanesa Martín
Juanes,India Martínez
Juanes,Pablo Alborán
Juanes,Pablo López
Juanes,Alejandro Sanz
Juanes,Manuel Carrasco
Juanes,Malú
Juanes,Shakira
Juanes,Laura Pausini
Juanes,Tommy Torres
Juanes,Vanesa Martín
India Martínez,Pablo Alborán
India Martínez,Pablo López
India Martínez,Alejandro Sanz
India Martínez,Manuel Carrasco
India Martínez,Malú
India Martínez,Shakira
India Martínez,Laura Pausini
India Martínez,Tommy Torres
India Martínez,Vanesa Martín
Pablo Alborán,Pablo López
Pablo Alborán,Alejandro Sanz
Pablo Alborán,Manuel Carrasco
Pablo Alborán,Malú
Pablo Alborán,Shakira
Pablo Alborán,Laura Pausini
Pablo Alborán,Tommy Torres
Pablo Alborán,Vanesa Martín
Pablo López,Alejandro Sanz
Pablo López,Manuel Carrasco
Pablo López,Malú
Pablo López,Shakira
Pablo López,Laura Pausini
Pablo López,Tommy Torres
Pablo López,Vanesa Martín
Alejandro Sanz,Manuel Carrasco
Alejandro Sanz,Malú
Alejandro Sanz,Shakira
Alejandro Sanz,Laura Pausini
Alejandro Sanz,Tommy Torres
Alejandro Sanz,Vanesa Martín
Manuel Carrasco,Malú
Manuel Carrasco,Shakira
Manuel Carrasco,Laura Pausini
Manuel Carrasco,Tommy Torres
Manuel Carrasco,Vanesa Martín
Malú,Shakira
Malú,Laura Pausini
Malú,Tommy Torres
Malú,Vanesa Martín
Shakira,Laura Pausini
Shakira,Tommy Torres
Shakira,Vanesa Martín
Laura Pausini,Tommy Torres
Laura Pausini,Vanesa Martín
Tommy Torres,Vanesa Martín
[Disney],Shakira
Shakira,Freshlyground
Shakira,Freshlyground
Shakira,Freshlyground
Shakira,Freshlyground
Shakira,Freshlyground
Abel Pintos,David Bisbal
Abel Pintos,Jesse & Joy
Abel Pintos,Niña Pastori
Abel Pintos,Antonio Carmona
Abel Pintos,Antonio Orozco
Abel Pintos,Rozalén
Abel Pintos,Juanes
Abel Pintos,India Martínez
Abel Pintos,Pablo Alborán
Abel Pintos,Pablo López
Abel Pintos,Alejandro Sanz
Abel Pintos,Manuel Carrasco
Abel Pintos,Malú
Abel Pintos,Shakira
Abel Pintos,Laura Pausini
Abel Pintos,Tommy Torres
Abel Pintos,Vanesa Martín
David Bisbal,Jesse & Joy
David Bisbal,Niña Pastori
David Bisbal,Antonio Carmona
David Bisbal,Antonio Orozco
David Bisbal,Rozalén
David Bisbal,Juanes
David Bisbal,India Martínez
David Bisbal,Pablo Alborán
David Bisbal,Pablo López
David Bisbal,Alejandro Sanz
David Bisbal,Manuel Carrasco
David Bisbal,Malú
David Bisbal,Shakira
David Bisbal,Laura Pausini
David Bisbal,Tommy Torres
David Bisbal,Vanesa Martín
Jesse & Joy,Niña Pastori
Jesse & Joy,Antonio Carmona
Jesse & Joy,Antonio Orozco
Jesse & Joy,Rozalén
Jesse & Joy,Juanes
Jesse & Joy,India Martínez
Jesse & Joy,Pablo Alborán
Jesse & Joy,Pablo López
Jesse & Joy,Alejandro Sanz
Jesse & Joy,Manuel Carrasco
Jesse & Joy,Malú
Jesse & Joy,Shakira
Jesse & Joy,Laura Pausini
Jesse & Joy,Tommy Torres
Jesse & Joy,Vanesa Martín
Niña Pastori,Antonio Carmona
Niña Pastori,Antonio Orozco
Niña Pastori,Rozalén
Niña Pastori,Juanes
Niña Pastori,India Martínez
Niña Pastori,Pablo Alborán
Niña Pastori,Pablo López
Niña Pastori,Alejandro Sanz
Niña Pastori,Manuel Carrasco
Niña Pastori,Malú
Niña Pastori,Shakira
Niña Pastori,Laura Pausini
Niña Pastori,Tommy Torres
Niña Pastori,Vanesa Martín
Antonio Carmona,Antonio Orozco
Antonio Carmona,Rozalén
Antonio Carmona,Juanes
Antonio Carmona,India Martínez
Antonio Carmona,Pablo Alborán
Antonio Carmona,Pablo López
Antonio Carmona,Alejandro Sanz
Antonio Carmona,Manuel Carrasco
Antonio Carmona,Malú
Antonio Carmona,Shakira
Antonio Carmona,Laura Pausini
Antonio Carmona,Tommy Torres
Antonio Carmona,Vanesa Martín
Antonio Orozco,Rozalén
Antonio Orozco,Juanes
Antonio Orozco,India Martínez
Antonio Orozco,Pablo Alborán
Antonio Orozco,Pablo López
Antonio Orozco,Alejandro Sanz
Antonio Orozco,Manuel Carrasco
Antonio Orozco,Malú
Antonio Orozco,Shakira
Antonio Orozco,Laura Pausini
Antonio Orozco,Tommy Torres
Antonio Orozco,Vanesa Martín
Rozalén,Juanes
Rozalén,India Martínez
Rozalén,Pablo Alborán
Rozalén,Pablo López
Rozalén,Alejandro Sanz
Rozalén,Manuel Carrasco
Rozalén,Malú
Rozalén,Shakira
Rozalén,Laura Pausini
Rozalén,Tommy Torres
Rozalén,Vanesa Martín
Juanes,India Martínez
Juanes,Pablo Alborán
Juanes,Pablo López
Juanes,Alejandro Sanz
Juanes,Manuel Carrasco
Juanes,Malú
Juanes,Shakira
Juanes,Laura Pausini
Juanes,Tommy Torres
Juanes,Vanesa Martín
India Martínez,Pablo Alborán
India Martínez,Pablo López
India Martínez,Alejandro Sanz
India Martínez,Manuel Carrasco
India Martínez,Malú
India Martínez,Shakira
India Martínez,Laura Pausini
India Martínez,Tommy Torres
India Martínez,Vanesa Martín
Pablo Alborán,Pablo López
Pablo Alborán,Alejandro Sanz
Pablo Alborán,Manuel Carrasco
Pablo Alborán,Malú
Pablo Alborán,Shakira
Pablo Alborán,Laura Pausini
Pablo Alborán,Tommy Torres
Pablo Alborán,Vanesa Martín
Pablo López,Alejandro Sanz
Pablo López,Manuel Carrasco
Pablo López,Malú
Pablo López,Shakira
Pablo López,Laura Pausini
Pablo López,Tommy Torres
Pablo López,Vanesa Martín
Alejandro Sanz,Manuel Carrasco
Alejandro Sanz,Malú
Alejandro Sanz,Shakira
Alejandro Sanz,Laura Pausini
Alejandro Sanz,Tommy Torres
Alejandro Sanz,Vanesa Martín
Manuel Carrasco,Malú
Manuel Carrasco,Shakira
Manuel Carrasco,Laura Pausini
Manuel Carrasco,Tommy Torres
Manuel Carrasco,Vanesa Martín
Malú,Shakira
Malú,Laura Pausini
Malú,Tommy Torres
Malú,Vanesa Martín
Shakira,Laura Pausini
Shakira,Tommy Torres
Shakira,Vanesa Martín
Laura Pausini,Tommy Torres
Laura Pausini,Vanesa Martín
Tommy Torres,Vanesa Martín
Kendrick Lamar,Funkadelic
Meek Mill,Kendrick Lamar
Ye,Meanz of Operation
Ye,Kendrick Lamar
Meanz of Operation,Kendrick Lamar
Dr. Dre,Jeremih
Dr. Dre,Kendrick Lamar
Jeremih,Kendrick Lamar
Kendrick Lamar,Funkadelic
Ye,Kendrick Lamar
Meek Mill,Kendrick Lamar
Paul McCartney,Ye
Paul McCartney,Theophilus London
Paul McCartney,Kendrick Lamar
Ye,Theophilus London
Ye,Kendrick Lamar
Theophilus London,Kendrick Lamar
Meek Mill,Kendrick Lamar
Kendrick Lamar,Ab‐Soul
J. Cole,Jeezy
J. Cole,Kendrick Lamar
Jeezy,Kendrick Lamar
Kendrick Lamar,SZA
Detail,Kendrick Lamar
Detail,Birdman
Detail,Rich Gang
Kendrick Lamar,Birdman
Kendrick Lamar,Rich Gang
Birdman,Rich Gang
J-Rock,Kendrick Lamar
2 Chainz,Paul McCartney
2 Chainz,Ye
2 Chainz,Kendrick Lamar
2 Chainz,Theophilus London
Paul McCartney,Ye
Paul McCartney,Kendrick Lamar
Paul McCartney,Theophilus London
Ye,Kendrick Lamar
Ye,Theophilus London
Kendrick Lamar,Theophilus London
SZA,Kendrick Lamar
SZA,Kendrick Lamar
Ye,Kendrick Lamar
Meek Mill,Kendrick Lamar
Ace Hood,Mack Maine
Ace Hood,Kendrick Lamar
Ace Hood,Birdman
Mack Maine,Kendrick Lamar
Mack Maine,Birdman
Kendrick Lamar,Birdman
will.i.am,Fergie
will.i.am,Kendrick Lamar
will.i.am,Beyoncé
Fergie,Kendrick Lamar
Fergie,Beyoncé
Kendrick Lamar,Beyoncé
J. Cole,Jeezy
J. Cole,Kendrick Lamar
Jeezy,Kendrick Lamar
Roscoe,Kobe Honeycutt
Roscoe,Kendrick Lamar
Kobe Honeycutt,Kendrick Lamar
Birdman,DJ Khaled
Birdman,Mack Maine
Birdman,Kendrick Lamar
Birdman,Ace Hood
DJ Khaled,Mack Maine
DJ Khaled,Kendrick Lamar
DJ Khaled,Ace Hood
Mack Maine,Kendrick Lamar
Mack Maine,Ace Hood
Kendrick Lamar,Ace Hood
Kendrick Lamar,Funkadelic
Kendrick Lamar,SZA
Kendrick Lamar,Jay Rock
SZA,Kendrick Lamar
Lil Wayne,Jay Rock
Lil Wayne,Kendrick Lamar
Jay Rock,Kendrick Lamar
Kendrick Lamar,SZA
Skyzoo,Kendrick Lamar
Skyzoo,Jay Rock
Kendrick Lamar,Jay Rock
ScHoolboy Q,Kendrick Lamar
SZA,Kendrick Lamar
Detail,Kendrick Lamar
Detail,Birdman
Detail,Rich Gang
Kendrick Lamar,Birdman
Kendrick Lamar,Rich Gang
Birdman,Rich Gang
Kendrick Lamar,Playboi Carti
Kendrick Lamar,Jhené Aiko
Playboi Carti,Jhené Aiko
Kendrick Lamar,Beyoncé
Danny Brown,Kendrick Lamar
Danny Brown,Action Bronson
Danny Brown,A$AP Rocky
Danny Brown,Yelawolf
Danny Brown,Joey Bada$$
Kendrick Lamar,Action Bronson
Kendrick Lamar,A$AP Rocky
Kendrick Lamar,Yelawolf
Kendrick Lamar,Joey Bada$$
Action Bronson,A$AP Rocky
Action Bronson,Yelawolf
Action Bronson,Joey Bada$$
A$AP Rocky,Yelawolf
A$AP Rocky,Joey Bada$$
Yelawolf,Joey Bada$$
Dr. Dre,DJ Critical Hype
Dr. Dre,Kendrick Lamar
DJ Critical Hype,Kendrick Lamar
2 Chainz,Paul McCartney
2 Chainz,Ye
2 Chainz,Allan Kingdom
2 Chainz,Kendrick Lamar
2 Chainz,Theophilus London
Paul McCartney,Ye
Paul McCartney,Allan Kingdom
Paul McCartney,Kendrick Lamar
Paul McCartney,Theophilus London
Ye,Allan Kingdom
Ye,Kendrick Lamar
Ye,Theophilus London
Allan Kingdom,Kendrick Lamar
Allan Kingdom,Theophilus London
Kendrick Lamar,Theophilus London
Kendrick Lamar,Lily Kershaw
Big K.R.I.T.,Danny Brown
Big K.R.I.T.,Kendrick Lamar
Big K.R.I.T.,Action Bronson
Big K.R.I.T.,A$AP Rocky
Big K.R.I.T.,Yelawolf
Big K.R.I.T.,Joey Bada$$
Danny Brown,Kendrick Lamar
Danny Brown,Action Bronson
Danny Brown,A$AP Rocky
Danny Brown,Yelawolf
Danny Brown,Joey Bada$$
Kendrick Lamar,Action Bronson
Kendrick Lamar,A$AP Rocky
Kendrick Lamar,Yelawolf
Kendrick Lamar,Joey Bada$$
Action Bronson,A$AP Rocky
Action Bronson,Yelawolf
Action Bronson,Joey Bada$$
A$AP Rocky,Yelawolf
A$AP Rocky,Joey Bada$$
Yelawolf,Joey Bada$$
Ye,Kendrick Lamar
Ace Hood,Mack Maine
Ace Hood,Kendrick Lamar
Ace Hood,Birdman
Mack Maine,Kendrick Lamar
Mack Maine,Birdman
Kendrick Lamar,Birdman
JAY‐Z,Kendrick Lamar
Kendrick Lamar,DJ September 7th
Kendrick Lamar,Chris Brown
Dr. Dre,Kendrick Lamar
Kendrick Lamar,Playboi Carti
Kendrick Lamar,Jhené Aiko
Playboi Carti,Jhené Aiko
James Fauntleroy,Royce da 5′9″
James Fauntleroy,Kendrick Lamar
James Fauntleroy,Big Sean
Royce da 5′9″,Kendrick Lamar
Royce da 5′9″,Big Sean
Kendrick Lamar,Big Sean
Kendrick Lamar,Beyoncé
Detail,Rich Homie Quan
Detail,Kendrick Lamar
Rich Homie Quan,Kendrick Lamar
Kendrick Lamar,DJ September 7th
Dr. Dre,DJ Critical Hype
Dr. Dre,Kendrick Lamar
DJ Critical Hype,Kendrick Lamar
Mac Miller,Kendrick Lamar
Mac Miller,Black Hippy
Kendrick Lamar,Black Hippy
JAY‐Z,Kendrick Lamar
J. Cole,Kendrick Lamar
JAY‐Z,Kendrick Lamar
Jay Rock,Bow Wow
Jay Rock,Kendrick Lamar
Bow Wow,Kendrick Lamar
Kendrick Lamar,Frank Ocean
Kendrick Lamar,Quadron
JAY‐Z,Kendrick Lamar
JAY‐Z,Emeli Sandé
Kendrick Lamar,Emeli Sandé
Savannah,Kendrick Lamar
Mann,Kendrick Lamar
Mann,Shawn Chrys
Mann,Frank Ocean
Mann,Jah Free
Kendrick Lamar,Shawn Chrys
Kendrick Lamar,Frank Ocean
Kendrick Lamar,Jah Free
Shawn Chrys,Frank Ocean
Shawn Chrys,Jah Free
Frank Ocean,Jah Free
Taylor Swift,Kendrick Lamar
Ash Riser,Kendrick Lamar
JAY‐Z,Rick Ross
JAY‐Z,Kendrick Lamar
Rick Ross,Kendrick Lamar
Kendrick Lamar,Emeli Sandé
Kendrick Lamar,Mann
Kendrick Lamar,Frank Ocean
Mann,Frank Ocean
Travis Scott,Kendrick Lamar
Kendrick Lamar,Jay Rock
Tame Impala,Kendrick Lamar
Pharrell Williams,Kendrick Lamar
Drake,Kendrick Lamar
Drake,Elton John
Kendrick Lamar,Elton John
Kendrick Lamar,Smoke DZA
Ash Riser,Kendrick Lamar
Travis Scott,Kendrick Lamar
Kendrick Lamar,Black Hippy
Kendrick Lamar,Emeli Sandé
Taylor Swift,Kendrick Lamar
Taylor Swift,Kendrick Lamar
ScHoolboy Q,Kendrick Lamar
Taylor Swift,Kendrick Lamar
ScHoolboy Q,Kendrick Lamar
Taylor Swift,Kendrick Lamar
Dr. Dre,DJ Critical Hype
Dr. Dre,Kendrick Lamar
DJ Critical Hype,Kendrick Lamar
Taylor Swift,Kendrick Lamar
Kendrick Lamar,klav
Kendrick Lamar,Mann
Kendrick Lamar,Frank Ocean
Mann,Frank Ocean
JAY‐Z,Kendrick Lamar
Taylor Swift,Kendrick Lamar
Taylor Swift,Madonna
Taylor Swift,Kendrick Lamar
Madonna,Kendrick Lamar
ScHoolboy Q,Kendrick Lamar
toasty digital,Kendrick Lamar
Jay Rock,Dr. Dre
Jay Rock,DJ Critical Hype
Jay Rock,Kendrick Lamar
Dr. Dre,DJ Critical Hype
Dr. Dre,Kendrick Lamar
DJ Critical Hype,Kendrick Lamar
Taylor Swift,Kendrick Lamar
Taylor Swift,Kendrick Lamar
Tech N9ne,Big K.R.I.T.
Tech N9ne,Kendrick Lamar
Tech N9ne,mgk
Big K.R.I.T.,Kendrick Lamar
Big K.R.I.T.,mgk
Kendrick Lamar,mgk
Taylor Swift,Kendrick Lamar
Quadron,Kendrick Lamar
Lady Gaga,Kendrick Lamar
ScHoolboy Q,Kendrick Lamar
ScHoolboy Q,DJ September 7th
Kendrick Lamar,DJ September 7th
Kendrick Lamar,Quadron
Taylor Swift,Kendrick Lamar
Kendrick Lamar,DJ September 7th
ScHoolboy Q,Kendrick Lamar
Mac Miller,Kevin Gates
Mac Miller,Kendrick Lamar
Mac Miller,DJ Kay Slay
Mac Miller,Rell
Kevin Gates,Kendrick Lamar
Kevin Gates,DJ Kay Slay
Kevin Gates,Rell
Kendrick Lamar,DJ Kay Slay
Kendrick Lamar,Rell
DJ Kay Slay,Rell
Kendrick Lamar,E‐40
Jidenna,Kendrick Lamar
Dr. Dre,Kendrick Lamar
Dr. Dre,Kendrick Lamar
Kendrick Lamar,Clipse
Kendrick Lamar,Rapsody
Drake,Kendrick Lamar
Dubb,Topic
Dubb,Kendrick Lamar
Dubb,Eastwood
Dubb,Jay Rock
Dubb,Ya Boy
Dubb,The Game
Topic,Kendrick Lamar
Topic,Eastwood
Topic,Jay Rock
Topic,Ya Boy
Topic,The Game
Kendrick Lamar,Eastwood
Kendrick Lamar,Jay Rock
Kendrick Lamar,Ya Boy
Kendrick Lamar,The Game
Eastwood,Jay Rock
Eastwood,Ya Boy
Eastwood,The Game
Jay Rock,Ya Boy
Jay Rock,The Game
Ya Boy,The Game
Kendrick Lamar,Jay Rock
Big Sean,Kendrick Lamar
Big Sean,Jay Electronica
Kendrick Lamar,Jay Electronica
Dr. Dre,DJ Critical Hype
Dr. Dre,Kendrick Lamar
DJ Critical Hype,Kendrick Lamar
Dr. Dre,Kendrick Lamar
Dr. Dre,Kendrick Lamar
ScHoolboy Q,Kendrick Lamar
Freddie Gibbs,Kendrick Lamar
ScHoolboy Q,Kendrick Lamar
Kendrick Lamar,Gunplay
Bruno Mars,The Weeknd
Bruno Mars,Kendrick Lamar
Bruno Mars,Dua Lipa
Bruno Mars,The Chainsmokers
Bruno Mars,Sia
Bruno Mars,Daft Punk
Bruno Mars,Phoebe Ryan
Bruno Mars,Tove Lo
The Weeknd,Kendrick Lamar
The Weeknd,Dua Lipa
The Weeknd,The Chainsmokers
The Weeknd,Sia
The Weeknd,Daft Punk
The Weeknd,Phoebe Ryan
The Weeknd,Tove Lo
Kendrick Lamar,Dua Lipa
Kendrick Lamar,The Chainsmokers
Kendrick Lamar,Sia
Kendrick Lamar,Daft Punk
Kendrick Lamar,Phoebe Ryan
Kendrick Lamar,Tove Lo
Dua Lipa,The Chainsmokers
Dua Lipa,Sia
Dua Lipa,Daft Punk
Dua Lipa,Phoebe Ryan
Dua Lipa,Tove Lo
The Chainsmokers,Sia
The Chainsmokers,Daft Punk
The Chainsmokers,Phoebe Ryan
The Chainsmokers,Tove Lo
Sia,Daft Punk
Sia,Phoebe Ryan
Sia,Tove Lo
Daft Punk,Phoebe Ryan
Daft Punk,Tove Lo
Phoebe Ryan,Tove Lo
Kendrick Lamar,H.O.P.E.
Kendrick Lamar,Big Sean
Kendrick Lamar,Jay Electronica
Big Sean,Jay Electronica
DJ Dave,BO
DJ Dave,Kendrick Lamar
DJ Dave,Jay Rock
DJ Dave,DJ Skee
DJ Dave,DJ Ill Will
BO,Kendrick Lamar
BO,Jay Rock
BO,DJ Skee
BO,DJ Ill Will
Kendrick Lamar,Jay Rock
Kendrick Lamar,DJ Skee
Kendrick Lamar,DJ Ill Will
Jay Rock,DJ Skee
Jay Rock,DJ Ill Will
DJ Skee,DJ Ill Will
Lil Wayne,Kendrick Lamar
Lil Wayne,Future
Kendrick Lamar,Future
Major Lazer,Jidenna
Major Lazer,Kendrick Lamar
Major Lazer,DJ Snake
Jidenna,Kendrick Lamar
Jidenna,DJ Snake
Kendrick Lamar,DJ Snake
Kendrick Lamar,Gunplay
Dr. Dre,Kendrick Lamar
Kendrick Lamar,DJ September 7th
Jay Rock,Kendrick Lamar
Dr. Dre,Kendrick Lamar
Simina Grigoriu,Ramones
Simina Grigoriu,Kendrick Lamar
Ramones,Kendrick Lamar
ScHoolboy Q,Kendrick Lamar
Future,Mike WiLL Made‐It
Future,Kendrick Lamar
Future,Lil Wayne
Mike WiLL Made‐It,Kendrick Lamar
Mike WiLL Made‐It,Lil Wayne
Kendrick Lamar,Lil Wayne
Kendrick Lamar,Quavo
Kendrick Lamar,J. Cole
Kendrick Lamar,Travis Scott
Kendrick Lamar,Juicy J
Quavo,J. Cole
Quavo,Travis Scott
Quavo,Juicy J
J. Cole,Travis Scott
J. Cole,Juicy J
Travis Scott,Juicy J
Dr. Dre,Kendrick Lamar
Lil Wayne,Kendrick Lamar
Lil Wayne,Jay Rock
Kendrick Lamar,Jay Rock
T.I.,Jidenna
T.I.,Kendrick Lamar
Jidenna,Kendrick Lamar
Kendrick Lamar,Rapsody
ScHoolboy Q,Kendrick Lamar
Kendrick Lamar,Clipse
Kendrick Lamar,Clipse
Kendrick Lamar,Rapsody
Drake,Kendrick Lamar
Kendrick Lamar,Rapsody
Kendrick Lamar,Rapsody
Kendrick Lamar,Gunplay
Kendrick Lamar,Jay Rock
Kendrick Lamar,Ab‐Soul
Jay Rock,Ab‐Soul
ScHoolboy Q,Kendrick Lamar
ScHoolboy Q,DJ September 7th
Kendrick Lamar,DJ September 7th
Kendrick Lamar,DJ September 7th
ScHoolboy Q,Kendrick Lamar
Dr. Dre,DJ Critical Hype
Dr. Dre,Kendrick Lamar
DJ Critical Hype,Kendrick Lamar
Kendrick Lamar,Jay Rock
toasty digital,Kendrick Lamar
Sore Losers,Kendrick Lamar
Sore Losers,Jay Rock
Kendrick Lamar,Jay Rock
Kendrick Lamar,Jay Electronica
Kendrick Lamar,Jay Rock
Kendrick Lamar,Big Sean
Kendrick Lamar,Ab‐Soul
Jay Electronica,Jay Rock
Jay Electronica,Big Sean
Jay Electronica,Ab‐Soul
Jay Rock,Big Sean
Jay Rock,Ab‐Soul
Big Sean,Ab‐Soul
Jidenna,Kendrick Lamar
Big Sean,Kendrick Lamar
Big Sean,Jay Electronica
Kendrick Lamar,Jay Electronica
ScHoolboy Q,Kendrick Lamar
Punch,Kendrick Lamar
Punch,Kendrick Lamar
Jay Rock,ScHoolboy Q
Jay Rock,Kendrick Lamar
Jay Rock,Ab‐Soul
ScHoolboy Q,Kendrick Lamar
ScHoolboy Q,Ab‐Soul
Kendrick Lamar,Ab‐Soul
DJ Dave,Kendrick Lamar
DJ Dave,Jay Rock
Kendrick Lamar,Jay Rock
Dr. Dre,Kendrick Lamar
Dr. Dre,DJ September 7th
Kendrick Lamar,DJ September 7th
Droop‐E,Kendrick Lamar
Droop‐E,E‐40
Kendrick Lamar,E‐40
K‐Boy,Kendrick Lamar
Maroon 5,Kendrick Lamar
Wallie the Sensei,Roddy Ricch
Wallie the Sensei,Kendrick Lamar
Wallie the Sensei,Siete7x
Roddy Ricch,Kendrick Lamar
Roddy Ricch,Siete7x
Kendrick Lamar,Siete7x
Mayer Hawthorne,Kendrick Lamar
Blu,Pac Div
Blu,Kendrick Lamar
Pac Div,Kendrick Lamar
Terrace Martin,Wiz Khalifa
Terrace Martin,Kendrick Lamar
Wiz Khalifa,Kendrick Lamar
Maroon 5,Kendrick Lamar
Blxst,Amanda Reifer
Blxst,Kendrick Lamar
Amanda Reifer,Kendrick Lamar
Ye,Jeen
Ye,Kendrick Lamar
Ye,Pusha T
Jeen,Kendrick Lamar
Jeen,Pusha T
Kendrick Lamar,Pusha T
Blu,Pac Div
Blu,Kendrick Lamar
Pac Div,Kendrick Lamar
Jay Rock,Kendrick Lamar
Jay Rock,Microphone Tone
Kendrick Lamar,Microphone Tone
ScHoolboy Q,Kendrick Lamar
Maroon 5,Kendrick Lamar
Dr. Dre,DJ Critical Hype
Dr. Dre,Kendrick Lamar
DJ Critical Hype,Kendrick Lamar
Blxst,Amanda Reifer
Blxst,Kendrick Lamar
Amanda Reifer,Kendrick Lamar
Ye,Kendrick Lamar
Kendrick Lamar,Jay Electronica
Terrace Martin,Wiz Khalifa
Terrace Martin,Kendrick Lamar
Wiz Khalifa,Kendrick Lamar
Kendrick Lamar,Jay Rock
Kendrick Lamar,Ab‐Soul
Jay Rock,Ab‐Soul
Kendrick Lamar,Jay Electronica
Wallie the Sensei,Roddy Ricch
Wallie the Sensei,Kendrick Lamar
Wallie the Sensei,Siete7x
Roddy Ricch,Kendrick Lamar
Roddy Ricch,Siete7x
Kendrick Lamar,Siete7x
toasty digital,Kendrick Lamar
Kendrick Lamar,TheMusicNerdGuy
Kendrick Lamar,Erykah Badu
Terrace Martin,Wiz Khalifa
Terrace Martin,Kendrick Lamar
Wiz Khalifa,Kendrick Lamar
Kendrick Lamar,Jay Rock
Kendrick Lamar,Giddy
Jay Rock,Giddy
Nipsey Hussle,Kendrick Lamar
Maroon 5,Kendrick Lamar
Kendrick Lamar,Siete7x
Kendrick Lamar,Roddy Ricch
Kendrick Lamar,Wallie the Sensei
Kendrick Lamar,Don Toliver
Siete7x,Roddy Ricch
Siete7x,Wallie the Sensei
Siete7x,Don Toliver
Roddy Ricch,Wallie the Sensei
Roddy Ricch,Don Toliver
Wallie the Sensei,Don Toliver
André 3000,Kendrick Lamar
N*E*R*D,Kendrick Lamar
Nipsey Hussle,Kendrick Lamar
Ash Riser,Kendrick Lamar
Blxst,Amanda Reifer
Blxst,Kendrick Lamar
Amanda Reifer,Kendrick Lamar
Dr. Dre,Marsha Ambrosius
Dr. Dre,Mez
Dr. Dre,Kendrick Lamar
Marsha Ambrosius,Mez
Marsha Ambrosius,Kendrick Lamar
Mez,Kendrick Lamar
Blu,Pac Div
Blu,Kendrick Lamar
Pac Div,Kendrick Lamar
Wallie the Sensei,Roddy Ricch
Wallie the Sensei,Kendrick Lamar
Wallie the Sensei,Siete7x
Roddy Ricch,Kendrick Lamar
Roddy Ricch,Siete7x
Kendrick Lamar,Siete7x
Maroon 5,Kendrick Lamar
Terrace Martin,Wiz Khalifa
Terrace Martin,Kendrick Lamar
Wiz Khalifa,Kendrick Lamar
Anderson .Paak,Dr. Dre
Anderson .Paak,Justus
Anderson .Paak,Kendrick Lamar
Dr. Dre,Justus
Dr. Dre,Kendrick Lamar
Justus,Kendrick Lamar
Blxst,Amanda Reifer
Blxst,Kendrick Lamar
Amanda Reifer,Kendrick Lamar
Kendrick Lamar,ZZ Ward
Wiz Khalifa,Kendrick Lamar
Talib Kweli,Kendrick Lamar
Talib Kweli,Mac Miller
Kendrick Lamar,Mac Miller
Kendrick Lamar,Black Hippy
Kendrick Lamar,Rick Ross
Black Hippy,Rick Ross
Kendrick Lamar,Jay Rock
Blxst,Amanda Reifer
Blxst,Kendrick Lamar
Amanda Reifer,Kendrick Lamar
Anderson .Paak,Dr. Dre
Anderson .Paak,Justus
Anderson .Paak,Kendrick Lamar
Dr. Dre,Justus
Dr. Dre,Kendrick Lamar
Justus,Kendrick Lamar
Wallie the Sensei,Roddy Ricch
Wallie the Sensei,Kendrick Lamar
Wallie the Sensei,Siete7x
Roddy Ricch,Kendrick Lamar
Roddy Ricch,Siete7x
Kendrick Lamar,Siete7x
Mayer Hawthorne,Kendrick Lamar
Mayer Hawthorne,Kendrick Lamar
Kendrick Lamar,Julio G
Wallie the Sensei,Roddy Ricch
Wallie the Sensei,Kendrick Lamar
Wallie the Sensei,Siete7x
Roddy Ricch,Kendrick Lamar
Roddy Ricch,Siete7x
Kendrick Lamar,Siete7x
Kendrick Lamar,SZA
Sampha,Kendrick Lamar
Kendrick Lamar,SiR
Maroon 5,Kendrick Lamar
Sampha,Kendrick Lamar
Kendrick Lamar,Baby Keem
Mac Dre,Dody6
Mac Dre,Kendrick Lamar
Dody6,Kendrick Lamar
2Pac,Kendrick Lamar
Big Scoob,Kendrick Lamar
Big Scoob,E‐40
Kendrick Lamar,E‐40
Kendrick Lamar,Baby Keem
Punch,Kendrick Lamar
Punch,BJ the Chicago Kid
Kendrick Lamar,BJ the Chicago Kid
Freeway,Kendrick Lamar
Sampha,Kendrick Lamar
Kendrick Lamar,Ab‐Soul
Scoe,Murda
Scoe,Kendrick Lamar
Murda,Kendrick Lamar
Punchline,Dr. Dre
Punchline,DJ Critical Hype
Punchline,Kendrick Lamar
Dr. Dre,DJ Critical Hype
Dr. Dre,Kendrick Lamar
DJ Critical Hype,Kendrick Lamar
Baby Keem,Kendrick Lamar
Dr. Dre,DJ Critical Hype
Dr. Dre,Kendrick Lamar
DJ Critical Hype,Kendrick Lamar
Punch,Kendrick Lamar
Punch,BJ the Chicago Kid
Kendrick Lamar,BJ the Chicago Kid
Baby Keem,Kendrick Lamar
Baby Keem,Bēkon
Kendrick Lamar,Bēkon
ScHoolboy Q,Kendrick Lamar
Kendrick Lamar,Jay Rock
Kendrick Lamar,Ab‐Soul
Jay Rock,Ab‐Soul
Jennifer Lopez,Chantal
Jennifer Lopez,Kendrick Lamar
Jennifer Lopez,TheMusicNerdGuy
Chantal,Kendrick Lamar
Chantal,TheMusicNerdGuy
Kendrick Lamar,TheMusicNerdGuy
Kendrick Lamar,DJ September 7th
702,Kendrick Lamar
ProVerb,Ras Kass
ProVerb,Kendrick Lamar
Ras Kass,Kendrick Lamar
Pharrell Williams,Kendrick Lamar
Jay Rock,Freeway
Jay Rock,Kendrick Lamar
Jay Rock,Balance
Freeway,Kendrick Lamar
Freeway,Balance
Kendrick Lamar,Balance
Central Cee,Lil Baby
Central Cee,Kendrick Lamar
Lil Baby,Kendrick Lamar
Ty Dolla $ign,Kendrick Lamar
Ty Dolla $ign,Terrace Martin
Ty Dolla $ign,Snoop Dogg
Ty Dolla $ign,James Fauntleroy
Kendrick Lamar,Terrace Martin
Kendrick Lamar,Snoop Dogg
Kendrick Lamar,James Fauntleroy
Terrace Martin,Snoop Dogg
Terrace Martin,James Fauntleroy
Snoop Dogg,James Fauntleroy
Kendrick Lamar,TheMusicNerdGuy
Sampha,Kendrick Lamar
Punch,Kendrick Lamar
Kendrick Lamar,Ab‐Soul
Kendrick Lamar,DJ September 7th
9th Wonder,Murs
9th Wonder,Kendrick Lamar
9th Wonder,Warren G
Murs,Kendrick Lamar
Murs,Warren G
Kendrick Lamar,Warren G
Drake,Radio Slave
Drake,Kendrick Lamar
Radio Slave,Kendrick Lamar
Sampha,Kendrick Lamar
Sore Losers,Kendrick Lamar
SZA,Kendrick Lamar
SZA,Jay Rock
Kendrick Lamar,Jay Rock
Kendrick Lamar,ExPLOiX Music
Drake,A$AP Rocky
Drake,2 Chainz
Drake,Kendrick Lamar
A$AP Rocky,2 Chainz
A$AP Rocky,Kendrick Lamar
2 Chainz,Kendrick Lamar
Drake,A$AP Rocky
Drake,2 Chainz
Drake,Kendrick Lamar
A$AP Rocky,2 Chainz
A$AP Rocky,Kendrick Lamar
2 Chainz,Kendrick Lamar
Kendrick Lamar,Baby Keem
Murs,Kendrick Lamar
Murs,Warren G
Kendrick Lamar,Warren G
Kendrick Lamar,SZA
Kendrick Lamar,Warren G
Baby Keem,Kendrick Lamar
Iman Omari,Mac Miller
Iman Omari,Kendrick Lamar
Mac Miller,Kendrick Lamar
Nitty Scott,Kendrick Lamar
Sampha,Kendrick Lamar
Kendrick Lamar,Baby Keem
ProVerb,LaToiya Williams
ProVerb,Ras Kass
ProVerb,Kendrick Lamar
LaToiya Williams,Ras Kass
LaToiya Williams,Kendrick Lamar
Ras Kass,Kendrick Lamar
Kendrick Lamar,SZA
Peysoh,Hitta J3
Peysoh,Youngthreat
Peysoh,Kendrick Lamar
Hitta J3,Youngthreat
Hitta J3,Kendrick Lamar
Youngthreat,Kendrick Lamar
¡MAYDAY!,Tech N9ne
¡MAYDAY!,Kendrick Lamar
¡MAYDAY!,Kendall Morgan
Tech N9ne,Kendrick Lamar
Tech N9ne,Kendall Morgan
Kendrick Lamar,Kendall Morgan
Robin Thicke,Kendrick Lamar
2 Chainz,Robin Thicke
2 Chainz,Kendrick Lamar
Robin Thicke,Kendrick Lamar
Terrace Martin,Kendrick Lamar
J. Cole,Kendrick Lamar
Bad Lucc,Kurupt
Bad Lucc,Kendrick Lamar
Bad Lucc,DJ September 7th
Kurupt,Kendrick Lamar
Kurupt,DJ September 7th
Kendrick Lamar,DJ September 7th
Robin Thicke,Kendrick Lamar
2 Chainz,Robin Thicke
2 Chainz,Kendrick Lamar
Robin Thicke,Kendrick Lamar
Robin Thicke,Kendrick Lamar
Mausberg,Kendrick Lamar
Mac Miller,Kendrick Lamar
Kendrick Lamar,Jay Rock
Travis Scott,Kendrick Lamar
Kendrick Lamar,Jay Rock
Kendrick Lamar,Jay Rock
Emjae,Kendrick Lamar
Kendrick Lamar,Jay Rock
¡MAYDAY!,Tech N9ne
¡MAYDAY!,Kendrick Lamar
¡MAYDAY!,Kendall Morgan
Tech N9ne,Kendrick Lamar
Tech N9ne,Kendall Morgan
Kendrick Lamar,Kendall Morgan
Kendrick Lamar,Baby Keem
Kendrick Lamar,Momo Boyd
Baby Keem,Momo Boyd
SZA,Kendrick Lamar
DJ Dave,Kendrick Lamar
J. Cole,Kendrick Lamar
J. Cole,Black Hippy
Kendrick Lamar,Black Hippy
DESTIN CONRAD,Kehlani
DESTIN CONRAD,Childofnines
DESTIN CONRAD,Kendrick Lamar
Kehlani,Childofnines
Kehlani,Kendrick Lamar
Childofnines,Kendrick Lamar
2 Chainz,Robin Thicke
2 Chainz,Kendrick Lamar
Robin Thicke,Kendrick Lamar
Paul McCartney,Ye
Paul McCartney,Cher
Paul McCartney,Hanging Dong
Paul McCartney,Kendrick Lamar
Ye,Cher
Ye,Hanging Dong
Ye,Kendrick Lamar
Cher,Hanging Dong
Cher,Kendrick Lamar
Hanging Dong,Kendrick Lamar
Mac Miller,Kendrick Lamar
¡MAYDAY!,Tech N9ne
¡MAYDAY!,Kendrick Lamar
¡MAYDAY!,Kendall Morgan
Tech N9ne,Kendrick Lamar
Tech N9ne,Kendall Morgan
Kendrick Lamar,Kendall Morgan
C‐Mob,Kurupt
C‐Mob,Kendrick Lamar
C‐Mob,Tech N9ne
Kurupt,Kendrick Lamar
Kurupt,Tech N9ne
Kendrick Lamar,Tech N9ne
Dr. Dre,DJ Critical Hype
Dr. Dre,Kendrick Lamar
DJ Critical Hype,Kendrick Lamar
Kendrick Lamar,Jay Rock
Robin Thicke,Kendrick Lamar
SZA,Kendrick Lamar
Kendrick Lamar,Theotokosé
2 Chainz,Robin Thicke
2 Chainz,Kendrick Lamar
Robin Thicke,Kendrick Lamar
J. Cole,Kendrick Lamar
Kendrick Lamar,Playboi Carti
Kendrick Lamar,Ab‐Soul
Mac Miller,Kendrick Lamar
Peysoh,Hitta J3
Peysoh,Youngthreat
Peysoh,Kendrick Lamar
Hitta J3,Youngthreat
Hitta J3,Kendrick Lamar
Youngthreat,Kendrick Lamar
Peysoh,Hitta J3
Peysoh,Youngthreat
Peysoh,Kendrick Lamar
Hitta J3,Youngthreat
Hitta J3,Kendrick Lamar
Youngthreat,Kendrick Lamar
Drake,A$AP Rocky
Drake,2 Chainz
Drake,Kendrick Lamar
A$AP Rocky,2 Chainz
A$AP Rocky,Kendrick Lamar
2 Chainz,Kendrick Lamar
¡MAYDAY!,Tech N9ne
¡MAYDAY!,Kendrick Lamar
¡MAYDAY!,Kendall Morgan
Tech N9ne,Kendrick Lamar
Tech N9ne,Kendall Morgan
Kendrick Lamar,Kendall Morgan
Peysoh,Hitta J3
Peysoh,Youngthreat
Peysoh,Kendrick Lamar
Hitta J3,Youngthreat
Hitta J3,Kendrick Lamar
Youngthreat,Kendrick Lamar
Drake,A$AP Rocky
Drake,2 Chainz
Drake,Kendrick Lamar
A$AP Rocky,2 Chainz
A$AP Rocky,Kendrick Lamar
2 Chainz,Kendrick Lamar
J. Cole,Kendrick Lamar
DJ Swamp Izzo,Kendrick Lamar
DJ Swamp Izzo,Playboi Carti
Kendrick Lamar,Playboi Carti
Kendrick Lamar,DJ September 7th
Candice Pillay,Dr. Dre
Candice Pillay,Marsha Ambrosius
Candice Pillay,Kendrick Lamar
Dr. Dre,Marsha Ambrosius
Dr. Dre,Kendrick Lamar
Marsha Ambrosius,Kendrick Lamar
Kendrick Lamar,Jay Rock
SZA,Kendrick Lamar
Robin Thicke,Kendrick Lamar
Drake,A$AP Rocky
Drake,2 Chainz
Drake,Kendrick Lamar
A$AP Rocky,2 Chainz
A$AP Rocky,Kendrick Lamar
2 Chainz,Kendrick Lamar
Kendrick Lamar,Beyoncé
Jay Rock,Kendrick Lamar
Terrace Martin,Kurupt
Terrace Martin,Kendrick Lamar
Terrace Martin,Bad Lucc
Kurupt,Kendrick Lamar
Kurupt,Bad Lucc
Kendrick Lamar,Bad Lucc
Drake,A$AP Rocky
Drake,2 Chainz
Drake,Kendrick Lamar
A$AP Rocky,2 Chainz
A$AP Rocky,Kendrick Lamar
2 Chainz,Kendrick Lamar
Cookin’ Soul,Kurupt
Cookin’ Soul,Kendrick Lamar
Kurupt,Kendrick Lamar
SZA,Kendrick Lamar
J. Cole,Kendrick Lamar
Robin Thicke,Kendrick Lamar
LaToiya Williams,Kendrick Lamar
LaToiya Williams,DJ September 7th
Kendrick Lamar,DJ September 7th
Travis Scott,Kendrick Lamar
Dody6,Kendrick Lamar
Ronald Isley,James Fauntleroy
Ronald Isley,Kendrick Lamar
James Fauntleroy,Kendrick Lamar
Kendrick Lamar,SiR
Dody6,Kendrick Lamar
DKC2,Kendrick Lamar
Kendrick Lamar,Smoke DZA
Dody6,Kendrick Lamar
Kendrick Lamar,Jhené Aiko
Miguel,Kendrick Lamar
Miguel,Kendrick Lamar
Ronald Isley,Kendrick Lamar
Betty Wright,DJ Khaled
Betty Wright,Kendrick Lamar
Betty Wright,Big Sean
DJ Khaled,Kendrick Lamar
DJ Khaled,Big Sean
Kendrick Lamar,Big Sean
Kendrick Lamar,Alori Joh
Usher,Loon
Usher,Kendrick Lamar
Usher,Miguel
Usher,Diddy
Loon,Kendrick Lamar
Loon,Miguel
Loon,Diddy
Kendrick Lamar,Miguel
Kendrick Lamar,Diddy
Miguel,Diddy
Kendrick Lamar,Jonathan Emile
Xamplify,Kendrick Lamar
Xamplify,DJs From Mars
Xamplify,Tenashar
Kendrick Lamar,DJs From Mars
Kendrick Lamar,Tenashar
DJs From Mars,Tenashar
Kendrick Lamar,Jonathan Emile
Drake,Ye
Drake,Kendrick Lamar
Drake,MC Eiht
Ye,Kendrick Lamar
Ye,MC Eiht
Kendrick Lamar,MC Eiht
Ronald Isley,James Fauntleroy
Ronald Isley,Kendrick Lamar
James Fauntleroy,Kendrick Lamar
Dody6,Kendrick Lamar
Travis Scott,Kendrick Lamar
Our Last Night,Kendrick Lamar
Dr. Dre,DJ Critical Hype
Dr. Dre,Kendrick Lamar
DJ Critical Hype,Kendrick Lamar
Punchline,Kendrick Lamar
Lance Skiiiwalker,Punch
Lance Skiiiwalker,Kendrick Lamar
Lance Skiiiwalker,Isaiah Rashad
Lance Skiiiwalker,Jay Rock
Lance Skiiiwalker,SZA
Punch,Kendrick Lamar
Punch,Isaiah Rashad
Punch,Jay Rock
Punch,SZA
Kendrick Lamar,Isaiah Rashad
Kendrick Lamar,Jay Rock
Kendrick Lamar,SZA
Isaiah Rashad,Jay Rock
Isaiah Rashad,SZA
Jay Rock,SZA
Kendrick Lamar,Jay Rock
Kendrick Lamar,SiR
Punch,Kendrick Lamar
Punch,Bash
Punch,Jay Rock
Punch,Lea
Kendrick Lamar,Bash
Kendrick Lamar,Jay Rock
Kendrick Lamar,Lea
Bash,Jay Rock
Bash,Lea
Jay Rock,Lea
Kendrick Lamar,Jhené Aiko
Jay Rock,Kendrick Lamar
Dr. Dre,Nate Dogg
Dr. Dre,DJ Critical Hype
Dr. Dre,Kendrick Lamar
Dr. Dre,Jay Rock
Nate Dogg,DJ Critical Hype
Nate Dogg,Kendrick Lamar
Nate Dogg,Jay Rock
DJ Critical Hype,Kendrick Lamar
DJ Critical Hype,Jay Rock
Kendrick Lamar,Jay Rock
Ronald Isley,James Fauntleroy
Ronald Isley,Kendrick Lamar
James Fauntleroy,Kendrick Lamar
Kendrick Lamar,Jhené Aiko
Kendrick Lamar,Isaiah Rashad
Kendrick Lamar,Jay Rock
Kendrick Lamar,SZA
Kendrick Lamar,Ab‐Soul
Isaiah Rashad,Jay Rock
Isaiah Rashad,SZA
Isaiah Rashad,Ab‐Soul
Jay Rock,SZA
Jay Rock,Ab‐Soul
SZA,Ab‐Soul
Miguel,Kendrick Lamar
Ronald Isley,James Fauntleroy
Ronald Isley,Kendrick Lamar
James Fauntleroy,Kendrick Lamar
Betty Wright,DJ Khaled
Betty Wright,Kendrick Lamar
Betty Wright,Big Sean
DJ Khaled,Kendrick Lamar
DJ Khaled,Big Sean
Kendrick Lamar,Big Sean
Miguel,Kendrick Lamar
Dr. Dre,DJ Critical Hype
Dr. Dre,Kendrick Lamar
Dr. Dre,Alori Joh
DJ Critical Hype,Kendrick Lamar
DJ Critical Hype,Alori Joh
Kendrick Lamar,Alori Joh
Punchline,Kendrick Lamar
Punchline,Jay Rock
Kendrick Lamar,Jay Rock
Big Wy,Kendrick Lamar
Big Wy,Jay Rock
Kendrick Lamar,Jay Rock
Kendrick Lamar,SiR
Monk.e,Kendrick Lamar
Monk.e,Jonathan Emile
Kendrick Lamar,Jonathan Emile
Dody6,Kendrick Lamar
Kendrick Lamar,Jhené Aiko
Kendrick Lamar,H.O.P.E.
Jhené Aiko,H.O.P.E.
Baby Keem,Kendrick Lamar
Kendrick Lamar,Alori Joh
Baby Keem,Kendrick Lamar
Ronald Isley,James Fauntleroy
Ronald Isley,Kendrick Lamar
James Fauntleroy,Kendrick Lamar
Kendrick Lamar,Jay Rock
Anna Wise,Snoop Dogg
Anna Wise,Kendrick Lamar
Anna Wise,Bilal
Snoop Dogg,Kendrick Lamar
Snoop Dogg,Bilal
Kendrick Lamar,Bilal
Kendrick Lamar,Ab‐Soul
Sampha,Kendrick Lamar
Alicia Keys,Kendrick Lamar
Kendrick Lamar,TheMusicNerdGuy
2Pac,Kendrick Lamar
Anna Wise,Snoop Dogg
Anna Wise,Kendrick Lamar
Anna Wise,Bilal
Snoop Dogg,Kendrick Lamar
Snoop Dogg,Bilal
Kendrick Lamar,Bilal
Imani Selina,Kendrick Lamar
Anna Wise,Snoop Dogg
Anna Wise,Kendrick Lamar
Anna Wise,Bilal
Snoop Dogg,Kendrick Lamar
Snoop Dogg,Bilal
Kendrick Lamar,Bilal
Alicia Keys,Kendrick Lamar
Alicia Keys,Pharrell Williams
Alicia Keys,Hans Zimmer
Kendrick Lamar,Pharrell Williams
Kendrick Lamar,Hans Zimmer
Pharrell Williams,Hans Zimmer
Tyga,Big K.R.I.T.
Tyga,Kendrick Lamar
Tyga,J. Cole
Tyga,Bun B
Tyga,Trae
Tyga,B.o.B
Tyga,Gudda Gudda
Tyga,Jadakiss
Big K.R.I.T.,Kendrick Lamar
Big K.R.I.T.,J. Cole
Big K.R.I.T.,Bun B
Big K.R.I.T.,Trae
Big K.R.I.T.,B.o.B
Big K.R.I.T.,Gudda Gudda
Big K.R.I.T.,Jadakiss
Kendrick Lamar,J. Cole
Kendrick Lamar,Bun B
Kendrick Lamar,Trae
Kendrick Lamar,B.o.B
Kendrick Lamar,Gudda Gudda
Kendrick Lamar,Jadakiss
J. Cole,Bun B
J. Cole,Trae
J. Cole,B.o.B
J. Cole,Gudda Gudda
J. Cole,Jadakiss
Bun B,Trae
Bun B,B.o.B
Bun B,Gudda Gudda
Bun B,Jadakiss
Trae,B.o.B
Trae,Gudda Gudda
Trae,Jadakiss
B.o.B,Gudda Gudda
B.o.B,Jadakiss
Gudda Gudda,Jadakiss
Terrace Martin,Kendrick Lamar
Snoop Dogg,Rick Ross
Snoop Dogg,Kendrick Lamar
Rick Ross,Kendrick Lamar
Punch,Kendrick Lamar
Punch,Jay Rock
Kendrick Lamar,Jay Rock
Skrillex,Kendrick Lamar
Kendrick Lamar,Angela McCluskey
Kendrick Lamar,Jay Rock
Kendrick Lamar,Ab‐Soul
Cozz,Kendrick Lamar
Alicia Keys,Kendrick Lamar
Brown,U-N-I
Brown,Kendrick Lamar
Brown,Skeme
U-N-I,Kendrick Lamar
U-N-I,Skeme
Kendrick Lamar,Skeme
Brown,U-N-I
Brown,Kendrick Lamar
Brown,Skeme
U-N-I,Kendrick Lamar
U-N-I,Skeme
Kendrick Lamar,Skeme
Kendrick Lamar,Jay Rock
Bryan Roberts,Kendrick Lamar
Bryan Roberts,Skeme
Kendrick Lamar,Skeme
Oobergeek,Tech N9ne
Oobergeek,Kendrick Lamar
Tech N9ne,Kendrick Lamar
Kendrick Lamar,B Martin
Kendrick Lamar,Juicy J
B Martin,Juicy J
ScHoolboy Q,Kendrick Lamar
ScHoolboy Q,Jay Rock
ScHoolboy Q,Ab‐Soul
Kendrick Lamar,Jay Rock
Kendrick Lamar,Ab‐Soul
Jay Rock,Ab‐Soul
Jay Rock,Kendrick Lamar
Jay Rock,Punchline
Kendrick Lamar,Punchline
Bryan Roberts,Kendrick Lamar
Bryan Roberts,Skeme
Kendrick Lamar,Skeme
Tyga,Big K.R.I.T.
Tyga,Kendrick Lamar
Tyga,J. Cole
Tyga,Bun B
Tyga,Trae
Tyga,B.o.B
Tyga,Gudda Gudda
Tyga,Jadakiss
Big K.R.I.T.,Kendrick Lamar
Big K.R.I.T.,J. Cole
Big K.R.I.T.,Bun B
Big K.R.I.T.,Trae
Big K.R.I.T.,B.o.B
Big K.R.I.T.,Gudda Gudda
Big K.R.I.T.,Jadakiss
Kendrick Lamar,J. Cole
Kendrick Lamar,Bun B
Kendrick Lamar,Trae
Kendrick Lamar,B.o.B
Kendrick Lamar,Gudda Gudda
Kendrick Lamar,Jadakiss
J. Cole,Bun B
J. Cole,Trae
J. Cole,B.o.B
J. Cole,Gudda Gudda
J. Cole,Jadakiss
Bun B,Trae
Bun B,B.o.B
Bun B,Gudda Gudda
Bun B,Jadakiss
Trae,B.o.B
Trae,Gudda Gudda
Trae,Jadakiss
B.o.B,Gudda Gudda
B.o.B,Jadakiss
Gudda Gudda,Jadakiss
Tools,Kendrick Lamar
Tools,DJ Haze
Tools,Nu Jerzey Devil
Kendrick Lamar,DJ Haze
Kendrick Lamar,Nu Jerzey Devil
DJ Haze,Nu Jerzey Devil
Anna Wise,Snoop Dogg
Anna Wise,Kendrick Lamar
Anna Wise,Bilal
Snoop Dogg,Kendrick Lamar
Snoop Dogg,Bilal
Kendrick Lamar,Bilal
Jay Rock,Kendrick Lamar
Kendrick Lamar,Ab‐Soul
Kendrick Lamar,Jay Rock
Kendrick Lamar,DJ Big Mike
Jay Rock,DJ Big Mike
Anna Wise,Snoop Dogg
Anna Wise,Kendrick Lamar
Anna Wise,Bilal
Snoop Dogg,Kendrick Lamar
Snoop Dogg,Bilal
Kendrick Lamar,Bilal
Rihanna,Kendrick Lamar
M.I.A.,N*E*R*D
M.I.A.,Kendrick Lamar
N*E*R*D,Kendrick Lamar
Dido,Kendrick Lamar
Kendrick Lamar,TheMusicNerdGuy
Jay Rock,Kendrick Lamar
Busta Rhymes,Kendrick Lamar
Busta Rhymes,Nikki Grier
Busta Rhymes,Chris Rock
Kendrick Lamar,Nikki Grier
Kendrick Lamar,Chris Rock
Nikki Grier,Chris Rock
Future,Metro Boomin
Future,Kendrick Lamar
Metro Boomin,Kendrick Lamar
Busta Rhymes,Kendrick Lamar
Busta Rhymes,Michael Jackson
Kendrick Lamar,Michael Jackson
Busta Rhymes,Kendrick Lamar
Eminem,Kendrick Lamar
Solange,Kendrick Lamar
Future,Metro Boomin
Future,Kendrick Lamar
Metro Boomin,Kendrick Lamar
Kendrick Lamar,BJ the Chicago Kid
Solange,Kendrick Lamar
Metro Boomin,Kendrick Lamar
Metro Boomin,Future
Kendrick Lamar,Future
Rihanna,Kendrick Lamar
Zacari,Kendrick Lamar
Kendrick Lamar,Jay Rock
Rihanna,Kendrick Lamar
Kendrick Lamar,YG Hootie
Rihanna,Kendrick Lamar
Zacari,Kendrick Lamar
Kendrick Lamar,TheMusicNerdGuy
Jay Rock,Punch
Jay Rock,Kendrick Lamar
Punch,Kendrick Lamar
SZA,Kendrick Lamar
Jay Rock,ScHoolboy Q
Jay Rock,Kendrick Lamar
Jay Rock,Ab‐Soul
ScHoolboy Q,Kendrick Lamar
ScHoolboy Q,Ab‐Soul
Kendrick Lamar,Ab‐Soul
Fredo Santana,Kendrick Lamar
Zacari,Kendrick Lamar
Rihanna,Kendrick Lamar
Kendrick Lamar,Jay Rock
Zacari,Kendrick Lamar
Kendrick Lamar,Jay Rock
Dido,Kendrick Lamar
Kendrick Lamar,BJ the Chicago Kid
Kendrick Lamar,Ashtrobot
Kendrick Lamar,Ashtrobot
Rihanna,Kendrick Lamar
Lil’ Kim,Kendrick Lamar
Lil’ Kim,Peysoh
Lil’ Kim,Hitta J3
Lil’ Kim,Youngthreat
Kendrick Lamar,Peysoh
Kendrick Lamar,Hitta J3
Kendrick Lamar,Youngthreat
Peysoh,Hitta J3
Peysoh,Youngthreat
Hitta J3,Youngthreat
ScHoolboy Q,Kendrick Lamar
Punchline,Kendrick Lamar
Punchline,Jay Rock
Kendrick Lamar,Jay Rock
Ty Dolla $ign,D&D
Ty Dolla $ign,Kendrick Lamar
D&D,Kendrick Lamar
Dr. Dre,DJ Critical Hype
Dr. Dre,Kendrick Lamar
DJ Critical Hype,Kendrick Lamar
Metro Boomin,DaBaby
Metro Boomin,Ye
Metro Boomin,Kendrick Lamar
Metro Boomin,Future
DaBaby,Ye
DaBaby,Kendrick Lamar
DaBaby,Future
Ye,Kendrick Lamar
Ye,Future
Kendrick Lamar,Future
Brandy,Ty Dolla $ign
Brandy,James Fauntleroy
Brandy,Kendrick Lamar
Ty Dolla $ign,James Fauntleroy
Ty Dolla $ign,Kendrick Lamar
James Fauntleroy,Kendrick Lamar
Future,Metro Boomin
Future,Kendrick Lamar
Metro Boomin,Kendrick Lamar
Merzbow,Sia
Merzbow,Kendrick Lamar
Merzbow,King Blow
Sia,Kendrick Lamar
Sia,King Blow
Kendrick Lamar,King Blow
Brandy,Ty Dolla $ign
Brandy,James Fauntleroy
Brandy,Kendrick Lamar
Ty Dolla $ign,James Fauntleroy
Ty Dolla $ign,Kendrick Lamar
James Fauntleroy,Kendrick Lamar
SZA,Kendrick Lamar
Future,Metro Boomin
Future,Kendrick Lamar
Metro Boomin,Kendrick Lamar
Shirin David,Kendrick Lamar
Shirin David,Kitty Kat
Shirin David,Metro Boomin
Shirin David,Future
Kendrick Lamar,Kitty Kat
Kendrick Lamar,Metro Boomin
Kendrick Lamar,Future
Kitty Kat,Metro Boomin
Kitty Kat,Future
Metro Boomin,Future
Future,James Blake
Future,Kendrick Lamar
Future,Jay Rock
James Blake,Kendrick Lamar
James Blake,Jay Rock
Kendrick Lamar,Jay Rock
Eminem,Kendrick Lamar
Brandy,Ty Dolla $ign
Brandy,James Fauntleroy
Brandy,Kendrick Lamar
Ty Dolla $ign,James Fauntleroy
Ty Dolla $ign,Kendrick Lamar
James Fauntleroy,Kendrick Lamar
Future,Metro Boomin
Future,Kendrick Lamar
Metro Boomin,Kendrick Lamar
ScHoolboy Q,CurT@!n$
ScHoolboy Q,Kendrick Lamar
CurT@!n$,Kendrick Lamar
Future,James Blake
Future,Kendrick Lamar
Future,Jay Rock
James Blake,Kendrick Lamar
James Blake,Jay Rock
Kendrick Lamar,Jay Rock
SZA,Kendrick Lamar
Jay Rock,Kendrick Lamar
Jay Rock,Kendrick Lamar
Jay Rock,Kendrick Lamar
ScHoolboy Q,Kendrick Lamar
Future,Kendrick Lamar
Kendrick Lamar,TheMusicNerdGuy
Kendrick Lamar,Playboi Carti
Kendrick Lamar,MC Eiht
SZA,Kendrick Lamar
Kendrick Lamar,Jay Rock
Kendrick Lamar,Ab‐Soul
Jay Rock,Ab‐Soul
Jay Rock,Kendrick Lamar
2 Chainz,Kendrick Lamar
Drake,Kendrick Lamar
9th Wonder,J. Cole
9th Wonder,Kendrick Lamar
J. Cole,Kendrick Lamar
Kendrick Lamar,MC Eiht
Kendrick Lamar,MC Eiht
Kendrick Lamar,DJ September 7th
Kendrick Lamar,Bilal
Lil Wayne,Kendrick Lamar
J'Lyn,Kendrick Lamar
SZA,SWV
SZA,Kendrick Lamar
SWV,Kendrick Lamar
Papoose,Kendrick Lamar
T.I.,Kendrick Lamar
T.I.,B.o.B
Kendrick Lamar,B.o.B
T.I.,Kris Stephens
T.I.,Kendrick Lamar
T.I.,B.o.B
Kris Stephens,Kendrick Lamar
Kris Stephens,B.o.B
Kendrick Lamar,B.o.B
Jay Rock,Kendrick Lamar
Jay Rock,Kendrick Lamar
SZA,Kendrick Lamar
CurT@!n$,Kendrick Lamar
CurT@!n$,Chace Infinite
Kendrick Lamar,Chace Infinite
Jay Rock,Kendrick Lamar
Kendrick Lamar,MC Eiht
2Pac,Kendrick Lamar
SZA,Kendrick Lamar
Jay Rock,Kendrick Lamar
Papoose,DJ Kay Slay
Papoose,Kendrick Lamar
DJ Kay Slay,Kendrick Lamar
Kendrick Lamar,Ab‐Soul
Jay Rock,Kendrick Lamar
Kendrick Lamar,MC Eiht
T.I.,Kris Stephens
T.I.,Kendrick Lamar
T.I.,B.o.B
Kris Stephens,Kendrick Lamar
Kris Stephens,B.o.B
Kendrick Lamar,B.o.B
Jay Rock,Kendrick Lamar
Jay Rock,Black Hippy
Kendrick Lamar,Black Hippy
Jay Rock,Kendrick Lamar
Jay Rock,Kendrick Lamar
Kendrick Lamar,MC Eiht
Kendrick Lamar,MC Eiht
2 Chainz,Kendrick Lamar
ScHoolboy Q,Kendrick Lamar
Kendrick Lamar,MC Eiht
SZA,Kendrick Lamar
Jay Rock,Kendrick Lamar
toasty digital,Kendrick Lamar
Jay Rock,Kendrick Lamar
ScHoolboy Q,Kendrick Lamar
SZA,Kendrick Lamar
T.I.,Bob
T.I.,Kendrick Lamar
Bob,Kendrick Lamar
Lil Wayne,Kendrick Lamar
Jay Rock,Kendrick Lamar
Flying Lotus,Kendrick Lamar
Tanna Leone,Kendrick Lamar
Rich the Kid,Kendrick Lamar
King Esko,Roscoe
King Esko,Kendrick Lamar
Roscoe,Kendrick Lamar
Dr. Dre,DJ Critical Hype
Dr. Dre,Kendrick Lamar
Dr. Dre,Pusha T
DJ Critical Hype,Kendrick Lamar
DJ Critical Hype,Pusha T
Kendrick Lamar,Pusha T
Jay Rock,Kendrick Lamar
Kendrick Lamar,Beyoncé
Kendrick Lamar,Ab‐Soul
Kendrick Lamar,Jay Rock
Kendrick Lamar,Rapper Big Pooh
Ab‐Soul,Jay Rock
Ab‐Soul,Rapper Big Pooh
Jay Rock,Rapper Big Pooh
Tanna Leone,Kendrick Lamar
Kendrick Lamar,Pusha T
Kendrick Lamar,The Game
Beth Gibbons,Kendrick Lamar
WestBam,Kendrick Lamar
Kendrick Lamar,The Game
Kendrick Lamar,Scarface
The Game,Scarface
Rich the Kid,Kendrick Lamar
Kendrick Lamar,The Game
Kendrick Lamar,Scarface
The Game,Scarface
Kendrick Lamar,Pusha T
Tanna Leone,Kendrick Lamar
Colin Munroe,Kendrick Lamar
Kendrick Lamar,The Game
Kendrick Lamar,The Game
Kendrick Lamar,Jay Rock
Tanna Leone,Kendrick Lamar
2 Chainz,Kendrick Lamar
2 Chainz,TheMusicNerdGuy
Kendrick Lamar,TheMusicNerdGuy
Kendrick Lamar,The Game
The Game,Kendrick Lamar
The Game,Scarface
Kendrick Lamar,Scarface
Kendrick Lamar,Beyoncé
Jay Rock,Kendrick Lamar
Rich the Kid,Kendrick Lamar
Kendrick Lamar,Pusha T
Kendrick Lamar,Ab‐Soul
Ye,Kendrick Lamar
Colin Munroe,Kendrick Lamar
Kendrick Lamar,Emeli Sandé
Beth Gibbons,Kendrick Lamar
Beth Gibbons,Kendrick Lamar
Tanna Leone,Kendrick Lamar
Kendrick Lamar,Jay Rock
DJ Drama,Kendrick Lamar
DJ Drama,Lloyd
DJ Drama,Common
Kendrick Lamar,Lloyd
Kendrick Lamar,Common
Lloyd,Common
Dr. Dre,DJ Critical Hype
Dr. Dre,Kendrick Lamar
DJ Critical Hype,Kendrick Lamar
Mary J. Blige,Kendrick Lamar
Beth Gibbons,Kendrick Lamar
Mary J. Blige,Kendrick Lamar
Lil Wayne,Kendrick Lamar
Beth Gibbons,Kendrick Lamar
Jay Rock,Kendrick Lamar
Mary J. Blige,Kendrick Lamar
Kendrick Lamar,Jay Rock
André 3000,Kendrick Lamar
Punch,Kendrick Lamar
Punch,Ab‐Soul
Kendrick Lamar,Ab‐Soul
Drake,Kendrick Lamar
AzChike,Kendrick Lamar
Punchline,Kendrick Lamar
Kendrick Lamar,Jay Rock
Kendrick Lamar,Ransom
Jay Rock,Ransom
AzChike,Kendrick Lamar
Meek Demeo,Kendrick Lamar
Drake,Kendrick Lamar
Drake,Kendrick Lamar
Drake,Kendrick Lamar
Wale,Gunplay
Wale,Meek Mill
Wale,Rick Ross
Wale,Kendrick Lamar
Wale,Stalley
Gunplay,Meek Mill
Gunplay,Rick Ross
Gunplay,Kendrick Lamar
Gunplay,Stalley
Meek Mill,Rick Ross
Meek Mill,Kendrick Lamar
Meek Mill,Stalley
Rick Ross,Kendrick Lamar
Rick Ross,Stalley
Kendrick Lamar,Stalley
DJ Warrior,Kendrick Lamar
DJ Warrior,Jay Rock
Kendrick Lamar,Jay Rock
JaVonté,Kendrick Lamar
Kendrick Lamar,Ab‐Soul
Lady Gaga,Kendrick Lamar
Curren$y,Talib Kweli
Curren$y,Kendrick Lamar
Talib Kweli,Kendrick Lamar
Drake,Kendrick Lamar
Drake,Kagwe
Kendrick Lamar,Kagwe
Kendrick Lamar,Foster the People
Ghostface Killah,Kendrick Lamar
Ghostface Killah,Summer Walker
Kendrick Lamar,Summer Walker
Drake,Kendrick Lamar
Ghostface Killah,Kendrick Lamar
Ghostface Killah,Summer Walker
Kendrick Lamar,Summer Walker
Punchline,Kendrick Lamar
Sophie Stern,Kendrick Lamar
Sophie Stern,Shwayze
Kendrick Lamar,Shwayze
Curren$y,Glen Reynolds
Curren$y,Talib Kweli
Curren$y,Kendrick Lamar
Glen Reynolds,Talib Kweli
Glen Reynolds,Kendrick Lamar
Talib Kweli,Kendrick Lamar
Dr. Dre,DJ Critical Hype
Dr. Dre,Kendrick Lamar
DJ Critical Hype,Kendrick Lamar
AzChike,Kendrick Lamar
Terrace Martin,Kendrick Lamar
Drake,Kendrick Lamar
Kendrick Lamar,The Weeknd
GLC,Kendrick Lamar
Ghostface Killah,Kendrick Lamar
Ghostface Killah,Summer Walker
Kendrick Lamar,Summer Walker
Kendrick Lamar,Jay Rock
Kendrick Lamar,Ransom
Jay Rock,Ransom
AzChike,Kendrick Lamar
Kendrick Lamar,The Weeknd
Kendrick Lamar,The Weeknd
JaVonté,Kendrick Lamar
Talib Kweli,Kendrick Lamar
Chantal Kreviazuk,Kendrick Lamar
Chantal Kreviazuk,Jay Rock
Kendrick Lamar,Jay Rock
Drake,Kendrick Lamar
Ghostface Killah,Kendrick Lamar
Ghostface Killah,Summer Walker
Kendrick Lamar,Summer Walker
Kendrick Lamar,Ab‐Soul
Kendrick Lamar,The Weeknd
Curren$y,Glen Reynolds
Curren$y,Talib Kweli
Curren$y,Kendrick Lamar
Glen Reynolds,Talib Kweli
Glen Reynolds,Kendrick Lamar
Talib Kweli,Kendrick Lamar
Kendrick Lamar,Jay Rock
Calum Slingerland,Kendrick Lamar
Jay Rock,Punch
Jay Rock,Kendrick Lamar
Punch,Kendrick Lamar
Kendrick Lamar,The Weeknd
AzChike,Kendrick Lamar
Gucci Mane,Mike WiLL Made‐It
Gucci Mane,Kendrick Lamar
Gucci Mane,Rae Sremmurd
Mike WiLL Made‐It,Kendrick Lamar
Mike WiLL Made‐It,Rae Sremmurd
Kendrick Lamar,Rae Sremmurd
Ghostface Killah,Kendrick Lamar
Ghostface Killah,Summer Walker
Kendrick Lamar,Summer Walker
AzChike,Kendrick Lamar
AzChike,Sade
Kendrick Lamar,Sade
Kendrick Lamar,Ab‐Soul
Kendrick Lamar,Bēkon
Kendrick Lamar,Ab‐Soul
Kendrick Lamar,The Weeknd
Drake,A$AP Rocky
Drake,2 Chainz
Drake,Kendrick Lamar
A$AP Rocky,2 Chainz
A$AP Rocky,Kendrick Lamar
2 Chainz,Kendrick Lamar
Lance Skiiiwalker,Kendrick Lamar
Lance Skiiiwalker,Rapsody
Kendrick Lamar,Rapsody
GLC,Kendrick Lamar
Gucci Mane,Mike WiLL Made‐It
Gucci Mane,Kendrick Lamar
Gucci Mane,Rae Sremmurd
Mike WiLL Made‐It,Kendrick Lamar
Mike WiLL Made‐It,Rae Sremmurd
Kendrick Lamar,Rae Sremmurd
Bakar,Kendrick Lamar
Drake,Kendrick Lamar
Carl Ray,Kendrick Lamar
Carl Ray,Jay Rock
Kendrick Lamar,Jay Rock
Kendrick Lamar,Foster the People
Ghostface Killah,Kendrick Lamar
Ghostface Killah,Summer Walker
Kendrick Lamar,Summer Walker
Dr. Dre,DJ Critical Hype
Dr. Dre,Kendrick Lamar
DJ Critical Hype,Kendrick Lamar
Anna Wise,Kendrick Lamar
Kendrick Lamar,Baby Keem
Ab‐Soul,Kendrick Lamar
Ab‐Soul,Rapper Big Pooh
Kendrick Lamar,Rapper Big Pooh
ScHoolboy Q,Kendrick Lamar
Danny Brown,Kendrick Lamar
Danny Brown,Earl Sweatshirt
Danny Brown,Ab‐Soul
Kendrick Lamar,Earl Sweatshirt
Kendrick Lamar,Ab‐Soul
Earl Sweatshirt,Ab‐Soul
C-San,Kendrick Lamar
C-San,Dom Kennedy
C-San,Casey Veggies
Kendrick Lamar,Dom Kennedy
Kendrick Lamar,Casey Veggies
Dom Kennedy,Casey Veggies
Ty Dolla $ign,Ye
Ty Dolla $ign,Kendrick Lamar
Ye,Kendrick Lamar
Anna Wise,Kendrick Lamar
Dubb,Kendrick Lamar
Dubb,Jay Rock
Kendrick Lamar,Jay Rock
Busta Rhymes,Kendrick Lamar
YG,Jeezy
YG,Kendrick Lamar
YG,Chris Brown
Jeezy,Kendrick Lamar
Jeezy,Chris Brown
Kendrick Lamar,Chris Brown
Dr. Dre,Kendrick Lamar
Anna Wise,Kendrick Lamar
Baby Keem,Kendrick Lamar
Baby Keem,Sam Dew
Kendrick Lamar,Sam Dew
Danny Brown,Action Bronson
Danny Brown,Kendrick Lamar
Danny Brown,Earl Sweatshirt
Danny Brown,Ab‐Soul
Action Bronson,Kendrick Lamar
Action Bronson,Earl Sweatshirt
Action Bronson,Ab‐Soul
Kendrick Lamar,Earl Sweatshirt
Kendrick Lamar,Ab‐Soul
Earl Sweatshirt,Ab‐Soul
Kendrick Lamar,Imagine Dragons
Jay Rock,ScHoolboy Q
Jay Rock,Kendrick Lamar
Jay Rock,Ab‐Soul
ScHoolboy Q,Kendrick Lamar
ScHoolboy Q,Ab‐Soul
Kendrick Lamar,Ab‐Soul
AWOLNATION,Kendrick Lamar
AWOLNATION,Ab‐Soul
Kendrick Lamar,Ab‐Soul
Busta Rhymes,Kendrick Lamar
Kendrick Lamar,Imagine Dragons
Anna Wise,Kendrick Lamar
YG,Kendrick Lamar
Kendrick Lamar,DJ September 7th
Baby Keem,Kendrick Lamar
Baby Keem,Sam Dew
Kendrick Lamar,Sam Dew
Mykestro,Kendrick Lamar
Kendrick Lamar,BJ the Chicago Kid
Anna Wise,Kendrick Lamar
Kendrick Lamar,Jon Connor
Kendrick Lamar,DJ Kay Slay
Kendrick Lamar,Jay Rock
Kendrick Lamar,Fred the Godson
Jon Connor,DJ Kay Slay
Jon Connor,Jay Rock
Jon Connor,Fred the Godson
DJ Kay Slay,Jay Rock
DJ Kay Slay,Fred the Godson
Jay Rock,Fred the Godson
Kendrick Lamar,BJ the Chicago Kid
Baby Keem,Kendrick Lamar
Baby Keem,Sam Dew
Kendrick Lamar,Sam Dew
Baby Keem,Kendrick Lamar
Baby Keem,Sam Dew
Kendrick Lamar,Sam Dew
Kendrick Lamar,DJ September 7th
Anna Wise,Kendrick Lamar
Kendrick Lamar,DJ September 7th
Terrace Martin,Neka Brown
Terrace Martin,Kendrick Lamar
Neka Brown,Kendrick Lamar
Anna Wise,Kendrick Lamar
Kendrick Lamar,C-San
Kendrick Lamar,Dom Kennedy
Kendrick Lamar,Casey Veggies
C-San,Dom Kennedy
C-San,Casey Veggies
Dom Kennedy,Casey Veggies
BO,Kendrick Lamar
BO,Jay Rock
Kendrick Lamar,Jay Rock
Freeway,Kendrick Lamar
Freeway,Joe Budden
Kendrick Lamar,Joe Budden
YG,Jeezy
YG,Kendrick Lamar
YG,Chris Brown
Jeezy,Kendrick Lamar
Jeezy,Chris Brown
Kendrick Lamar,Chris Brown
Anna Wise,Kendrick Lamar
The Game,Tank
The Game,Kendrick Lamar
Tank,Kendrick Lamar
Danny Brown,Kendrick Lamar
Danny Brown,Earl Sweatshirt
Danny Brown,Ab‐Soul
Kendrick Lamar,Earl Sweatshirt
Kendrick Lamar,Ab‐Soul
Earl Sweatshirt,Ab‐Soul
Busta Rhymes,Kendrick Lamar
Baby Keem,Kendrick Lamar
Baby Keem,Sam Dew
Kendrick Lamar,Sam Dew
Anna Wise,Kendrick Lamar
Kendrick Lamar,Jon Connor
Kendrick Lamar,DJ Kay Slay
Kendrick Lamar,Jay Rock
Kendrick Lamar,Fred the Godson
Jon Connor,DJ Kay Slay
Jon Connor,Jay Rock
Jon Connor,Fred the Godson
DJ Kay Slay,Jay Rock
DJ Kay Slay,Fred the Godson
Jay Rock,Fred the Godson
Droop‐E,Kendrick Lamar
Kendrick Lamar,Baby Keem
toasty digital,Kendrick Lamar
Tank,Kendrick Lamar
Tank,The Game
Kendrick Lamar,The Game
Dubb,Kendrick Lamar
Dubb,Jay Rock
Kendrick Lamar,Jay Rock
Droop‐E,DJ.Fresh
Droop‐E,Kendrick Lamar
DJ.Fresh,Kendrick Lamar
Kendrick Lamar,Jay Rock
Kendrick Lamar,Major James
Jay Rock,Major James
Kendrick Lamar,Ab‐Soul
Kendrick Lamar,DJ September 7th
ScHoolboy Q,Kendrick Lamar
ScHoolboy Q,Jay Rock
ScHoolboy Q,Ab‐Soul
Kendrick Lamar,Jay Rock
Kendrick Lamar,Ab‐Soul
Jay Rock,Ab‐Soul
Ye,Kendrick Lamar
Danny Brown,Kendrick Lamar
Kendrick Lamar,Rapsody
Kendrick Lamar,E‐40
Kendrick Lamar,The Weeknd
Dr. Dre,DJ Critical Hype
Dr. Dre,Kendrick Lamar
DJ Critical Hype,Kendrick Lamar
Go Periscope,Kendrick Lamar
Go Periscope,DEV
Go Periscope,Soulero
Go Periscope,The Cataracs
Kendrick Lamar,DEV
Kendrick Lamar,Soulero
Kendrick Lamar,The Cataracs
DEV,Soulero
DEV,The Cataracs
Soulero,The Cataracs
Murs,Kendrick Lamar
Murs,Dom Kennedy
Kendrick Lamar,Dom Kennedy
Privaledge,Kendrick Lamar
Glasses Malone,Kendrick Lamar
Glasses Malone,Jay Rock
Kendrick Lamar,Jay Rock
Kendrick Lamar,Jay Rock
Kendrick Lamar,Black Hippy
Kendrick Lamar,ScHoolboy Q
Kendrick Lamar,Ab‐Soul
Jay Rock,Black Hippy
Jay Rock,ScHoolboy Q
Jay Rock,Ab‐Soul
Black Hippy,ScHoolboy Q
Black Hippy,Ab‐Soul
ScHoolboy Q,Ab‐Soul
Anita Baker,Kendrick Lamar
Dom Kennedy,Kendrick Lamar
Dom Kennedy,Murs
Kendrick Lamar,Murs
Kodak Black,Kendrick Lamar
Bridget Kelly,Kendrick Lamar
Bridget Kelly,Kendrick Lamar
Brittany Street,Kendrick Lamar
Brittany Street,The Kid Daytona
Brittany Street,Naledge
Brittany Street,Actual Proof
Brittany Street,Laws
Brittany Street,Skewby
Brittany Street,Cutlass Reid
Brittany Street,Add2TheMC
Kendrick Lamar,The Kid Daytona
Kendrick Lamar,Naledge
Kendrick Lamar,Actual Proof
Kendrick Lamar,Laws
Kendrick Lamar,Skewby
Kendrick Lamar,Cutlass Reid
Kendrick Lamar,Add2TheMC
The Kid Daytona,Naledge
The Kid Daytona,Actual Proof
The Kid Daytona,Laws
The Kid Daytona,Skewby
The Kid Daytona,Cutlass Reid
The Kid Daytona,Add2TheMC
Naledge,Actual Proof
Naledge,Laws
Naledge,Skewby
Naledge,Cutlass Reid
Naledge,Add2TheMC
Actual Proof,Laws
Actual Proof,Skewby
Actual Proof,Cutlass Reid
Actual Proof,Add2TheMC
Laws,Skewby
Laws,Cutlass Reid
Laws,Add2TheMC
Skewby,Cutlass Reid
Skewby,Add2TheMC
Cutlass Reid,Add2TheMC
Lil Rake,Kendrick Lamar
SZA,Kendrick Lamar
Jay Rock,Kendrick Lamar
Bridget Kelly,Kendrick Lamar
Kendrick Lamar,Anomy5
Kendrick Lamar,Jhené Aiko
Murs,Kendrick Lamar
Murs,Dom Kennedy
Kendrick Lamar,Dom Kennedy
SZA,THE CARTERS
SZA,Kendrick Lamar
THE CARTERS,Kendrick Lamar
Buddy,Kendrick Lamar
Kendrick Lamar,The Weeknd
Kodak Black,Kendrick Lamar
Buddy,Kendrick Lamar
Kodak Black,Kendrick Lamar
George Clinton,Kendrick Lamar
Bridget Kelly,Kendrick Lamar
Kodak Black,Kendrick Lamar
JaVonté,Kendrick Lamar
Punchline,Kendrick Lamar
ScHoolboy Q,Kendrick Lamar
Kendrick Lamar,The Weeknd
Kid Cudi,Kendrick Lamar
ScHoolboy Q,Kendrick Lamar
ScHoolboy Q,Jay Rock
ScHoolboy Q,Ab‐Soul
Kendrick Lamar,Jay Rock
Kendrick Lamar,Ab‐Soul
Jay Rock,Ab‐Soul
Mistah F.A.B.,KXNG Crooked
Mistah F.A.B.,Kendrick Lamar
Mistah F.A.B.,Kobe
KXNG Crooked,Kendrick Lamar
KXNG Crooked,Kobe
Kendrick Lamar,Kobe
2Pac,Cookin’ Soul
2Pac,Kendrick Lamar
Cookin’ Soul,Kendrick Lamar
Dr. Dre,Kendrick Lamar
Kid Cudi,Kendrick Lamar
Bridget Kelly,Kendrick Lamar
Bridget Kelly,Kendrick Lamar
Bridget Kelly,Kendrick Lamar
Bridget Kelly,DJ September 7th
Kendrick Lamar,DJ September 7th
The 1975,Kendrick Lamar
Baby Keem,Bri Steves
Baby Keem,Kendrick Lamar
Bri Steves,Kendrick Lamar
Jay Rock,Kendrick Lamar
Kodak Black,Kendrick Lamar
Swizz Beatz,Kendrick Lamar
Swizz Beatz,Jadakiss
Swizz Beatz,Styles P
Kendrick Lamar,Jadakiss
Kendrick Lamar,Styles P
Jadakiss,Styles P
Kodak Black,Kendrick Lamar
Kendrick Lamar,The Weeknd
Jay Rock,Kendrick Lamar
Jay Rock,Ab‐Soul
Kendrick Lamar,Ab‐Soul
Kendrick Lamar,The Weeknd
Kid Cudi,Kendrick Lamar
Kendrick Lamar,Bad Lucc
Kendrick Lamar,Jay Rock
Kendrick Lamar,ScHoolboy Q
Kendrick Lamar,Ab‐Soul
Bad Lucc,Jay Rock
Bad Lucc,ScHoolboy Q
Bad Lucc,Ab‐Soul
Jay Rock,ScHoolboy Q
Jay Rock,Ab‐Soul
ScHoolboy Q,Ab‐Soul
Kendrick Lamar,DJ September 7th
Jay Rock,Kendrick Lamar
Jay Rock,Ab‐Soul
Kendrick Lamar,Ab‐Soul
Sia,Kendrick Lamar
Snoop Dogg,Kendrick Lamar
Snoop Dogg,Jay Rock
Kendrick Lamar,Jay Rock
Sia,Kendrick Lamar
Dr. Dre,DJ Critical Hype
Dr. Dre,Kendrick Lamar
DJ Critical Hype,Kendrick Lamar
ScHoolboy Q,Kendrick Lamar
ScHoolboy Q,Jay Rock
ScHoolboy Q,Ab‐Soul
Kendrick Lamar,Jay Rock
Kendrick Lamar,Ab‐Soul
Jay Rock,Ab‐Soul
Jay Rock,Ya Boy
Jay Rock,Kendrick Lamar
Jay Rock,The Game
Ya Boy,Kendrick Lamar
Ya Boy,The Game
Kendrick Lamar,The Game
Kendrick Lamar,Dash Snow
Blood Type,GhostWridah
Blood Type,Kendrick Lamar
GhostWridah,Kendrick Lamar
Sia,Kendrick Lamar
Kendrick Lamar,Dash Snow
Kendrick Lamar,The Game
Sia,Kendrick Lamar
Kendrick Lamar,Ab‐Soul
Dr. Dre,DJ Critical Hype
Dr. Dre,Kendrick Lamar
DJ Critical Hype,Kendrick Lamar
Kendrick Lamar,TheMusicNerdGuy
Kendrick Lamar,DJ September 7th
Kendrick Lamar,Rapper Big Pooh
Sia,Kendrick Lamar
Kendrick Lamar,DJ September 7th
Kendrick Lamar,The Game
Jay Rock,ScHoolboy Q
Jay Rock,Kendrick Lamar
Jay Rock,Ab‐Soul
ScHoolboy Q,Kendrick Lamar
ScHoolboy Q,Ab‐Soul
Kendrick Lamar,Ab‐Soul
Sia,Kendrick Lamar
OverDoz.,Kendrick Lamar
Jasmine V,Kendrick Lamar
Kendrick Lamar,The Game
Roscoe,Kendrick Lamar
Kendrick Lamar,DJ September 7th
Kendrick Lamar,Black Hippy
Kendrick Lamar,DJ September 7th
The Game,Kendrick Lamar
XV,Kendrick Lamar
Kendrick Lamar,DJ September 7th
Kendrick Lamar,YG Hootie
Roscoe,Kendrick Lamar
Kendrick Lamar,Jay Rock
XV,Kendrick Lamar
¡MAYDAY!,Blood Type
¡MAYDAY!,Kendrick Lamar
Blood Type,Kendrick Lamar
Kendrick Lamar,Jay Rock
Kendrick Lamar,Black Hippy
Kendrick Lamar,ScHoolboy Q
Kendrick Lamar,Ab‐Soul
Jay Rock,Black Hippy
Jay Rock,ScHoolboy Q
Jay Rock,Ab‐Soul
Black Hippy,ScHoolboy Q
Black Hippy,Ab‐Soul
ScHoolboy Q,Ab‐Soul
Kendrick Lamar,BJ the Chicago Kid
Eminem,50 Cent
Eminem,Kendrick Lamar
50 Cent,Kendrick Lamar
Kendrick Lamar,DJ September 7th
Kendrick Lamar,Baby Keem
SZA,Kendrick Lamar
SZA,Jay Rock
Kendrick Lamar,Jay Rock
ScHoolboy Q,Kendrick Lamar
ScHoolboy Q,Kendrick Lamar
Kendrick Lamar,Baby Keem
Terrace Martin,Kendrick Lamar
Glasses Malone,Killer Mike
Glasses Malone,Kendrick Lamar
Killer Mike,Kendrick Lamar
Kendrick Lamar,Omen
Kendrick Lamar,Shalonda
Omen,Shalonda
Kendrick Lamar,Jay Rock
Dr. Dre,Kendrick Lamar
Dr. Dre,Black Hippy
Kendrick Lamar,Black Hippy
Anna Wise,Kendrick Lamar
Anna Wise,Bilal
Anna Wise,Thundercat
Kendrick Lamar,Bilal
Kendrick Lamar,Thundercat
Bilal,Thundercat
Anna Wise,Kendrick Lamar
Anna Wise,Bilal
Anna Wise,Thundercat
Kendrick Lamar,Bilal
Kendrick Lamar,Thundercat
Bilal,Thundercat
Kendrick Lamar,YG Hootie
BO,Kendrick Lamar
BO,Jay Rock
BO,Ab‐Soul
Kendrick Lamar,Jay Rock
Kendrick Lamar,Ab‐Soul
Jay Rock,Ab‐Soul
Pharrell Williams,Mike WiLL Made‐It
Pharrell Williams,Kendrick Lamar
Mike WiLL Made‐It,Kendrick Lamar
Kendrick Lamar,DJ September 7th
Anderson .Paak,Kendrick Lamar
Glasses Malone,Kendrick Lamar
Kendrick Lamar,Jay Rock
DJ Dave,BO
DJ Dave,Kendrick Lamar
DJ Dave,Jay Rock
DJ Dave,DJ Skee
DJ Dave,DJ Ill Will
DJ Dave,Ab‐Soul
BO,Kendrick Lamar
BO,Jay Rock
BO,DJ Skee
BO,DJ Ill Will
BO,Ab‐Soul
Kendrick Lamar,Jay Rock
Kendrick Lamar,DJ Skee
Kendrick Lamar,DJ Ill Will
Kendrick Lamar,Ab‐Soul
Jay Rock,DJ Skee
Jay Rock,DJ Ill Will
Jay Rock,Ab‐Soul
DJ Skee,DJ Ill Will
DJ Skee,Ab‐Soul
DJ Ill Will,Ab‐Soul
Anna Wise,Kendrick Lamar
Anna Wise,Bilal
Anna Wise,Thundercat
Kendrick Lamar,Bilal
Kendrick Lamar,Thundercat
Bilal,Thundercat
Kendrick Lamar,Jay Rock
Kendrick Lamar,Ab‐Soul
Jay Rock,Ab‐Soul
Anna Wise,Kendrick Lamar
Anna Wise,Bilal
Anna Wise,Thundercat
Kendrick Lamar,Bilal
Kendrick Lamar,Thundercat
Bilal,Thundercat
JaVonté,Kendrick Lamar
Lefty GunPlay,Kendrick Lamar
DJ Khaled,J. Cole
DJ Khaled,Kendrick Lamar
DJ Khaled,Big K.R.I.T.
J. Cole,Kendrick Lamar
J. Cole,Big K.R.I.T.
Kendrick Lamar,Big K.R.I.T.
Anna Wise,Kendrick Lamar
Anna Wise,Bilal
Anna Wise,Thundercat
Kendrick Lamar,Bilal
Kendrick Lamar,Thundercat
Bilal,Thundercat
Anderson .Paak,Kendrick Lamar
Anna Wise,Kendrick Lamar
Anna Wise,Bilal
Anna Wise,Thundercat
Kendrick Lamar,Bilal
Kendrick Lamar,Thundercat
Bilal,Thundercat
Kendrick Lamar,DJ September 7th
Dr. Dre,2Pac
Dr. Dre,Roger Troutman
Dr. Dre,Lefty GunPlay
Dr. Dre,Kendrick Lamar
Dr. Dre,Snoop Dogg
2Pac,Roger Troutman
2Pac,Lefty GunPlay
2Pac,Kendrick Lamar
2Pac,Snoop Dogg
Roger Troutman,Lefty GunPlay
Roger Troutman,Kendrick Lamar
Roger Troutman,Snoop Dogg
Lefty GunPlay,Kendrick Lamar
Lefty GunPlay,Snoop Dogg
Kendrick Lamar,Snoop Dogg
Terrace Martin,Kendrick Lamar
Lefty GunPlay,Kendrick Lamar
Kendrick Lamar,Ab‐Soul
Kendrick Lamar,Jay Rock
Kendrick Lamar,Lil Louie
Kendrick Lamar,AJ
Jay Rock,Lil Louie
Jay Rock,AJ
Lil Louie,AJ
Lefty GunPlay,Kendrick Lamar
Dr. Dre,Kendrick Lamar
BO,Kendrick Lamar
BO,Jay Rock
BO,Ab‐Soul
Kendrick Lamar,Jay Rock
Kendrick Lamar,Ab‐Soul
Jay Rock,Ab‐Soul
Dr. Dre,Kendrick Lamar
Anna Wise,Kendrick Lamar
Anna Wise,Bilal
Anna Wise,Thundercat
Kendrick Lamar,Bilal
Kendrick Lamar,Thundercat
Bilal,Thundercat
Terrace Martin,Kendrick Lamar
Lefty GunPlay,Kendrick Lamar
Anna Wise,Kendrick Lamar
Anna Wise,Bilal
Anna Wise,Thundercat
Kendrick Lamar,Bilal
Kendrick Lamar,Thundercat
Bilal,Thundercat
Dr. Dre,Kendrick Lamar
Anna Wise,Kendrick Lamar
Anna Wise,Bilal
Anna Wise,Thundercat
Kendrick Lamar,Bilal
Kendrick Lamar,Thundercat
Bilal,Thundercat
Dr. Dre,Kendrick Lamar
Dr. Dre,Kendrick Lamar
Kendrick Lamar,DJ September 7th
Glasses Malone,Kendrick Lamar
Kendrick Lamar,Baby Keem
Punch,Kendrick Lamar
Punch,Jay Rock
Punch,ScHoolboy Q
Punch,Ab‐Soul
Kendrick Lamar,Jay Rock
Kendrick Lamar,ScHoolboy Q
Kendrick Lamar,Ab‐Soul
Jay Rock,ScHoolboy Q
Jay Rock,Ab‐Soul
ScHoolboy Q,Ab‐Soul
Anderson .Paak,Kendrick Lamar
Anderson .Paak,Kendrick Lamar
Kendrick Lamar,YG Hootie
Dr. Dre,Kendrick Lamar
Dr. Dre,Kendrick Lamar
Pharrell Williams,Mike WiLL Made‐It
Pharrell Williams,Kendrick Lamar
Mike WiLL Made‐It,Kendrick Lamar
Terrace Martin,Kendrick Lamar
Kendrick Lamar,Omen
Kendrick Lamar,Shalonda
Omen,Shalonda
ScHoolboy Q,Kendrick Lamar
ScHoolboy Q,Jay Rock
ScHoolboy Q,Ab‐Soul
Kendrick Lamar,Jay Rock
Kendrick Lamar,Ab‐Soul
Jay Rock,Ab‐Soul
Lefty GunPlay,Kendrick Lamar
Kendrick Lamar,Ab‐Soul
Ebro Darden,Kendrick Lamar
Ebro Darden,Nadeska Alexis
Kendrick Lamar,Nadeska Alexis
ScHoolboy Q,Kendrick Lamar
Dr. Dre,Kendrick Lamar
Lefty GunPlay,Kendrick Lamar
Emjae,Kendrick Lamar
Emjae,Jay Rock
Kendrick Lamar,Jay Rock
Kendrick Lamar,Ab‐Soul
George Clinton,Kendrick Lamar
George Clinton,Thundercat
Kendrick Lamar,Thundercat
Dr. Dre,DJ Critical Hype
Dr. Dre,Kendrick Lamar
DJ Critical Hype,Kendrick Lamar
Kendrick Lamar,Smoke DZA
50 Cent,Kendrick Lamar
Taylour Paige,Kendrick Lamar
Jeezy,Kendrick Lamar
Busta Rhymes,Kendrick Lamar
Busta Rhymes,Michael Jackson
Kendrick Lamar,Michael Jackson
Kendrick Lamar,Thundercat
Gucci Mane,Kendrick Lamar
Punchline,Kendrick Lamar
Punchline,Ab‐Soul
Kendrick Lamar,Ab‐Soul
Kendrick Lamar,Dom Kennedy
Kendrick Lamar,Isaiah Rashad
Kendrick Lamar,Q‐Tip
George Clinton,Kendrick Lamar
George Clinton,Thundercat
Kendrick Lamar,Thundercat
Gee Watts,Kendrick Lamar
Taylour Paige,Kendrick Lamar
George Clinton,Kendrick Lamar
George Clinton,Thundercat
Kendrick Lamar,Thundercat
50 Cent,Kendrick Lamar
50 Cent,Kendrick Lamar
Roc Marciano,Kendrick Lamar
Roc Marciano,Consequence
Kendrick Lamar,Consequence
BO,Kendrick Lamar
BO,Jay Rock
BO,ScHoolboy Q
BO,Ab‐Soul
Kendrick Lamar,Jay Rock
Kendrick Lamar,ScHoolboy Q
Kendrick Lamar,Ab‐Soul
Jay Rock,ScHoolboy Q
Jay Rock,Ab‐Soul
ScHoolboy Q,Ab‐Soul
50 Cent,Kendrick Lamar
Taylour Paige,Kendrick Lamar
50 Cent,Kendrick Lamar
George Clinton,Kendrick Lamar
George Clinton,Thundercat
Kendrick Lamar,Thundercat
Kendrick Lamar,G‐Unit
50 Cent,Kendrick Lamar
Kendrick Lamar,DJ September 7th
Gucci Mane,Kendrick Lamar
The Game,Kendrick Lamar
The Game,Jay Rock
Kendrick Lamar,Jay Rock
Kendrick Lamar,Dom Kennedy
George Clinton,Kendrick Lamar
George Clinton,Thundercat
Kendrick Lamar,Thundercat
Taylour Paige,Kendrick Lamar
Taylour Paige,Kendrick Lamar
George Clinton,Kendrick Lamar
George Clinton,Thundercat
Kendrick Lamar,Thundercat
Jay Rock,ScHoolboy Q
Jay Rock,Kendrick Lamar
Jay Rock,Ab‐Soul
ScHoolboy Q,Kendrick Lamar
ScHoolboy Q,Ab‐Soul
Kendrick Lamar,Ab‐Soul
Kendrick Lamar,Thundercat
Emjae,Kendrick Lamar
Emjae,Jay Rock
Kendrick Lamar,Jay Rock
Gucci Mane,Kendrick Lamar
DJ Dave,Punch
DJ Dave,BO
DJ Dave,Kendrick Lamar
DJ Dave,DJ Skee
DJ Dave,DJ Ill Will
Punch,BO
Punch,Kendrick Lamar
Punch,DJ Skee
Punch,DJ Ill Will
BO,Kendrick Lamar
BO,DJ Skee
BO,DJ Ill Will
Kendrick Lamar,DJ Skee
Kendrick Lamar,DJ Ill Will
DJ Skee,DJ Ill Will
Jeezy,Kendrick Lamar
Kendrick Lamar,Jay Rock
Kendrick Lamar,Ab‐Soul
Jay Rock,Ab‐Soul
Kendrick Lamar,U2
The Lonely Island,Kendrick Lamar
The Lonely Island,Adam Levine
Kendrick Lamar,Adam Levine
Kendrick Lamar,Adam Levine
Slim the Mobster,Kendrick Lamar
The Lonely Island,Kendrick Lamar
The Lonely Island,Adam Levine
Kendrick Lamar,Adam Levine
Vince Staples,KUČKA
Vince Staples,Kendrick Lamar
KUČKA,Kendrick Lamar
Kendrick Lamar,Ab‐Soul
Nipsey Hussle,Slim the Mobster
Nipsey Hussle,Kendrick Lamar
Slim the Mobster,Kendrick Lamar
ScHoolboy Q,Kendrick Lamar
Kendrick Lamar,Jay Rock
Kendrick Lamar,DJ September 7th
Kendrick Lamar,U2
Slim the Mobster,Kendrick Lamar
Kendrick Lamar,U2
Kendrick Lamar,Jay Rock
Dr. Dre,DJ Critical Hype
Dr. Dre,Kendrick Lamar
DJ Critical Hype,Kendrick Lamar
Lil B,Cyhi
Lil B,Kendrick Lamar
Lil B,Yelawolf
Cyhi,Kendrick Lamar
Cyhi,Yelawolf
Kendrick Lamar,Yelawolf
Kendrick Lamar,U2
The Lonely Island,Kendrick Lamar
The Lonely Island,Adam Levine
Kendrick Lamar,Adam Levine
Maroon 5,H.E.R.
Maroon 5,Future
Maroon 5,Megan Thee Stallion
Maroon 5,Marshmello
Maroon 5,Kendrick Lamar
Maroon 5,Future
Maroon 5,Future
Maroon 5,Future
Maroon 5,Future
Maroon 5,Future
Maroon 5,Megan Thee Stallion
Maroon 5,Future
Maroon 5,Future
Maroon 5,Future
Maroon 5,Kendrick Lamar
Maroon 5,Rozzi
Maroon 5,Future
Maroon 5,Megan Thee Stallion
Maroon 5,Gucci Mane
Maroon 5,Future
Gucci Mane,Future
Maroon 5,Future
Maroon 5,J. Cole
Maroon 5,Future
Maroon 5,Future
Maroon 5,Juice WRLD
Maroon 5,Future
Maroon 5,Future
Maroon 5,Future
Maroon 5,Future
Maroon 5,Tainy
Maroon 5,Anuel AA
Tainy,Anuel AA
Maroon 5,Megan Thee Stallion
Maroon 5,Cardi B
Maroon 5,Cardi B
Maroon 5,Kendrick Lamar
Maroon 5,Cardi B
Maroon 5,blackbear
Maroon 5,Kendrick Lamar
Maroon 5,Kendrick Lamar
Maroon 5,Cardi B
Maroon 5,Cardi B
Maroon 5,Cardi B
Maroon 5,Cardi B
Maroon 5,Cardi B
Maroon 5,Sly & the Family Stone
Maroon 5,Cardi B
Maroon 5,Cardi B
Maroon 5,Cardi B
Maroon 5,Kendrick Lamar
Maroon 5,Cardi B
Maroon 5,The Cool Kids
Maroon 5,Cardi B
Maroon 5,CRAY
Cardi B,CRAY
Maroon 5,Cardi B
Maroon 5,Cardi B
Maroon 5,Julia Michaels
Maroon 5,Rihanna
Maroon 5,Rihanna
Maroon 5,Sexyy Red
Maroon 5,Rihanna
Maroon 5,PJ Morton
Maroon 5,Rihanna
Maroon 5,Rihanna
Maroon 5,Rihanna
Maroon 5,Lil Wayne
Maroon 5,Rihanna
Maroon 5,Cross
Maroon 5,Kori Withers
Maroon 5,Bill Withers
Kori Withers,Bill Withers
Maroon 5,Christina Aguilera
Maroon 5,Christina Aguilera
Maroon 5,Christina Aguilera
Maroon 5,Mac Miller
Maroon 5,Christina Aguilera
Mac Miller,Christina Aguilera
Maroon 5,Christina Aguilera
Maroon 5,Christina Aguilera
Maroon 5,Christina Aguilera
Maroon 5,Christina Aguilera
Maroon 5,Christina Aguilera
Maroon 5,Christina Aguilera
Maroon 5,Christina Aguilera
Maroon 5,cupcakKe
Maroon 5,Lamaita
cupcakKe,Lamaita
Maroon 5,Christina Aguilera
Maroon 5,Christina Aguilera
Maroon 5,Maffio
Maroon 5,Christina Aguilera
Maroon 5,Christina Aguilera
Maroon 5,Christina Aguilera
Maroon 5,J Balvin
Maroon 5,Christina Aguilera
Maroon 5,Big Sean
Maroon 5,Christina Aguilera
Maroon 5,DJ ICE
Maroon 5,Mickey Guyton
Maroon 5,Christina Aguilera
Maroon 5,Christina Aguilera
Maroon 5,Christina Aguilera
Maroon 5,Nipsey Hussle
Maroon 5,YG
Nipsey Hussle,YG
Maroon 5,Christina Aguilera
Maroon 5,Christina Aguilera
Maroon 5,Christina Aguilera
Maroon 5,Christina Aguilera
Maroon 5,Nipsey Hussle
Maroon 5,YG
Nipsey Hussle,YG
Maroon 5,Christina Aguilera
Maroon 5,Christina Aguilera
Maroon 5,Christina Aguilera
Maroon 5,Wiz Khalifa
Maroon 5,Wiz Khalifa
Maroon 5,Christina Aguilera
Maroon 5,Christina Aguilera
Maroon 5,Wiz Khalifa
Maroon 5,Popcaan
Maroon 5,Bantu
Maroon 5,Ed Sheeran
Maroon 5,Wiz Khalifa
Maroon 5,Wiz Khalifa
Maroon 5,Stein
Maroon 5,Gwen Stefani
Maroon 5,Mac Miller
Maroon 5,Christina Aguilera
Mac Miller,Christina Aguilera
Maroon 5,Wiz Khalifa
Maroon 5,Gwen Stefani
Maroon 5,Wiz Khalifa
Maroon 5,Wiz Khalifa
Maroon 5,Wiz Khalifa
Maroon 5,Bantu
Maroon 5,Latto
Maroon 5,BLEU
Bantu,Latto
Bantu,BLEU
Latto,BLEU
Maroon 5,Wiz Khalifa
Maroon 5,Christina Aguilera
Maroon 5,Christina Aguilera
Maroon 5,Christina Aguilera
Maroon 5,Christina Aguilera
Maroon 5,Wiz Khalifa
Maroon 5,Christina Aguilera
Maroon 5,Lady A
Maroon 5,Christina Aguilera
Maroon 5,Stevie Nicks
Maroon 5,Wiz Khalifa
Maroon 5,Wiz Khalifa
Maroon 5,Stevie Nicks
David Guetta,Usher
David Guetta,Nicki Minaj
David Guetta,Ne‐Yo
David Guetta,Afrojack
David Guetta,Nayer
David Guetta,Maroon 5
David Guetta,Black Eyed Peas
David Guetta,Christina Aguilera
David Guetta,Flo Rida
David Guetta,Snoop Dogg
David Guetta,Example
David Guetta,Kelis
David Guetta,LMFAO
David Guetta,Pitbull
David Guetta,Calvin Harris
David Guetta,Chris Brown
Usher,Nicki Minaj
Usher,Ne‐Yo
Usher,Afrojack
Usher,Nayer
Usher,Maroon 5
Usher,Black Eyed Peas
Usher,Christina Aguilera
Usher,Flo Rida
Usher,Snoop Dogg
Usher,Example
Usher,Kelis
Usher,LMFAO
Usher,Pitbull
Usher,Calvin Harris
Usher,Chris Brown
Nicki Minaj,Ne‐Yo
Nicki Minaj,Afrojack
Nicki Minaj,Nayer
Nicki Minaj,Maroon 5
Nicki Minaj,Black Eyed Peas
Nicki Minaj,Christina Aguilera
Nicki Minaj,Flo Rida
Nicki Minaj,Snoop Dogg
Nicki Minaj,Example
Nicki Minaj,Kelis
Nicki Minaj,LMFAO
Nicki Minaj,Pitbull
Nicki Minaj,Calvin Harris
Nicki Minaj,Chris Brown
Ne‐Yo,Afrojack
Ne‐Yo,Nayer
Ne‐Yo,Maroon 5
Ne‐Yo,Black Eyed Peas
Ne‐Yo,Christina Aguilera
Ne‐Yo,Flo Rida
Ne‐Yo,Snoop Dogg
Ne‐Yo,Example
Ne‐Yo,Kelis
Ne‐Yo,LMFAO
Ne‐Yo,Pitbull
Ne‐Yo,Calvin Harris
Ne‐Yo,Chris Brown
Afrojack,Nayer
Afrojack,Maroon 5
Afrojack,Black Eyed Peas
Afrojack,Christina Aguilera
Afrojack,Flo Rida
Afrojack,Snoop Dogg
Afrojack,Example
Afrojack,Kelis
Afrojack,LMFAO
Afrojack,Pitbull
Afrojack,Calvin Harris
Afrojack,Chris Brown
Nayer,Maroon 5
Nayer,Black Eyed Peas
Nayer,Christina Aguilera
Nayer,Flo Rida
Nayer,Snoop Dogg
Nayer,Example
Nayer,Kelis
Nayer,LMFAO
Nayer,Pitbull
Nayer,Calvin Harris
Nayer,Chris Brown
Maroon 5,Black Eyed Peas
Maroon 5,Christina Aguilera
Maroon 5,Flo Rida
Maroon 5,Snoop Dogg
Maroon 5,Example
Maroon 5,Kelis
Maroon 5,LMFAO
Maroon 5,Pitbull
Maroon 5,Calvin Harris
Maroon 5,Chris Brown
Black Eyed Peas,Christina Aguilera
Black Eyed Peas,Flo Rida
Black Eyed Peas,Snoop Dogg
Black Eyed Peas,Example
Black Eyed Peas,Kelis
Black Eyed Peas,LMFAO
Black Eyed Peas,Pitbull
Black Eyed Peas,Calvin Harris
Black Eyed Peas,Chris Brown
Christina Aguilera,Flo Rida
Christina Aguilera,Snoop Dogg
Christina Aguilera,Example
Christina Aguilera,Kelis
Christina Aguilera,LMFAO
Christina Aguilera,Pitbull
Christina Aguilera,Calvin Harris
Christina Aguilera,Chris Brown
Flo Rida,Snoop Dogg
Flo Rida,Example
Flo Rida,Kelis
Flo Rida,LMFAO
Flo Rida,Pitbull
Flo Rida,Calvin Harris
Flo Rida,Chris Brown
Snoop Dogg,Example
Snoop Dogg,Kelis
Snoop Dogg,LMFAO
Snoop Dogg,Pitbull
Snoop Dogg,Calvin Harris
Snoop Dogg,Chris Brown
Example,Kelis
Example,LMFAO
Example,Pitbull
Example,Calvin Harris
Example,Chris Brown
Kelis,LMFAO
Kelis,Pitbull
Kelis,Calvin Harris
Kelis,Chris Brown
LMFAO,Pitbull
LMFAO,Calvin Harris
LMFAO,Chris Brown
Pitbull,Calvin Harris
Pitbull,Chris Brown
Calvin Harris,Chris Brown
Maroon 5,Wiz Khalifa
Maroon 5,LiSA
Maroon 5,Wiz Khalifa
Maroon 5,Wiz Khalifa
Maroon 5,Wiz Khalifa
Maroon 5,LISA
Maroon 5,Wiz Khalifa
Maroon 5,Wiz Khalifa
Maroon 5,Wiz Khalifa
Maroon 5,Wiz Khalifa
Maroon 5,Wiz Khalifa
Maroon 5,Wiz Khalifa
Maroon 5,Wiz Khalifa
Maroon 5,LiSA
Maroon 5,LISA
Maroon 5,Rhythms del Mundo
Maroon 5,Wiz Khalifa
Maroon 5,Wiz Khalifa
Buena Vista Social Club,Maroon 5
Maroon 5,Wiz Khalifa
Mariah Carey,Maroon 5
Mariah Carey,Sting
Mariah Carey,Jamie Foxx
Mariah Carey,will.i.am
Mariah Carey,Alicia Keys
Mariah Carey,Shakira
Mariah Carey,Mary J. Blige
Mariah Carey,Beyoncé
Mariah Carey,Stevie Wonder
Maroon 5,Sting
Maroon 5,Jamie Foxx
Maroon 5,will.i.am
Maroon 5,Alicia Keys
Maroon 5,Shakira
Maroon 5,Mary J. Blige
Maroon 5,Beyoncé
Maroon 5,Stevie Wonder
Sting,Jamie Foxx
Sting,will.i.am
Sting,Alicia Keys
Sting,Shakira
Sting,Mary J. Blige
Sting,Beyoncé
Sting,Stevie Wonder
Jamie Foxx,will.i.am
Jamie Foxx,Alicia Keys
Jamie Foxx,Shakira
Jamie Foxx,Mary J. Blige
Jamie Foxx,Beyoncé
Jamie Foxx,Stevie Wonder
will.i.am,Alicia Keys
will.i.am,Shakira
will.i.am,Mary J. Blige
will.i.am,Beyoncé
will.i.am,Stevie Wonder
Alicia Keys,Shakira
Alicia Keys,Mary J. Blige
Alicia Keys,Beyoncé
Alicia Keys,Stevie Wonder
Shakira,Mary J. Blige
Shakira,Beyoncé
Shakira,Stevie Wonder
Mary J. Blige,Beyoncé
Mary J. Blige,Stevie Wonder
Beyoncé,Stevie Wonder
Maroon 5,Dizzman
Maroon 5,Nicki Minaj
Maroon 5,Vanessa Williams
Maroon 5,Ye
Maroon 5,Alesso
Maroon 5,Alesso
Maroon 5,SZA
Maroon 5,SZA
Maroon 5,SZA
Maroon 5,DJ Tich
Maroon 5,SZA
Maroon 5,Mary J. Blige
Maroon 5,LunchMoney Lewis
Maroon 5,SZA
Maroon 5,Alesso
Maroon 5,David Banner
Maroon 5,SZA
Maroon 5,SZA
Maroon 5,A Boogie Wit da Hoodie
Maroon 5,A$AP Rocky
Eminem,Planet Asia
Eminem,Akinyele
Planet Asia,Akinyele
Eminem,DJ Fletch
Eminem,DJ Fletch
Eminem,DJ Fletch
Eminem,DJ Fletch
Old World Disorder,Eminem
Eminem,DJ Fletch
Eminem,DJ Fletch
Eminem,DJ Fletch
A.L.,Shabaam Sahdeeq
A.L.,Kwest Tha Madd Lad
A.L.,SKAM2?
A.L.,Eminem
Shabaam Sahdeeq,Kwest Tha Madd Lad
Shabaam Sahdeeq,SKAM2?
Shabaam Sahdeeq,Eminem
Kwest Tha Madd Lad,SKAM2?
Kwest Tha Madd Lad,Eminem
SKAM2?,Eminem
Eminem,Dr. Dre
Eminem,DJ Fletch
Eminem,DJ Fletch
Eminem,50 Cent
Eminem,DJ Fletch
Eminem,DJ Fletch
Eminem,DJ Fletch
Eminem,Dilated Peoples
A.L.,Shabaam Sahdeeq
A.L.,Kwest Tha Madd Lad
A.L.,SKAM2?
A.L.,Eminem
Shabaam Sahdeeq,Kwest Tha Madd Lad
Shabaam Sahdeeq,SKAM2?
Shabaam Sahdeeq,Eminem
Kwest Tha Madd Lad,SKAM2?
Kwest Tha Madd Lad,Eminem
SKAM2?,Eminem
Eminem,DJ Fletch
Eminem,DJ Capcom
Eminem,DJ Haze
DJ Capcom,DJ Haze
Eminem,DJ Fletch
Eminem,The Notorious B.I.G.
Eminem,DJ Fletch
Eminem,DJ Fletch
Eminem,Skylar Grey
Eminem,DJ Fletch
Eminem,DJ Fletch
Old World Disorder,Eminem
Eminem,DJ Fletch
Eminem,DJ Fletch
Eminem,The Beatles
Eminem,DJ Whiteowl
Eminem,JAY‐Z
Old World Disorder,Eminem
Eminem,DJ Fletch
Eminem,DJ Fletch
Eminem,Skylar Grey
Old World Disorder,Eminem
Eminem,DJ Fletch
Eminem,Dr. Dre
Eminem,DJ Fletch
Eminem,DJ Fletch
Old World Disorder,Eminem
Eminem,DJ Fletch
Eminem,Lloyd Banks
Eminem,DJ Fletch
Eminem,Yelawolf
Eminem,Slaughterhouse
Eminem,DJ September 7th
Yelawolf,Slaughterhouse
Yelawolf,DJ September 7th
Slaughterhouse,DJ September 7th
Eminem,DJ Fletch
Eminem,DJ Fletch
Eminem,DJ Capcom
Eminem,DJ Haze
DJ Capcom,DJ Haze
Eminem,50 Cent
Eminem,Nick Serra
Eminem,Ryan Carter
Nick Serra,Ryan Carter
Eminem,Royce da 5′9″
Eminem,50 Cent
Eminem,D12
Eminem,DJ Fletch
Eminem,T.I.
Eminem,Hayley Williams
Eminem,B.o.B
Hayley Williams,B.o.B
Eminem,DJ Fletch
Eminem,DJ Fletch
Eminem,DJ Fletch
Eminem,Hayley Williams
Eminem,B.o.B
Hayley Williams,B.o.B
Eminem,DJ Fletch
Eminem,Hayley Williams
Eminem,Hayley Williams
Eminem,B.o.B
Hayley Williams,B.o.B
Eminem,Hayley Williams
Eminem,B.o.B
Eminem,DJ Whiteowl
Hayley Williams,B.o.B
Hayley Williams,DJ Whiteowl
B.o.B,DJ Whiteowl
Eminem,Ganxsta Ridd
Eminem,B‐Real
Ganxsta Ridd,B‐Real
Eminem,Bizarre
Eminem,DJ Fletch
Eminem,T.I.
Boo‐Yaa T.R.I.B.E.,Eminem
Boo‐Yaa T.R.I.B.E.,B‐Real
Eminem,B‐Real
Eminem,Mr. Porter
Eminem,Royce da 5′9″
Eminem,DJ Fletch
Eminem,Bizarre
Eminem,Hayley Williams
Eminem,B.o.B
Hayley Williams,B.o.B
Eminem,Bizarre
Eminem,DJ Fletch
Eminem,DJ Fletch
Eminem,DJ Fletch
Eminem,DJ Fletch
Eminem,DJ Fletch
Boo‐Yaa T.R.I.B.E.,Eminem
Boo‐Yaa T.R.I.B.E.,B‐Real
Eminem,B‐Real
Eminem,DJ Fletch
Eminem,DJ Fletch
Eminem,Royce da 5′9″
Eminem,Hayley Williams
Royce da 5′9″,Hayley Williams
Eminem,Liz Rodriguez
Eminem,B.o.B
Liz Rodriguez,B.o.B
Eminem,DJ Fletch
Eminem,DJ Fletch
Eminem,DJ Fletch
Eminem,DJ Fletch
Eminem,Hayley Williams
Eminem,B.o.B
Hayley Williams,B.o.B
Eminem,DJ Capcom
Eminem,DJ Haze
DJ Capcom,DJ Haze
Eminem,Bizarre
Eminem,B‐Real
Bizarre,B‐Real
Eminem,2Pac
Eminem,Linkin Park
Eminem,50 Cent
Eminem,B‐Real
Eminem,DJ Fletch
Eminem,DJ Capcom
Eminem,DJ Haze
DJ Capcom,DJ Haze
Eminem,Boo‐Yaa T.R.I.B.E.
Eminem,B‐Real
Boo‐Yaa T.R.I.B.E.,B‐Real
Eminem,Eye‐Kyu
Eminem,DJ Fletch
Eminem,DJ Whiteowl
Eminem,Slaughterhouse
Eminem,Yelawolf
Slaughterhouse,Yelawolf
Eminem,Hayley Williams
Eminem,B.o.B
Hayley Williams,B.o.B
Eminem,DJ Fletch
Eminem,Bizarre
Eminem,Linkin Park
Eminem,Bizarre
Eminem,Juvenile
Eminem,Peter Gunz
Eminem,Nas
Juvenile,Peter Gunz
Juvenile,Nas
Peter Gunz,Nas
Eminem,Skylar Grey
Eminem,Slaughterhouse
Eminem,D12
Eminem,Stat Quo
Eminem,Bizarre
Eminem,JID
Eminem,Skylar Grey
Eminem,David Begun
Eminem,Pete Rock
David Begun,Pete Rock
Eminem,Shyan Selah
Eminem,Slaughterhouse
Eminem,Chaos Kid
Eminem,Proof
Chaos Kid,Proof
Eminem,Yelawolf
Eminem,Slaughterhouse
Yelawolf,Slaughterhouse
Eminem,Capone‐N‐Noreaga
Eminem,Linkin Park
Eminem,JID
Eminem,JID
Eminem,DJ Whiteowl
Eminem,David Begun
Eminem,Pete Rock
David Begun,Pete Rock
Eminem,2Pac
Eminem,Bizarre
Eminem,Chaos Kid
Eminem,Yelawolf
Eminem,Slaughterhouse
Eminem,DJ September 7th
Yelawolf,Slaughterhouse
Yelawolf,DJ September 7th
Slaughterhouse,DJ September 7th
Eminem,Linkin Park
50 Cent,Tony Yayo
50 Cent,Obie Trice
50 Cent,Eminem
50 Cent,Lloyd Banks
Tony Yayo,Obie Trice
Tony Yayo,Eminem
Tony Yayo,Lloyd Banks
Obie Trice,Eminem
Obie Trice,Lloyd Banks
Eminem,Lloyd Banks
Eminem,Busta Rhymes
Eminem,50 Cent
Busta Rhymes,50 Cent
Eminem,Lil Wayne
Eminem,Busta Rhymes
Eminem,50 Cent
Busta Rhymes,50 Cent
Eminem,White Gold
Eminem,2Pac
Eminem,DMX
2Pac,DMX
Eminem,Dr. Dre
Eminem,Busta Rhymes
Eminem,50 Cent
Busta Rhymes,50 Cent
Eminem,Dr. Dre
Eminem,Royce da 5′9″
Eminem,Dr. Dre
Eminem,X Ambassadors
Eminem,Proof
Eminem,Conway
Eminem,Sia
Eminem,Dr. Dre
Eminem,Sia
Eminem,Griselda
Eminem,Dr. Dre
Eminem,Yasiin Bey
Eminem,Nas
Eminem,Proof
Yasiin Bey,Nas
Yasiin Bey,Proof
Nas,Proof
Eminem,Royce da 5′9″
Eminem,Busta Rhymes
Eminem,50 Cent
Busta Rhymes,50 Cent
Eminem,Dr. Dre
Eminem,Mel‐Man
Dr. Dre,Mel‐Man
Eminem,Yelawolf
Eminem,Yelawolf
Eminem,Royce da 5′9″
Eminem,Royce da 5′9″
Eminem,Dr. Dre
Eminem,X Ambassadors
Eminem,Dr. Dre
Eminem,50 Cent
Eminem,White Gold
Eminem,Dr. Dre
Nas,JAY‐Z
Nas,2Pac
Nas,Mack 10
Nas,The Notorious B.I.G.
Nas,Eve
Nas,Eminem
Nas,DMX
Nas,Jadakiss
JAY‐Z,2Pac
JAY‐Z,Mack 10
JAY‐Z,The Notorious B.I.G.
JAY‐Z,Eve
JAY‐Z,Eminem
JAY‐Z,DMX
JAY‐Z,Jadakiss
2Pac,Mack 10
2Pac,The Notorious B.I.G.
2Pac,Eve
2Pac,Eminem
2Pac,DMX
2Pac,Jadakiss
Mack 10,The Notorious B.I.G.
Mack 10,Eve
Mack 10,Eminem
Mack 10,DMX
Mack 10,Jadakiss
The Notorious B.I.G.,Eve
The Notorious B.I.G.,Eminem
The Notorious B.I.G.,DMX
The Notorious B.I.G.,Jadakiss
Eve,Eminem
Eve,DMX
Eve,Jadakiss
Eminem,DMX
Eminem,Jadakiss
DMX,Jadakiss
Eminem,Lloyd Banks
Eminem,50 Cent
Eminem,Tony Yayo
Lloyd Banks,50 Cent
Lloyd Banks,Tony Yayo
50 Cent,Tony Yayo
Dr. Dre,Xzibit
Dr. Dre,Nate Dogg
Dr. Dre,Snoop Dogg
Dr. Dre,Eminem
Xzibit,Nate Dogg
Xzibit,Snoop Dogg
Xzibit,Eminem
Nate Dogg,Snoop Dogg
Nate Dogg,Eminem
Snoop Dogg,Eminem
Dr. Dre,Nate Dogg
Dr. Dre,Snoop Dogg
Dr. Dre,Eminem
Dr. Dre,J.Period
Nate Dogg,Snoop Dogg
Nate Dogg,Eminem
Nate Dogg,J.Period
Snoop Dogg,Eminem
Snoop Dogg,J.Period
Eminem,J.Period
Eminem,Blu Cantrell
Dr. Dre,Xzibit
Dr. Dre,Nate Dogg
Dr. Dre,Snoop Dogg
Dr. Dre,Eminem
Xzibit,Nate Dogg
Xzibit,Snoop Dogg
Xzibit,Eminem
Nate Dogg,Snoop Dogg
Nate Dogg,Eminem
Snoop Dogg,Eminem
Eminem,50 Cent
Dr. Dre,Xzibit
Dr. Dre,Nate Dogg
Dr. Dre,Snoop Dogg
Dr. Dre,Eminem
Xzibit,Nate Dogg
Xzibit,Snoop Dogg
Xzibit,Eminem
Nate Dogg,Snoop Dogg
Nate Dogg,Eminem
Snoop Dogg,Eminem
Eminem,Kastro
Eminem,2Pac
Eminem,Young Noble
Kastro,2Pac
Kastro,Young Noble
2Pac,Young Noble
Dr. Dre,Xzibit
Dr. Dre,Nate Dogg
Dr. Dre,Snoop Dogg
Dr. Dre,Eminem
Xzibit,Nate Dogg
Xzibit,Snoop Dogg
Xzibit,Eminem
Nate Dogg,Snoop Dogg
Nate Dogg,Eminem
Snoop Dogg,Eminem
Eminem,Dr. Dre
Eminem,Obie Trice
Dr. Dre,Obie Trice
Eminem,Skylar Grey
Dr. Dre,Xzibit
Dr. Dre,Nate Dogg
Dr. Dre,Snoop Dogg
Dr. Dre,Eminem
Xzibit,Nate Dogg
Xzibit,Snoop Dogg
Xzibit,Eminem
Nate Dogg,Snoop Dogg
Nate Dogg,Eminem
Snoop Dogg,Eminem
Eminem,D12
Eminem,G‐Unit
Dr. Dre,Xzibit
Dr. Dre,Nate Dogg
Dr. Dre,Snoop Dogg
Dr. Dre,Eminem
Xzibit,Nate Dogg
Xzibit,Snoop Dogg
Xzibit,Eminem
Nate Dogg,Snoop Dogg
Nate Dogg,Eminem
Snoop Dogg,Eminem
Eminem,DJ Premier
Ca$his,Eminem
Eminem,DJ Capcom
Eminem,DJ Haze
DJ Capcom,DJ Haze
Eminem,50 Cent
Eminem,Kastro
Eminem,2Pac
Eminem,Young Noble
Kastro,2Pac
Kastro,Young Noble
2Pac,Young Noble
Eminem,D12
Dr. Dre,Xzibit
Dr. Dre,Sway & King Tech
Dr. Dre,B.G.
Dr. Dre,Snoop Dogg
Dr. Dre,Eminem
Xzibit,Sway & King Tech
Xzibit,B.G.
Xzibit,Snoop Dogg
Xzibit,Eminem
Sway & King Tech,B.G.
Sway & King Tech,Snoop Dogg
Sway & King Tech,Eminem
B.G.,Snoop Dogg
B.G.,Eminem
Snoop Dogg,Eminem
Eminem,Dunkey
Dr. Dre,Xzibit
Dr. Dre,The Notorious B.I.G.
Dr. Dre,Snoop Dogg
Dr. Dre,Eminem
Xzibit,The Notorious B.I.G.
Xzibit,Snoop Dogg
Xzibit,Eminem
The Notorious B.I.G.,Snoop Dogg
The Notorious B.I.G.,Eminem
Snoop Dogg,Eminem
Eminem,Dr. Dre
Eminem,Snoop Dogg
Eminem,Chalie Boy
Dr. Dre,Snoop Dogg
Dr. Dre,Chalie Boy
Snoop Dogg,Chalie Boy
Eminem,Nate Dogg
Eminem,The Prodigy
Eminem,James Hype
Nate Dogg,The Prodigy
Nate Dogg,James Hype
The Prodigy,James Hype
Dr. Dre,Xzibit
Dr. Dre,Nate Dogg
Dr. Dre,Snoop Dogg
Dr. Dre,Eminem
Xzibit,Nate Dogg
Xzibit,Snoop Dogg
Xzibit,Eminem
Nate Dogg,Snoop Dogg
Nate Dogg,Eminem
Snoop Dogg,Eminem
Eminem,Michael Jackson
Eminem,Lloyd Banks
Eminem,50 Cent
Eminem,Tony Yayo
Lloyd Banks,50 Cent
Lloyd Banks,Tony Yayo
50 Cent,Tony Yayo
Eminem,DJ Premier
Eminem,Proof
Dr. Dre,Xzibit
Dr. Dre,Nate Dogg
Dr. Dre,Snoop Dogg
Dr. Dre,Eminem
Xzibit,Nate Dogg
Xzibit,Snoop Dogg
Xzibit,Eminem
Nate Dogg,Snoop Dogg
Nate Dogg,Eminem
Snoop Dogg,Eminem
Eminem,D12
Dr. Dre,Xzibit
Dr. Dre,Nate Dogg
Dr. Dre,Snoop Dogg
Dr. Dre,Eminem
Xzibit,Nate Dogg
Xzibit,Snoop Dogg
Xzibit,Eminem
Nate Dogg,Snoop Dogg
Nate Dogg,Eminem
Snoop Dogg,Eminem
Eminem,D12
Eminem,Barack Obama
Eminem,Ludacris
Barack Obama,Ludacris
Eminem,D12
Eminem,Charlie Boy Dre
Eminem,Snoop Dogg
Charlie Boy Dre,Snoop Dogg
Eminem,Dr. Dre
Eminem,Skylar Grey
Eminem,Dr. Dre
Eminem,Six-2
Eminem,Snoop Dogg
Dr. Dre,Six-2
Dr. Dre,Snoop Dogg
Six-2,Snoop Dogg
Dr. Dre,Xzibit
Dr. Dre,Nate Dogg
Dr. Dre,Snoop Dogg
Dr. Dre,Eminem
Xzibit,Nate Dogg
Xzibit,Snoop Dogg
Xzibit,Eminem
Nate Dogg,Snoop Dogg
Nate Dogg,Eminem
Snoop Dogg,Eminem
Akon,Lloyd Banks
Akon,Eminem
Lloyd Banks,Eminem
Eminem,2Pac
Eminem,Missy Elliott
Eminem,Missy Elliott
Eminem,40 Glocc
Eminem,Jayo Felony
40 Glocc,Jayo Felony
Akon,Lloyd Banks
Akon,Eminem
Lloyd Banks,Eminem
Eminem,Skylar Grey
Eminem,Lloyd Banks
Eminem,50 Cent
Eminem,Tony Yayo
Lloyd Banks,50 Cent
Lloyd Banks,Tony Yayo
50 Cent,Tony Yayo
Eminem,Missy Elliott
Eminem,Timbaland
Missy Elliott,Timbaland
Eminem,Tech N9ne
Eminem,Lloyd Banks
Eminem,50 Cent
Eminem,Tony Yayo
Lloyd Banks,50 Cent
Lloyd Banks,Tony Yayo
50 Cent,Tony Yayo
Eminem,Linkin Park
Eminem,King Green
Eminem,Royce da 5′9″
King Green,Royce da 5′9″
Eminem,Nas
Eminem,Dr. Dre
Eminem,Busta Rhymes
King Sun,[unknown]
King Sun,40 Glocc
King Sun,Niqel Nut
King Sun,Eminem
King Sun,Jayo Felony
King Sun,Village Boo
[unknown],40 Glocc
[unknown],Niqel Nut
[unknown],Eminem
[unknown],Jayo Felony
[unknown],Village Boo
40 Glocc,Niqel Nut
40 Glocc,Eminem
40 Glocc,Jayo Felony
40 Glocc,Village Boo
Niqel Nut,Eminem
Niqel Nut,Jayo Felony
Niqel Nut,Village Boo
Eminem,Jayo Felony
Eminem,Village Boo
Jayo Felony,Village Boo
King Sun,40 Glocc
King Sun,Jayo Felony
King Sun,Niqel Nut
King Sun,Eminem
King Sun,Tiptoe
King Sun,Village Boo
40 Glocc,Jayo Felony
40 Glocc,Niqel Nut
40 Glocc,Eminem
40 Glocc,Tiptoe
40 Glocc,Village Boo
Jayo Felony,Niqel Nut
Jayo Felony,Eminem
Jayo Felony,Tiptoe
Jayo Felony,Village Boo
Niqel Nut,Eminem
Niqel Nut,Tiptoe
Niqel Nut,Village Boo
Eminem,Tiptoe
Eminem,Village Boo
Tiptoe,Village Boo
Eminem,King Green
Eminem,Royce da 5′9″
King Green,Royce da 5′9″
Eminem,Akon
Eminem,Lloyd Banks
Akon,Lloyd Banks
Eminem,Missy Elliott
Eminem,DJ Whiteowl
Eminem,Lloyd Banks
Eminem,50 Cent
Eminem,Tony Yayo
Lloyd Banks,50 Cent
Lloyd Banks,Tony Yayo
50 Cent,Tony Yayo
Eminem,Dr. Dre
Eminem,Busta Rhymes
Eminem,The Alchemist
Eminem,Benza
Eminem,Michael Jackson
Benza,Michael Jackson
Eminem,Dr. Dre
Eminem,JAY‐Z
Eminem,Ja Rule
Eminem,Amil
JAY‐Z,Ja Rule
JAY‐Z,Amil
Ja Rule,Amil
Eminem,Akon
Eminem,Lloyd Banks
Akon,Lloyd Banks
Eminem,50 Cent
Eminem,Busta Rhymes
Eminem,D12
Eminem,Tech N9ne
Eminem,Akon
Eminem,Lloyd Banks
Akon,Lloyd Banks
Eminem,The Beatles
Eminem,Mack 10
Eminem,Stat Quo
Eminem,Timbaland
Eminem,DJ Whiteowl
Timbaland,DJ Whiteowl
Eminem,D12
Eminem,Mr. Porter
Eminem,JAY‐Z
Eminem,Rakim
JAY‐Z,Rakim
Eminem,DJ Capcom
Eminem,DJ Haze
DJ Capcom,DJ Haze
Eminem,JAY‐Z
Eminem,Mobb Deep
JAY‐Z,Mobb Deep
Eminem,D12
Eminem,Dr. Dre
Eminem,50 Cent
Dr. Dre,50 Cent
Eminem,Jessie Reyez
Eminem,Alicia Keys
Eminem,Jacknife Lee
Eminem,Jazmine Sullivan
Eminem,Dr. Dre
Eminem,50 Cent
Dr. Dre,50 Cent
Eminem,Jazmine Sullivan
Eminem,Alicia Keys
Eminem,Dr. Dre
Eminem,50 Cent
Dr. Dre,50 Cent
Eminem,Dr. Dre
Eminem,50 Cent
Dr. Dre,50 Cent
Eminem,Dr. Dre
Eminem,50 Cent
Dr. Dre,50 Cent
Eminem,Dr. Dre
Eminem,50 Cent
Dr. Dre,50 Cent
Eminem,Dr. Dre
Eminem,50 Cent
Dr. Dre,50 Cent
Eminem,Dr. Dre
Eminem,50 Cent
Dr. Dre,50 Cent
Eminem,Dr. Dre
Eminem,50 Cent
Eminem,Dr. Dre
Eminem,50 Cent
Dr. Dre,50 Cent
Eminem,Mr. Porter
Eminem,Dr. Dre
Eminem,50 Cent
Dr. Dre,50 Cent
Eminem,Dr. Dre
Eminem,50 Cent
Dr. Dre,50 Cent
Eminem,PHRESHER
Eminem,Dr. Dre
Eminem,50 Cent
Dr. Dre,50 Cent
Eminem,2 Chainz
Eminem,PHRESHER
2 Chainz,PHRESHER
Eminem,PHRESHER
Dr. Dre,50 Cent
Dr. Dre,DJ Capcom
Dr. Dre,DJ Haze
Dr. Dre,Eminem
50 Cent,DJ Capcom
50 Cent,DJ Haze
50 Cent,Eminem
DJ Capcom,DJ Haze
DJ Capcom,Eminem
DJ Haze,Eminem
Eminem,Dr. Dre
Eminem,50 Cent
Dr. Dre,50 Cent
Eminem,Dr. Dre
Eminem,50 Cent
Dr. Dre,50 Cent
Eminem,Dr. Dre
Eminem,50 Cent
Dr. Dre,50 Cent
Eminem,Jessie Reyez
Eminem,Dr. Dre
Eminem,50 Cent
Dr. Dre,50 Cent
Eminem,Dr. Dre
Eminem,50 Cent
Dr. Dre,50 Cent
Eminem,Dr. Dre
Eminem,50 Cent
Dr. Dre,50 Cent
Eminem,The Notorious B.I.G.
The Notorious B.I.G.,Eminem
Eminem,50 Cent
The Notorious B.I.G.,Busta Rhymes
The Notorious B.I.G.,Eminem
Busta Rhymes,Eminem
Eminem,DJ Capcom
Eminem,DJ Haze
DJ Capcom,DJ Haze
Eminem,Dr. Dre
Eminem,The Notorious B.I.G.
The Notorious B.I.G.,Eminem
Eminem,Dr. Dre
Eminem,50 Cent
Dr. Dre,50 Cent
Eminem,Dr. Dre
Eminem,50 Cent
Dr. Dre,50 Cent
Eminem,Jamie N Commons
Eminem,The Notorious B.I.G.
Eminem,The Notorious B.I.G.
The Notorious B.I.G.,Eminem
Eminem,The Notorious B.I.G.
The Notorious B.I.G.,Eminem
Eminem,The Notorious B.I.G.
Eminem,The Notorious B.I.G.
Eminem,N.W.A
Eminem,The Notorious B.I.G.
Eminem,D12
Eminem,Obie Trice
D12,Obie Trice
Proof,DJ Capcom
Proof,DJ Haze
Proof,Eminem
Proof,Buggz
DJ Capcom,DJ Haze
DJ Capcom,Eminem
DJ Capcom,Buggz
DJ Haze,Eminem
DJ Haze,Buggz
Eminem,Buggz
Eminem,50 Cent
Eminem,Linkin Park
Eminem,Jamie N Commons
The Notorious B.I.G.,Eminem
Eminem,Linkin Park
Eminem,Dr. Dre
Eminem,DJ Capcom
Eminem,DJ Haze
DJ Capcom,DJ Haze
The Notorious B.I.G.,Busta Rhymes
The Notorious B.I.G.,Eminem
Busta Rhymes,Eminem
The Notorious B.I.G.,Eminem
Eminem,Xzibit
Eminem,Stretch Armstrong
Eminem,50 Cent
Eminem,2Pac
Eminem,Dillin Hoox
Eminem,Stretch Armstrong
Eminem,Obie Trice
Lil Wayne,Trae
Lil Wayne,Eminem
Trae,Eminem
Eminem,50 Cent
Eminem,D12
Eminem,Obie Trice
D12,Obie Trice
Eminem,Xzibit
Eminem,Obie Trice
Eminem,D12
Obie Trice,D12
Danny Brown,Royce da 5′9″
Danny Brown,Trick‐Trick
Danny Brown,Eminem
Danny Brown,DeJ Loaf
Danny Brown,Big Sean
Royce da 5′9″,Trick‐Trick
Royce da 5′9″,Eminem
Royce da 5′9″,DeJ Loaf
Royce da 5′9″,Big Sean
Trick‐Trick,Eminem
Trick‐Trick,DeJ Loaf
Trick‐Trick,Big Sean
Eminem,DeJ Loaf
Eminem,Big Sean
DeJ Loaf,Big Sean
Eminem,Royce da 5′9″
Eminem,50 Cent
Eminem,Lloyd Banks
Eminem,50 Cent
Lloyd Banks,50 Cent
Tony Yayo,Obie Trice
Tony Yayo,Eminem
Obie Trice,Eminem
Eminem,Obie Trice
Tony Yayo,Obie Trice
Tony Yayo,Eminem
Obie Trice,Eminem
Eminem,Kobe
Eminem,Obie Trice
Danny Brown,Royce da 5′9″
Danny Brown,Trick‐Trick
Danny Brown,Eminem
Danny Brown,DeJ Loaf
Danny Brown,Big Sean
Royce da 5′9″,Trick‐Trick
Royce da 5′9″,Eminem
Royce da 5′9″,DeJ Loaf
Royce da 5′9″,Big Sean
Trick‐Trick,Eminem
Trick‐Trick,DeJ Loaf
Trick‐Trick,Big Sean
Eminem,DeJ Loaf
Eminem,Big Sean
DeJ Loaf,Big Sean
Eminem,DJ Capcom
Eminem,DJ Haze
DJ Capcom,DJ Haze
Eminem,Xzibit
Tony Yayo,Obie Trice
Tony Yayo,Eminem
Obie Trice,Eminem
Eminem,Lloyd Banks
Eminem,50 Cent
Lloyd Banks,50 Cent
Eminem,Xzibit
Eminem,2Pac
Danny Brown,Royce da 5′9″
Danny Brown,Eminem
Danny Brown,DeJ Loaf
Danny Brown,Big Sean
Royce da 5′9″,Eminem
Royce da 5′9″,DeJ Loaf
Royce da 5′9″,Big Sean
Eminem,DeJ Loaf
Eminem,Big Sean
DeJ Loaf,Big Sean
Eminem,Lloyd Banks
Eminem,50 Cent
Lloyd Banks,50 Cent
Eminem,50 Cent
Tony Yayo,Eminem
Eminem,D12
Eminem,Xzibit
Eminem,Dr. Dre
Eminem,Lyrical Lemonade
Eminem,D12
Eminem,Obie Trice
D12,Obie Trice
Eminem,Buckshot
Eminem,D12
Eminem,Obie Trice
D12,Obie Trice
Eminem,50 Cent
Eminem,D12
Eminem,Obie Trice
D12,Obie Trice
Eminem,Xzibit
Eminem,50 Cent
Tony Yayo,Obie Trice
Tony Yayo,Eminem
Obie Trice,Eminem
Eminem,Dr. Dre
Eminem,The Notorious B.I.G.
Dr. Dre,The Notorious B.I.G.
Eminem,Royce da 5′9″
Eminem,Lyrical Lemonade
Eminem,Obie Trice
Eminem,Linkin Park
Eminem,JAY‐Z
Eminem,Dr. Dre
Eminem,50 Cent
JAY‐Z,Dr. Dre
JAY‐Z,50 Cent
Dr. Dre,50 Cent
Eminem,50 Cent
Eminem,Lloyd Banks
Eminem,50 Cent
Lloyd Banks,50 Cent
Eminem,Obie Trice
Eminem,Lloyd Banks
Eminem,50 Cent
Lloyd Banks,50 Cent
Eminem,Royce da 5′9″
Eminem,Liz Rodrigues
Royce da 5′9″,Liz Rodrigues
Eminem,Royce da 5′9″
Eminem,DJ Capcom
Eminem,DJ Haze
Eminem,D12
DJ Capcom,DJ Haze
DJ Capcom,D12
DJ Haze,D12
Dr. Dre,50 Cent
Dr. Dre,DJ Capcom
Dr. Dre,DJ Haze
Dr. Dre,Eminem
50 Cent,DJ Capcom
50 Cent,DJ Haze
50 Cent,Eminem
DJ Capcom,DJ Haze
DJ Capcom,Eminem
DJ Haze,Eminem
Eminem,Lil Wayne
Eminem,EPMD
Eminem,Nas
EPMD,Nas
Eminem,Obie Trice
Lil Wayne,Eminem
Eminem,Dr. Dre
Eminem,50 Cent
Dr. Dre,50 Cent
Eminem,Dr. Dre
Eminem,50 Cent
Eminem,The Sound Bluntz
Eminem,The Beatles
Eminem,Obie Trice
Eminem,Obie Trice
Eminem,50 Cent
Eminem,Dr. Dre
Eminem,50 Cent
Dr. Dre,50 Cent
Lil Wayne,Eminem
Eminem,Dr. Dre
Eminem,50 Cent
Dr. Dre,50 Cent
Eminem,Linkin Park
Eminem,Obie Trice
Eminem,Dina Rae
Lil Wayne,Eminem
Eminem,Obie Trice
Eminem,Royce da 5′9″
Eminem,Liz Rodrigues
Royce da 5′9″,Liz Rodrigues
Eminem,50 Cent
Eminem,Obie Trice
Eminem,Dr. Dre
Eminem,50 Cent
Dr. Dre,50 Cent
Eminem,Dr. Dre
Eminem,50 Cent
Dr. Dre,50 Cent
Eminem,Lil Wayne
Eminem,DJ Capcom
Eminem,DJ Haze
DJ Capcom,DJ Haze
Eminem,Royce da 5′9″
Eminem,Liz Rodrigues
Royce da 5′9″,Liz Rodrigues
Eminem,Royce da 5′9″
Eminem,Liz Rodriguez
Royce da 5′9″,Liz Rodriguez
Eminem,Royce da 5′9″
Eminem,Liz Rodrigues
Royce da 5′9″,Liz Rodrigues
Lil Wayne,Eminem
Eminem,Lil Wayne
Eminem,Dr. Dre
Eminem,50 Cent
Dr. Dre,50 Cent
Eminem,D12
Eminem,Dr. Dre
Eminem,50 Cent
Dr. Dre,50 Cent
Eminem,Dr. Dre
Eminem,50 Cent
Dr. Dre,50 Cent
Eminem,EPMD
Eminem,Nas
EPMD,Nas
Eminem,Lil Wayne
Eminem,Royce da 5′9″
Eminem,Dr. Dre
Eminem,50 Cent
Dr. Dre,50 Cent
Eminem,DJ Whiteowl
Eminem,Obie Trice
Eminem,EPMD
Eminem,Nas
EPMD,Nas
Eminem,Dr. Dre
Eminem,50 Cent
Dr. Dre,50 Cent
Eminem,Obie Trice
Eminem,Nate Dogg
50 Cent,Young Buc
50 Cent,Nate Dogg
50 Cent,Nicole Scherzinger
50 Cent,Eminem
Young Buc,Nate Dogg
Young Buc,Nicole Scherzinger
Young Buc,Eminem
Nate Dogg,Nicole Scherzinger
Nate Dogg,Eminem
Nicole Scherzinger,Eminem
Eminem,Linkin Park
Eminem,Dr. Dre
Eminem,Just Blaze
Eminem,Dr. Dre
Eminem,Royce da 5′9″
Eminem,D12
Eminem,David Begun
Eminem,Pete Rock
David Begun,Pete Rock
Eminem,The Prodigy
Ice Cube,RZA
Ice Cube,The Prodigy
Ice Cube,Eminem
Ice Cube,DMX
RZA,The Prodigy
RZA,Eminem
RZA,DMX
The Prodigy,Eminem
The Prodigy,DMX
Eminem,DMX
Eminem,D12
Eminem,Linkin Park
Eminem,Royce da 5′9″
Eminem,Dr. Dre
The Notorious B.I.G.,Eminem
Eminem,Lloyd Banks
Eminem,Ty Dolla $ign
Eminem,LEBRONDAKID
Eminem,DJ Peas
Eminem,2Pac
Eminem,D12
Eminem,Just Blaze
Eminem,D12
Eminem,Ye
Eminem,Lil Wayne
Eminem,Drake
Ye,Lil Wayne
Ye,Drake
Lil Wayne,Drake
Eminem,DJ Capcom
Eminem,DJ Haze
DJ Capcom,DJ Haze
Eminem,Raw Collection
Eminem,Linkin Park
Eminem,2Pac
Eminem,D12
Eminem,Stretch Armstrong
Eminem,Drake
Eminem,Royce da 5′9″
Eminem,Busta Rhymes
Eminem,Lloyd Banks
Eminem,Nate Dogg
Drake,Ye
Drake,Eminem
Drake,Lil Wayne
Ye,Eminem
Ye,Lil Wayne
Eminem,Lil Wayne
Eminem,Ty Dolla $ign
Eminem,DJ Whiteowl
Eminem,WESTSIDE BOOGIE
Eminem,Anderson .Paak
WESTSIDE BOOGIE,Anderson .Paak
Eminem,The Notorious B.I.G.
Eminem,Royce da 5′9″
Eminem,Ludacris
Royce da 5′9″,Ludacris
Eminem,Dr. Dre
Eminem,Dr. Dre
Eminem,Dr. Dre
Eminem,Linkin Park
Eminem,Dr. Dre
Drake,Ye
Drake,Eminem
Drake,Lil Wayne
Ye,Eminem
Ye,Lil Wayne
Eminem,Lil Wayne
Eminem,Dr. Dre
Eminem,Dr. Dre
Eminem,The Notorious B.I.G.
Eminem,Dr. Dre
Drake,Ye
Drake,Eminem
Drake,Lil Wayne
Ye,Eminem
Ye,Lil Wayne
Eminem,Lil Wayne
Eminem,Dr. Dre
Eminem,Dr. Dre
Eminem,Dr. Dre
Eminem,Proof
Drake,Ye
Drake,Eminem
Drake,Lil Wayne
Ye,Eminem
Ye,Lil Wayne
Eminem,Lil Wayne
Eminem,Dr. Dre
Drake,Ye
Drake,Eminem
Drake,Lil Wayne
Ye,Eminem
Ye,Lil Wayne
Eminem,Lil Wayne
Eminem,Stat Quo
Eminem,Dr. Dre
Eminem,Prinz Pi
Dr. Dre,Prinz Pi
Eminem,Akinyele
Eminem,Proof
Eminem,Dr. Dre
Eminem,Dr. Dre
Drake,Ye
Drake,Eminem
Drake,Lil Wayne
Ye,Eminem
Ye,Lil Wayne
Eminem,Lil Wayne
Eminem,Dr. Dre
Eminem,Dr. Dre
Eminem,Dr. Dre
Eminem,Drake
Eminem,Dr. Dre
Eminem,Dr. Dre
Eminem,Dr. Dre
Drake,Ye
Drake,Eminem
Drake,Lil Wayne
Ye,Eminem
Ye,Lil Wayne
Eminem,Lil Wayne
Eminem,DJ Kay Slay
Eminem,Dr. Dre
Eminem,Dr. Dre
Eminem,Dr. Dre
Eminem,Proof
Eminem,Dr. Dre
Eminem,Dr. Dre
Nosaj Thing,Lil Wayne
Nosaj Thing,Drake
Nosaj Thing,Ye
Nosaj Thing,Eminem
Lil Wayne,Drake
Lil Wayne,Ye
Lil Wayne,Eminem
Drake,Ye
Drake,Eminem
Ye,Eminem
Drake,Ye
Drake,Eminem
Drake,Lil Wayne
Ye,Eminem
Ye,Lil Wayne
Eminem,Lil Wayne
Drake,Ye
Drake,Eminem
Drake,Lil Wayne
Ye,Eminem
Ye,Lil Wayne
Eminem,Lil Wayne
Eminem,Proof
Eminem,Dr. Dre
Eminem,The Notorious B.I.G.
Drake,Ye
Drake,Eminem
Drake,Lil Wayne
Ye,Eminem
Ye,Lil Wayne
Eminem,Lil Wayne
Eminem,Dr. Dre
Eminem,Pete Davidson
Eminem,Proof
Drake,Ye
Drake,Eminem
Drake,Lil Wayne
Ye,Eminem
Ye,Lil Wayne
Eminem,Lil Wayne
Eminem,Proof
Drake,Lil Wayne
Drake,Ye
Drake,Eminem
Drake,Coldplay
Lil Wayne,Ye
Lil Wayne,Eminem
Lil Wayne,Coldplay
Ye,Eminem
Ye,Coldplay
Eminem,Coldplay
Drake,Ye
Drake,Eminem
Drake,Lil Wayne
Ye,Eminem
Ye,Lil Wayne
Eminem,Lil Wayne
Eminem,WESTSIDE BOOGIE
Eminem,Anderson .Paak
WESTSIDE BOOGIE,Anderson .Paak
Drake,Ye
Drake,Eminem
Drake,Lil Wayne
Ye,Eminem
Ye,Lil Wayne
Eminem,Lil Wayne
Eminem,D12
Eminem,Proof
Eminem,Proof
Eminem,Snoop Dogg
Eminem,Dr. Dre
Eminem,Hittman
Dr. Dre,Hittman
Eminem,DJ Capcom
Eminem,DJ Haze
DJ Capcom,DJ Haze
Eminem,Proof
Eminem,Hittman
Boldy James,Payroll Giovanni
Boldy James,Royce da 5′9″
Boldy James,Cash Kidd
Boldy James,Sada Baby
Boldy James,Drego
Boldy James,Tee Grizzley
Boldy James,42 Dugg
Boldy James,Eminem
Boldy James,Kash Doll
Boldy James,Big Sean
Payroll Giovanni,Royce da 5′9″
Payroll Giovanni,Cash Kidd
Payroll Giovanni,Sada Baby
Payroll Giovanni,Drego
Payroll Giovanni,Tee Grizzley
Payroll Giovanni,42 Dugg
Payroll Giovanni,Eminem
Payroll Giovanni,Kash Doll
Payroll Giovanni,Big Sean
Royce da 5′9″,Cash Kidd
Royce da 5′9″,Sada Baby
Royce da 5′9″,Drego
Royce da 5′9″,Tee Grizzley
Royce da 5′9″,42 Dugg
Royce da 5′9″,Eminem
Royce da 5′9″,Kash Doll
Royce da 5′9″,Big Sean
Cash Kidd,Sada Baby
Cash Kidd,Drego
Cash Kidd,Tee Grizzley
Cash Kidd,42 Dugg
Cash Kidd,Eminem
Cash Kidd,Kash Doll
Cash Kidd,Big Sean
Sada Baby,Drego
Sada Baby,Tee Grizzley
Sada Baby,42 Dugg
Sada Baby,Eminem
Sada Baby,Kash Doll
Sada Baby,Big Sean
Drego,Tee Grizzley
Drego,42 Dugg
Drego,Eminem
Drego,Kash Doll
Drego,Big Sean
Tee Grizzley,42 Dugg
Tee Grizzley,Eminem
Tee Grizzley,Kash Doll
Tee Grizzley,Big Sean
42 Dugg,Eminem
42 Dugg,Kash Doll
42 Dugg,Big Sean
Eminem,Kash Doll
Eminem,Big Sean
Kash Doll,Big Sean
Eminem,D12
Eminem,Kid Rock
Eminem,Trick‐Trick
Kid Rock,Trick‐Trick
Eminem,Hittman
Eminem,Hittman
Eminem,Proof
Eminem,D12
Eminem,Royce da 5′9″
Eminem,Stat Quo
Eminem,Snoop Dogg
Eminem,DJ Kay Slay
Eminem,2Pac
Eminem,D12
Eminem,Proof
R. Kelly,T.I.
R. Kelly,Mick Boogie
R. Kelly,Jeezy
R. Kelly,Eminem
T.I.,Mick Boogie
T.I.,Jeezy
T.I.,Eminem
Mick Boogie,Jeezy
Mick Boogie,Eminem
Jeezy,Eminem
Eminem,JID
Eminem,Juice WRLD
Eminem,Kuniva
Eminem,Swifty McVay
Kuniva,Swifty McVay
Eminem,DJ Whiteowl
Eminem,DMX
Eminem,Obie Trice
DMX,Obie Trice
Eminem,Jessie Reyez
Eminem,Jessie Reyez
Eminem,Juice WRLD
Eminem,2Pac
Eminem,50 Cent
Eminem,Dr. Dre
Eminem,2Pac
Dr. Dre,2Pac
Eminem,Juice WRLD
Eminem,50 Cent
Eminem,DJ Capcom
Eminem,DJ Haze
DJ Capcom,DJ Haze
Eminem,50 Cent
Eminem,JID
Eminem,50 Cent
Eminem,2Pac
Eminem,Dr. Dre
Eminem,Dr. Dre
Eminem,Hittman
Eminem,Knoc‐Turn’Al
Dr. Dre,Hittman
Dr. Dre,Knoc‐Turn’Al
Hittman,Knoc‐Turn’Al
Eminem,Juice WRLD
Eminem,David Begun
Eminem,Pete Rock
David Begun,Pete Rock
Eminem,Proof
Eminem,David Begun
Eminem,Pete Rock
David Begun,Pete Rock
Eminem,Linkin Park
Eminem,GRIP
Eminem,WESTSIDE BOOGIE
GRIP,WESTSIDE BOOGIE
Eminem,Kuniva
Eminem,Swifty McVay
Kuniva,Swifty McVay
Eminem,2Pac
Eminem,Dr. Dre
Eminem,50 Cent
Eminem,JAY‐Z
Sway & King Tech,Eminem
Eminem,Snoop Dogg
Eminem,DMX
Eminem,Obie Trice
DMX,Obie Trice
Sway & King Tech,DJ Revolution
Sway & King Tech,Eminem
DJ Revolution,Eminem
Eminem,JID
Eminem,D12
Eminem,Dr. Dre
Eminem,D12
Eminem,Yelawolf
Eminem,Slaughterhouse
Yelawolf,Slaughterhouse
Eminem,Juice WRLD
Eminem,50 Cent
Eminem,Dr. Dre
Eminem,Dr. Dre
Eminem,Dr. Dre
Eminem,The Anonymous
Eminem,Dr. Dre
Eminem,Dr. Dre
Eminem,Dr. Dre
Eminem,Dr. Dre
Eminem,Dr. Dre
Eminem,Dr. Dre
Eminem,Dr. Dre
Eminem,Snoop Dogg
Eminem,50 Cent
Dr. Dre,Snoop Dogg
Dr. Dre,50 Cent
Snoop Dogg,50 Cent
Eminem,Dr. Dre
Eminem,Korn
Eminem,Mystikal
Eminem,DJ Capcom
Eminem,DJ Haze
DJ Capcom,DJ Haze
Eminem,Dr. Dre
Eminem,White Gold
Eminem,Dr. Dre
Eminem,Bishop Lamont
Eminem,Xzibit
Dr. Dre,Bishop Lamont
Dr. Dre,Xzibit
Bishop Lamont,Xzibit
Eminem,Sia
Eminem,DJ Capcom
Eminem,DJ Haze
DJ Capcom,DJ Haze
Eminem,White Gold
Eminem,The Beatles
Eminem,Busta Rhymes
Eminem,50 Cent
Busta Rhymes,50 Cent
Eminem,Dr. Dre
Eminem,Snoop Dogg
Eminem,50 Cent
Dr. Dre,Snoop Dogg
Dr. Dre,50 Cent
Snoop Dogg,50 Cent
Eminem,Busta Rhymes
Eminem,50 Cent
Busta Rhymes,50 Cent
Eminem,Dr. Dre
Eminem,Dr. Dre
Eminem,Dr. Dre
Eminem,Dr. Dre
Eminem,Dr. Dre
Eminem,Dr. Dre
Eminem,Dr. Dre
Eminem,Dr. Dre
Eminem,Dr. Dre
Eminem,Obie Trice
Eminem,D12
Obie Trice,D12
Eminem,Dr. Dre
Eminem,DJ Capcom
Eminem,DJ Haze
Dr. Dre,DJ Capcom
Dr. Dre,DJ Haze
DJ Capcom,DJ Haze
Eminem,Dr. Dre
Eminem,Dr. Dre
Eminem,Snoop Dogg
Eminem,50 Cent
Dr. Dre,Snoop Dogg
Dr. Dre,50 Cent
Snoop Dogg,50 Cent
Eminem,2Pac
Eminem,50 Cent
Eminem,Outlawz
2Pac,50 Cent
2Pac,Outlawz
50 Cent,Outlawz
Eminem,Dr. Dre
Eminem,Sly Pyper
Dr. Dre,Sly Pyper
Eminem,Busta Rhymes
Eminem,50 Cent
Busta Rhymes,50 Cent
Eminem,Dr. Dre
Eminem,Linkin Park
Eminem,DJ Capcom
Eminem,DJ Haze
DJ Capcom,DJ Haze
Eminem,2Pac
Eminem,Dr. Dre
Eminem,Sia
Eminem,Dr. Dre
Eminem,Dr. Dre
Eminem,Sly Pyper
Dr. Dre,Sly Pyper
Eminem,Dr. Dre
Eminem,Xzibit
Eminem,Busta Rhymes
Eminem,50 Cent
Busta Rhymes,50 Cent
Eminem,Dr. Dre
Eminem,2Pac
Eminem,Outlawz
2Pac,Outlawz
Eminem,2Pac
Eminem,Dr. Dre
Eminem,Obie Trice
Eminem,DJ Capcom
Eminem,DJ Haze
DJ Capcom,DJ Haze
Eminem,Proof
Logic,Eminem
Eminem,Jack White
Eminem,Bobby Shmurda
Eminem,Dirty Money
Eminem,D12
Eminem,Nate Ruess
Eminem,Nate Ruess
Eminem,DJ Capcom
Eminem,DJ Haze
DJ Capcom,DJ Haze
Eminem,J‐Black
Eminem,Masta Ace
J‐Black,Masta Ace
Eminem,J‐Black
Eminem,Masta Ace
J‐Black,Masta Ace
Eminem,Ez Mil
Eminem,Dr. Dre
Eminem,Dr. Dre
Eminem,David Begun
Eminem,Pete Rock
David Begun,Pete Rock
Eminem,Dr. Dre
Eminem,Linkin Park
Eminem,Dr. Dre
Eminem,Xzibit
Eminem,Dr. Dre
Eminem,Dr. Dre
Eminem,Bizarre
Eminem,Jack White
Eminem,Bizarre
Eminem,Diddy
Eminem,D12
Eminem,Dr. Dre
Eminem,D12
Eminem,Obie Trice
Eminem,Ez Mil
Eminem,2Pac
Eminem,Outlawz
2Pac,Outlawz
Eminem,P!nk
Eminem,Masta Ace
Eminem,Dr. Dre
Eminem,Dr. Dre
Eminem,Outsidaz
Eminem,P!nk
Eminem,Lloyd Banks
Eminem,50 Cent
Eminem,Tony Yayo
Lloyd Banks,50 Cent
Lloyd Banks,Tony Yayo
50 Cent,Tony Yayo
Eminem,Bizarre
Logic,Eminem
Eminem,2Pac
Eminem,Obie Trice
Eminem,Daft Punk
Eminem,D12
Eminem,J‐Black
Eminem,Masta Ace
J‐Black,Masta Ace
Eminem,DJ Capcom
Eminem,DJ Haze
DJ Capcom,DJ Haze
Eminem,Dr. Dre
Eminem,DJ Whiteowl
Dr. Dre,DJ Whiteowl
Eminem,2Pac
Eminem,Bizarre
Eminem,Linkin Park
Eminem,DJ Capcom
Eminem,DJ Haze
DJ Capcom,DJ Haze
Eminem,D12
Eminem,Dr. Dre
Eminem,DJ Kay Slay
Eminem,Obie Trice
DJ Kay Slay,Obie Trice
Eminem,Busta Rhymes
Eminem,Labi Siffre
Eminem,Skylar Grey
Eminem,Dr. Dre
Skylar Grey,Dr. Dre
Eminem,Busta Rhymes
Eminem,DJ Capcom
Eminem,DJ Haze
DJ Capcom,DJ Haze
Eminem,Dr. Dre
Eminem,Mel‐Man
Dr. Dre,Mel‐Man
Eminem,Joell Ortiz
Eminem,Royce da 5′9″
Eminem,KXNG Crooked
Joell Ortiz,Royce da 5′9″
Joell Ortiz,KXNG Crooked
Royce da 5′9″,KXNG Crooked
Eminem,Nicki Minaj
Eminem,Proof
Eminem,2Pac
Eminem,Helluva
Eminem,Dr. Dre
Eminem,Skylar Grey
Eminem,Dr. Dre
Skylar Grey,Dr. Dre
Eminem,Dr. Dre
Eminem,Skylar Grey
Eminem,Dr. Dre
Skylar Grey,Dr. Dre
Eminem,Joell Ortiz
Eminem,Royce da 5′9″
Eminem,KXNG Crooked
Joell Ortiz,Royce da 5′9″
Joell Ortiz,KXNG Crooked
Royce da 5′9″,KXNG Crooked
Eminem,Busta Rhymes
Eminem,Dr. Dre
Eminem,Dr. Dre
Eminem,Skylar Grey
Eminem,Dr. Dre
Skylar Grey,Dr. Dre
Bill Withers,Rag’n’Bone Man
Bill Withers,George Michael
Bill Withers,Massive Attack
Bill Withers,Eminem
Bill Withers,Grace Jones
Bill Withers,Robbie Williams
Rag’n’Bone Man,George Michael
Rag’n’Bone Man,Massive Attack
Rag’n’Bone Man,Eminem
Rag’n’Bone Man,Grace Jones
Rag’n’Bone Man,Robbie Williams
George Michael,Massive Attack
George Michael,Eminem
George Michael,Grace Jones
George Michael,Robbie Williams
Massive Attack,Eminem
Massive Attack,Grace Jones
Massive Attack,Robbie Williams
Eminem,Grace Jones
Eminem,Robbie Williams
Grace Jones,Robbie Williams
Eminem,Busta Rhymes
Eminem,Kid Cudi
Eminem,Dr. Dre
Eminem,Snoop Dogg
Dr. Dre,Snoop Dogg
Eminem,2Pac
Eminem,DJ Kay Slay
Eminem,Obie Trice
DJ Kay Slay,Obie Trice
Eminem,Linkin Park
Eminem,Feel‐X
Eminem,DJ Kay Slay
Eminem,Obie Trice
DJ Kay Slay,Obie Trice
Eminem,Obie Trice
Eminem,Busta Rhymes
Eminem,DJ Whiteowl
Eminem,Helluva
Eminem,Busta Rhymes
Eminem,50 Cent
Eminem,Linkin Park
50 Cent,Linkin Park
Eminem,Skylar Grey
Eminem,Dr. Dre
Skylar Grey,Dr. Dre
Eminem,DJ Whiteowl
Eminem,D12
Eminem,Dr. Dre
Eminem,Dr. Dre
Eminem,Dr. Dre
Eminem,Dr. Dre
Eminem,Funkmaster Flex
Dr. Dre,Funkmaster Flex
Eminem,The Game
Eminem,Dr. Dre
Eminem,Big Kap
Eminem,Funkmaster Flex
Dr. Dre,Big Kap
Dr. Dre,Funkmaster Flex
Big Kap,Funkmaster Flex
Eminem,Lloyd Banks
Eminem,50 Cent
Eminem,Tony Yayo
Lloyd Banks,50 Cent
Lloyd Banks,Tony Yayo
50 Cent,Tony Yayo
Eminem,Linkin Park
Eminem,DJ Capcom
Eminem,DJ Haze
DJ Capcom,DJ Haze
Eminem,The Madd Rapper
Eminem,Dr. Dre
Eminem,50 Cent
Eminem,Dr. Dre
Eminem,Proof
Eminem,Dr. Dre
Eminem,Dr. Dre
Eminem,The Beatles
Eminem,The Notorious B.I.G.
Eminem,DJ Capcom
Eminem,DJ Haze
DJ Capcom,DJ Haze
Eminem,Dr. Dre
Eminem,Busta Rhymes
Eminem,Terry Cox
Eminem,Keith Mansfield
Eminem,Richard Elen
Terry Cox,Keith Mansfield
Terry Cox,Richard Elen
Keith Mansfield,Richard Elen
Eminem,Dr. Dre
Eminem,50 Cent
Eminem,50 Cent
Eminem,Cypress Hill
Eminem,50 Cent
Eminem,Dr. Dre
Eminem,Linkin Park
Eminem,Dr. Dre
Eminem,Kim Mathers
Eminem,Debbie Nelson
Kim Mathers,Debbie Nelson
Eminem,The Notorious B.I.G.
Eminem,Mr. Porter
Eminem,Dr. Dre
Eminem,Big Kap
Eminem,Funkmaster Flex
Dr. Dre,Big Kap
Dr. Dre,Funkmaster Flex
Big Kap,Funkmaster Flex
Eminem,Cypress Hill
Eminem,Dr. Dre
Eminem,Dr. Dre
Eminem,D12
Eminem,Royce da 5′9″
Eminem,2Pac
Eminem,Lil Jon
The Notorious B.I.G.,Diddy
The Notorious B.I.G.,Obie Trice
The Notorious B.I.G.,Eminem
Diddy,Obie Trice
Diddy,Eminem
Obie Trice,Eminem
Eminem,JAY‐Z
Eminem,Mr. Porter
Eminem,Eye‐Kyu
Eminem,Proof
Mr. Porter,Eye‐Kyu
Mr. Porter,Proof
Eye‐Kyu,Proof
Eminem,Dr. Dre
Eminem,Dr. Dre
Eminem,David Begun
Eminem,Pete Rock
David Begun,Pete Rock
Eminem,DJ Capcom
Eminem,DJ Haze
DJ Capcom,DJ Haze
Eminem,Paul Rosenberg
Eminem,Linkin Park
Eminem,JAY‐Z
Eminem,DMX
Eminem,Ja Rule
JAY‐Z,DMX
JAY‐Z,Ja Rule
DMX,Ja Rule
Eminem,50 Cent
Eminem,50 Cent
Eminem,DJ Capcom
Eminem,DJ Haze
DJ Capcom,DJ Haze
Eminem,Eye‐Kyu
Eminem,50 Cent
Eminem,Ca$his
Eminem,50 Cent
Eminem,DJ Whiteowl
Eminem,Proof
The Notorious B.I.G.,Diddy
The Notorious B.I.G.,Obie Trice
The Notorious B.I.G.,Eminem
Diddy,Obie Trice
Diddy,Eminem
Obie Trice,Eminem
Eminem,French Montana
Eminem,Ludacris
Eminem,Kat Williams
Ludacris,Kat Williams
Eminem,Dina Rae
Eminem,Young Zee
Eminem,Dogmatic
Dina Rae,Young Zee
Dina Rae,Dogmatic
Young Zee,Dogmatic
Eminem,Dr. Dre
Eminem,50 Cent
Eminem,50 Cent
Eminem,D12
Eminem,Gwen Stefani
Eminem,Skylar Grey
Eminem,D12
Eminem,Aristotle
Eminem,Mark Bass
Aristotle,Mark Bass
Eminem,Proof
Eminem,Young MC
Eminem,Nas
Eminem,Adamski
Eminem,Gwen Stefani
Eminem,50 Cent
Eminem,Michael Jackson
Eminem,D12
Eminem,DJ Capcom
Eminem,DJ Haze
DJ Capcom,DJ Haze
Eminem,Michael Jackson
Eminem,DJ Capcom
Eminem,DJ Haze
DJ Capcom,DJ Haze
Eminem,2Pac
Eminem,Cordae
Eminem,Jack Harlow
Cordae,Jack Harlow
Eminem,Proof
Eminem,DJ Capcom
Eminem,DJ Haze
DJ Capcom,DJ Haze
Eminem,DJ Capcom
Eminem,DJ Haze
DJ Capcom,DJ Haze
Eminem,Royce da 5′9″
Eminem,Royce da 5′9″
Eminem,DJ Capcom
Eminem,DJ Haze
Royce da 5′9″,DJ Capcom
Royce da 5′9″,DJ Haze
DJ Capcom,DJ Haze
Eminem,K.K. Bediya
Eminem,Proof
Eminem,Dr. Dre
Eminem,benny blanco
Eminem,Juice WRLD
benny blanco,Juice WRLD
Lil Wayne,Twista
Lil Wayne,Eminem
Twista,Eminem
Eminem,Charlie Murphy
Eminem,50 Cent
Charlie Murphy,50 Cent
Eminem,Royce da 5′9″
Eminem,Lenny Kravitz
Eminem,Alicia Keys
Eminem,Skylar Grey
Eminem,Polo G
Eminem,Mozzy
Skylar Grey,Polo G
Skylar Grey,Mozzy
Polo G,Mozzy
Eminem,Obie Trice
Eminem,Royce da 5′9″
Eminem,Bruno Mars
Royce da 5′9″,Bruno Mars
The High & Mighty,Eminem
Fat Joe,Dre
Fat Joe,Mary J. Blige
Fat Joe,Eminem
Dre,Mary J. Blige
Dre,Eminem
Mary J. Blige,Eminem
Eminem,benny blanco
Eminem,Juice WRLD
benny blanco,Juice WRLD
Eminem,Charlie Murphy
Eminem,50 Cent
Charlie Murphy,50 Cent
Eminem,Dr. Dre
Eminem,Dr. Dre
Eminem,Royce da 5′9″
Eminem,Dr. Dre
Eminem,Mekhi Phifer
Eminem,Royce da 5′9″
Eminem,Dr. Dre
Eminem,D12
Dr. Dre,D12
Eminem,Royce da 5′9″
Eminem,B.o.B
Royce da 5′9″,B.o.B
Eminem,2 Chainz
Eminem,Anderson .Paak
Eminem,2Pac
Eminem,Dr. Dre
Eminem,Snoop Dogg
Dr. Dre,Snoop Dogg
Eminem,DJ Whoo Kid
Eminem,Tego Calderón
Eminem,Fat Joe
DJ Whoo Kid,Tego Calderón
DJ Whoo Kid,Fat Joe
Tego Calderón,Fat Joe
Eminem,Bruno Mars
Eminem,Dr. Dre
Eminem,Mase
Eminem,Terror Squad
Mase,Terror Squad
Eminem,Skylar Grey
Lil Wayne,Fabolous
Lil Wayne,Eminem
Fabolous,Eminem
Eminem,Skylar Grey
Eminem,Alicia Keys
Eminem,Proof
Eminem,benny blanco
Eminem,Juice WRLD
benny blanco,Juice WRLD
Fat Joe,Lil Jon
Fat Joe,Mase
Fat Joe,Eminem
Lil Jon,Mase
Lil Jon,Eminem
Mase,Eminem
Eminem,Royce da 5′9″
Eminem,Royce da 5′9″
Eminem,Obie Trice
Fat Joe,Lil Jon
Fat Joe,Mase
Fat Joe,Eminem
Lil Jon,Mase
Lil Jon,Eminem
Mase,Eminem
Eminem,Royce da 5′9″
Eminem,Anderson .Paak
Lil Wayne,Twista
Lil Wayne,Eminem
Twista,Eminem
Eminem,Terror Squad
Eminem,Fat Joe
Terror Squad,Fat Joe
Eminem,Dr. Dre
Eminem,Royce da 5′9″
Eminem,DJ Whiteowl
Royce da 5′9″,DJ Whiteowl
Fat Joe,Dre
Fat Joe,Mary J. Blige
Fat Joe,Eminem
Dre,Mary J. Blige
Dre,Eminem
Mary J. Blige,Eminem
Eminem,benny blanco
Eminem,Juice WRLD
benny blanco,Juice WRLD
Eminem,50 Cent
Eminem,Obie Trice
50 Cent,Obie Trice
Eminem,Royce da 5′9″
Eminem,2Pac
Eminem,DJ Capcom
Eminem,DJ Haze
DJ Capcom,DJ Haze
Eminem,Mase
Eminem,Terror Squad
Mase,Terror Squad
Eminem,Royce da 5′9″
Eminem,Bruno Mars
Royce da 5′9″,Bruno Mars
Fat Joe,Lil Jon
Fat Joe,Remy Ma
Fat Joe,Eminem
Fat Joe,Mase
Lil Jon,Remy Ma
Lil Jon,Eminem
Lil Jon,Mase
Remy Ma,Eminem
Remy Ma,Mase
Eminem,Mase
Eminem,50 Cent
Eminem,Obie Trice
50 Cent,Obie Trice
Eminem,Panjabi MC
Eminem,Rihanna
Eminem,Rihanna
Eminem,Rihanna
Eminem,50 Cent
Eminem,Obie Trice
50 Cent,Obie Trice
Eminem,Rihanna
Eminem,Rihanna
Eminem,Rihanna
Eminem,50 Cent
Eminem,Obie Trice
50 Cent,Obie Trice
Eminem,Rihanna
Eminem,Kendrick Lamar
Eminem,Slaughterhouse
Eminem,Rihanna
Eminem,Slaughterhouse
Eminem,DJ September 7th
Slaughterhouse,DJ September 7th
Eminem,Panjabi MC
Eminem,50 Cent
Eminem,Obie Trice
50 Cent,Obie Trice
Eminem,50 Cent
Eminem,Obie Trice
50 Cent,Obie Trice
Eminem,Rihanna
Eminem,Liz Rodriguez
Eminem,Rihanna
Eminem,Ye
Eminem,Beanie Sigel
Ye,Beanie Sigel
Eminem,Rihanna
Eminem,Big Pun
Eminem,Nas
Big Pun,Nas
RZA,GZA/Genius
RZA,Ghostface Killah
RZA,Eminem
RZA,Killah Priest
GZA/Genius,Ghostface Killah
GZA/Genius,Eminem
GZA/Genius,Killah Priest
Ghostface Killah,Eminem
Ghostface Killah,Killah Priest
Eminem,Killah Priest
Eminem,Rihanna
Eminem,The Beatles
Eminem,Rihanna
Eminem,Rihanna
Eminem,Royce da 5′9″
Eminem,Slaughter House
Royce da 5′9″,Slaughter House
Eminem,50 Cent
Eminem,Obie Trice
50 Cent,Obie Trice
Eminem,Fabolous
Eminem,Mary Magdalan
Eminem,50 Cent
Eminem,Obie Trice
50 Cent,Obie Trice
Eminem,Hardwell
Eminem,Maddix
Hardwell,Maddix
Eminem,SKC
Eminem,Rihanna
Eminem,Rihanna
Eminem,Rihanna
Eminem,The Beatles
Eminem,Rihanna
Eminem,Rihanna
Eminem,DJ Whiteowl
Rihanna,DJ Whiteowl
Eminem,Big Pun
Eminem,Nas
Big Pun,Nas
Eminem,DJ Capcom
Eminem,DJ Haze
DJ Capcom,DJ Haze
Eminem,Linkin Park
Eminem,Red Village
Eminem,Kendrick Lamar
Eminem,The Funky Bass Brothers
Eminem,Rihanna
Eminem,50 Cent
Eminem,Obie Trice
50 Cent,Obie Trice
Eminem,Rihanna
Eminem,50 Cent
Eminem,Obie Trice
50 Cent,Obie Trice
Eminem,Sly Pyper
Eminem,2Pac
Eminem,The Notorious B.I.G.
Eminem,Big L
2Pac,The Notorious B.I.G.
2Pac,Big L
The Notorious B.I.G.,Big L
Eminem,50 Cent
Eminem,French Montana
Eminem,Sly Pyper
Eminem,Nicki Minaj
Eminem,Labrinth
Nicki Minaj,Labrinth
Eminem,Joyner Lucas
Eminem,Nicki Minaj
Eminem,Labrinth
Nicki Minaj,Labrinth
Eminem,Outsidaz
Eminem,French Montana
Eminem,Talib Kweli
Eminem,Styles P
Talib Kweli,Styles P
Eminem,Mr. Porter
Eminem,Three
Mr. Porter,Three
Eminem,50 Cent
Eminem,Outsidaz
Eminem,2Pac
Eminem,The Notorious B.I.G.
Eminem,Big L
2Pac,The Notorious B.I.G.
2Pac,Big L
The Notorious B.I.G.,Big L
Eminem,Outsidaz
Eminem,Chaos Kid
Eminem,DJ Buttafingaz
Chaos Kid,DJ Buttafingaz
Eminem,DJ Capcom
Eminem,DJ Haze
DJ Capcom,DJ Haze
Eminem,Chris Rivers
Eminem,Domingo
Eminem,DJ TMB
Chris Rivers,Domingo
Chris Rivers,DJ TMB
Domingo,DJ TMB
Eminem,Candice Pillay
Eminem,Dr. Dre
Eminem,Anderson .Paak
Candice Pillay,Dr. Dre
Candice Pillay,Anderson .Paak
Dr. Dre,Anderson .Paak
Fat Joe,Nas
Fat Joe,Eminem
Nas,Eminem
Eminem,Joyner Lucas
Eminem,2Pac
Eminem,Lil Peep
Eminem,Ferenc Fricsay
Eminem,Berliner Philharmoniker
Ferenc Fricsay,Berliner Philharmoniker
Eminem,50 Cent
Eminem,Obie Trice
50 Cent,Obie Trice
Eminem,French Montana
Eminem,Outsidaz
Eminem,Indigenous Tribe
Eminem,Mr. Porter
Eminem,D12
Eminem,2Pac
Eminem,2Pac
Eminem,LL Cool J
Eminem,2Pac
Eminem,Dr. Dre
Eminem,50 Cent
Eminem,Adam Levine
50 Cent,Adam Levine
Eminem,Rammstein
Eminem,Proof
Eminem,Dr. Dre
Eminem,D12
Eminem,50 Cent
Eminem,Hailie Jade
Eminem,50 Cent
Eminem,Adam Levine
50 Cent,Adam Levine
Eminem,DJ Capcom
Eminem,DJ Haze
DJ Capcom,DJ Haze
Eminem,Dr. Dre
Eminem,50 Cent
Eminem,50 Cent
Eminem,Adam Levine
50 Cent,Adam Levine
Eminem,Hailie Jade
Eminem,Dr. Dre
Eminem,Nate Dogg
Eminem,Xzibit
Nate Dogg,Xzibit
Eminem,Nate Dogg
Eminem,Xzibit
Nate Dogg,Xzibit
Eminem,Nate Dogg
Eminem,Xzibit
Nate Dogg,Xzibit
Eminem,Dr. Dre
Eminem,Proof
Eminem,LL Cool J
Eminem,Diddy
Eminem,Obie Trice
Diddy,Obie Trice
Eminem,D12
Eminem,LL Cool J
Eminem,50 Cent
Eminem,Adam Levine
50 Cent,Adam Levine
Eminem,Linkin Park
Eminem,P!nk
Eminem,Dr. Dre
Eminem,Dr. Dre
Eminem,Stretch Armstrong
Eminem,Mr. Porter
Eminem,Nate Dogg
Eminem,DJ Capcom
Eminem,DJ Haze
DJ Capcom,DJ Haze
Eminem,Linkin Park
Eminem,Fatboy Slim
Eminem,Jessie Reyez
Eminem,Jessie Reyez
Eminem,Fatboy Slim
Eminem,Fatboy Slim
Eminem,AC/DC
Eminem,Big Sean
Eminem,Dr. Dre
Eminem,P!nk
Eminem,DJ Capcom
Eminem,DJ Haze
DJ Capcom,DJ Haze
Eminem,Stretch Armstrong
Eminem,Fatboy Slim
Eminem,Lil Wayne
Eminem,DJ Whiteowl
Lil Wayne,DJ Whiteowl
Eminem,Nate Dogg
Eminem,Xzibit
Nate Dogg,Xzibit
Eminem,Beck
Eminem,Lil Wayne
Eminem,DJ Capcom
Eminem,DJ Haze
DJ Capcom,DJ Haze
Eminem,Nate Dogg
Eminem,50 Cent
Nate Dogg,50 Cent
Dr. Dre,50 Cent
Dr. Dre,Eazy‐E
Dr. Dre,Ice Cube
Dr. Dre,2Pac
Dr. Dre,Snoop Dogg
Dr. Dre,Eminem
Dr. Dre,DMX
50 Cent,Eazy‐E
50 Cent,Ice Cube
50 Cent,2Pac
50 Cent,Snoop Dogg
50 Cent,Eminem
50 Cent,DMX
Eazy‐E,Ice Cube
Eazy‐E,2Pac
Eazy‐E,Snoop Dogg
Eazy‐E,Eminem
Eazy‐E,DMX
Ice Cube,2Pac
Ice Cube,Snoop Dogg
Ice Cube,Eminem
Ice Cube,DMX
2Pac,Snoop Dogg
2Pac,Eminem
2Pac,DMX
Snoop Dogg,Eminem
Snoop Dogg,DMX
Eminem,DMX
Eminem,Lil Wayne
Eminem,Nate Dogg
Eminem,50 Cent
Nate Dogg,50 Cent
Eminem,50 Cent
Eminem,The Notorious B.I.G.
50 Cent,The Notorious B.I.G.
Eminem,Rammstein
Eminem,Stretch Armstrong
Eminem,Nate Dogg
Eminem,50 Cent
Nate Dogg,50 Cent
Eminem,Kehlani
Eminem,Royce da 5′9″
Eminem,DJ Semi
Eminem,Royce da 5′9″
Eminem,Dr. Dre
Eminem,Redman
Eminem,Royce da 5′9″
Eminem,Bad Meets Evil
Royce da 5′9″,Bad Meets Evil
Eminem,The Notorious B.I.G.
Eminem,Dr. Dre
Eminem,Lil Wayne
Eminem,Lil Wayne
Eminem,Royce da 5′9″
Eminem,Proof
Eminem,Busta Rhymes
Baauer,TJR
Baauer,The Prodigy
Baauer,Eminem
Baauer,NERO
TJR,The Prodigy
TJR,Eminem
TJR,NERO
The Prodigy,Eminem
The Prodigy,NERO
Eminem,NERO
Dr. Dre,50 Cent
Dr. Dre,JAY‐Z
Dr. Dre,Linkin Park
Dr. Dre,Eminem
50 Cent,JAY‐Z
50 Cent,Linkin Park
50 Cent,Eminem
JAY‐Z,Linkin Park
JAY‐Z,Eminem
Linkin Park,Eminem
Eminem,Royce da 5′9″
Eminem,Redman
Eminem,Rihanna
Eminem,Redman
Eminem,Fuzz
Eminem,Swifty McVay
Eminem,Bizarre
Fuzz,Swifty McVay
Fuzz,Bizarre
Swifty McVay,Bizarre
Eminem,DJ Capcom
Eminem,DJ Haze
DJ Capcom,DJ Haze
Eminem,Dr. Dre
Eminem,50 Cent
Eminem,Royce da 5′9″
Eminem,Lil Wayne
Eminem,Redman
Eminem,Royce da 5′9″
Eminem,Rihanna
Eminem,Don Toliver
Eminem,Lil Wayne
Eminem,Trick‐Trick
Eminem,Proof
Trick‐Trick,Proof
Eminem,Kehlani
Eminem,Linkin Park
Eminem,Don Toliver
Eminem,LSP
Eminem,50 Cent
Eminem,Redman
Eminem,Lil Wayne
Dr. Dre,50 Cent
Dr. Dre,JAY‐Z
Dr. Dre,Linkin Park
Dr. Dre,Eminem
50 Cent,JAY‐Z
50 Cent,Linkin Park
50 Cent,Eminem
JAY‐Z,Linkin Park
JAY‐Z,Eminem
Linkin Park,Eminem
Eminem,50 Cent
Eminem,Bad Meets Evil
Eminem,Rihanna
Eminem,Fuzz
Eminem,Swifty McVay
Eminem,Bizarre
Fuzz,Swifty McVay
Fuzz,Bizarre
Swifty McVay,Bizarre
Lil Wayne,Pezet
Lil Wayne,Diox
Lil Wayne,Eminem
Pezet,Diox
Pezet,Eminem
Diox,Eminem
Eminem,50 Cent
Eminem,Kehlani
Eminem,Lil Wayne
Eminem,Dr. Dre
Eminem,Snoop Dogg
Dr. Dre,Snoop Dogg
Eminem,Nena
Eminem,Lil Wayne
Eminem,2Pac
Eminem,Outlawz
2Pac,Outlawz
Eminem,Proof
Eminem,D12
Eminem,50 Cent
Eminem,2Pac
Eminem,D12
Eminem,Skylar Grey
Eminem,Slaughterhouse
Skylar Grey,Slaughterhouse
Eminem,Cordae
Eminem,50 Cent
Eminem,Dr. Dre
Eminem,50 Cent
Dr. Dre,50 Cent
Eminem,50 Cent
Eminem,Dr. Dre
Eminem,Dr. Dre
Eminem,Dr. Dre
Eminem,Dr. Dre
Eminem,Lloyd Banks
Eminem,Dr. Dre
Dina Rae,DJ Bullies
Dina Rae,Strike
Dina Rae,Eminem
DJ Bullies,Strike
DJ Bullies,Eminem
Strike,Eminem
Eminem,Obie Trice
Eminem,D12
Obie Trice,D12
Eminem,Britney Spears
Eminem,D12
Limp Bizkit,Eminem
Eminem,50 Cent
Eminem,Dr. Dre
Eminem,Cordae
Eminem,Dr. Dre
Eminem,Lloyd Banks
Eminem,50 Cent
Eminem,50 Cent
Eminem,50 Cent
Eminem,2Pac
Eminem,Outlawz
2Pac,Outlawz
Eminem,G‐Unit
Charles Aznavour,Dr. Dre
Charles Aznavour,Xzibit
Charles Aznavour,Eminem
Dr. Dre,Xzibit
Dr. Dre,Eminem
Xzibit,Eminem
Eminem,Dr. Dre
Eminem,Britney Spears
Eminem,Linkin Park
Eminem,50 Cent
Eminem,50 Cent
Eminem,50 Cent
Eminem,Britney Spears
Eminem,Thyme
Eminem,Kuniva
Thyme,Kuniva
Eminem,2Pac
Eminem,Outlawz
2Pac,Outlawz
Eminem,SKAM2?
Eminem,Dr. Dre
Eminem,2Pac
Eminem,2Pac
Eminem,50 Cent
Eminem,50 Cent
Eminem,Fabolous
Eminem,Dr. Dre
Eminem,Dr. Dre
Eminem,2Pac
Eminem,Evanescence
Eminem,Nas
2Pac,Evanescence
2Pac,Nas
Evanescence,Nas
Eminem,D12
Eminem,Lil Wayne
D12,Lil Wayne
Eminem,Dr. Dre
Eminem,50 Cent
Eminem,D12
Eminem,50 Cent
Eminem,Big Pun
Ca$his,Eminem
Eminem,Chaos Kid
Eminem,D12
Eminem,Lil Wayne
D12,Lil Wayne
Eminem,50 Cent
Eminem,Proof
Eminem,Royce da 5′9″
Eminem,50 Cent
Royce da 5′9″,50 Cent
Eminem,50 Cent
Eminem,50 Cent
Eminem,50 Cent
Eminem,50 Cent
Eminem,50 Cent
Eminem,Lil Baby
Eminem,50 Cent
Eminem,Yelawolf
Eminem,Slaughterhouse
Yelawolf,Slaughterhouse
JLS,Rihanna
JLS,The Wanted
JLS,JAY‐Z
JLS,Jordin Sparks
JLS,Alicia Keys
JLS,Eminem
JLS,Chris Brown
JLS,Beyoncé
Rihanna,The Wanted
Rihanna,JAY‐Z
Rihanna,Jordin Sparks
Rihanna,Alicia Keys
Rihanna,Eminem
Rihanna,Chris Brown
Rihanna,Beyoncé
The Wanted,JAY‐Z
The Wanted,Jordin Sparks
The Wanted,Alicia Keys
The Wanted,Eminem
The Wanted,Chris Brown
The Wanted,Beyoncé
JAY‐Z,Jordin Sparks
JAY‐Z,Alicia Keys
JAY‐Z,Eminem
JAY‐Z,Chris Brown
JAY‐Z,Beyoncé
Jordin Sparks,Alicia Keys
Jordin Sparks,Eminem
Jordin Sparks,Chris Brown
Jordin Sparks,Beyoncé
Alicia Keys,Eminem
Alicia Keys,Chris Brown
Alicia Keys,Beyoncé
Eminem,Chris Brown
Eminem,Beyoncé
Chris Brown,Beyoncé
Dr. Dre,Nature
Dr. Dre,Nas
Dr. Dre,AZ
Dr. Dre,Eminem
Nature,Nas
Nature,AZ
Nature,Eminem
Nas,AZ
Nas,Eminem
AZ,Eminem
Eminem,D12
Eminem,Linkin Park
Eminem,Proof
Eminem,Jacques Loussier
Eminem,50 Cent
Eminem,Dr. Dre
Eminem,Dr. Dre
Eminem,Skylar Grey
Ca$his,Eminem
Eminem,50 Cent
Eminem,Linkin Park
50 Cent,Linkin Park
Eminem,Chaos Kid
Eminem,Jeff Bass
Eminem,Dr. Dre
Eminem,Truth Hurts
Dr. Dre,Truth Hurts
Eminem,50 Cent
Eminem,D12
50 Cent,D12
Eminem,Sticky Fingas
Eminem,RBX
Sticky Fingas,RBX
Eminem,DJ Capcom
Eminem,DJ Haze
DJ Capcom,DJ Haze
Eminem,WESTSIDE BOOGIE
Eminem,Sticky Fingaz
Eminem,RBX
Sticky Fingaz,RBX
Eminem,Dynamic DJ Twins
Eminem,Keith Murray
Dynamic DJ Twins,Keith Murray
Eminem,Ed Sheeran
Eminem,50 Cent
Ed Sheeran,50 Cent
Eminem,Royce da 5′9″
Eminem,Usher
Eminem,J‐Black
Eminem,Masta Ace
Usher,J‐Black
Usher,Masta Ace
J‐Black,Masta Ace
Eminem,J‐Black
Eminem,Masta Ace
J‐Black,Masta Ace
Eminem,Ed Sheeran
Eminem,50 Cent
Ed Sheeran,50 Cent
Eminem,Sticky Fingaz
Eminem,RBX
Sticky Fingaz,RBX
Eminem,Sticky Fingaz
Eminem,RBX
Sticky Fingaz,RBX
Eminem,D12
Eminem,50 Cent
Eminem,D12
50 Cent,D12
The Notorious B.I.G.,50 Cent
The Notorious B.I.G.,Eminem
50 Cent,Eminem
Eminem,JAY‐Z
Eminem,Autechre
Eminem,Akeen
Eminem,Paul Wall
Akeen,Paul Wall
Eminem,Sticky Fingaz
Eminem,RBX
Sticky Fingaz,RBX
Eminem,The Notorious B.I.G.
Eminem,JAY‐Z
Eminem,JAY‐Z
Eminem,2Pac
Eminem,JAY‐Z
Eminem,Dimitri Vegas & Like Mike
Eminem,Will Sparks
Dimitri Vegas & Like Mike,Will Sparks
Eminem,JAY‐Z
Eminem,Ez Mil
Eminem,JAY‐Z
Eminem,DJ Capcom
Eminem,DJ Haze
DJ Capcom,DJ Haze
Eminem,JAY‐Z
Eminem,Royce da 5′9″
JAY‐Z,Royce da 5′9″
Eminem,JAY‐Z
Eminem,50 Cent
Eminem,Sticky Fingaz
Eminem,RBX
Sticky Fingaz,RBX
Eminem,50 Cent
Eminem,D12
50 Cent,D12
The Notorious B.I.G.,50 Cent
The Notorious B.I.G.,Eminem
50 Cent,Eminem
Eminem,Ez Mil
Eminem,JAY‐Z
Eminem,JAY‐Z
Eminem,Ed Sheeran
Eminem,50 Cent
Ed Sheeran,50 Cent
Eminem,Royce da 5′9″
Eminem,D12
Eminem,JAY‐Z
Eminem,JAY‐Z
Eminem,Porn Kings
Eminem,DJ Capcom
Eminem,DJ Haze
DJ Capcom,DJ Haze
Eminem,Ed Sheeran
Eminem,50 Cent
Ed Sheeran,50 Cent
Eminem,JAY‐Z
Eminem,D12
Eminem,50 Cent
Eminem,D12
50 Cent,D12
Eminem,WESTSIDE BOOGIE
Eminem,Ed Sheeran
Eminem,Nicki Minaj
Eminem,Nicki Minaj
Eminem,Obie Trice
Eminem,JAY‐Z
Eminem,DJ Erb
Eminem,Rage Against the Machine
DJ Erb,Rage Against the Machine
Eminem,2Pac
Eminem,The Notorious B.I.G.
2Pac,The Notorious B.I.G.
Eminem,P!nk
Eminem,Ed Sheeran
Eminem,Nicki Minaj
Eminem,Royce da 5′9″
Eminem,Royce da 5′9″
Eminem,P!nk
Eminem,JAY‐Z
Eminem,Soprano
JAY‐Z,Soprano
Eminem,50 Cent
Eminem,Obie Trice
Eminem,Dr. Dre
Eminem,Dem Jointz
Eminem,Sly Pyper
Dem Jointz,Sly Pyper
Alonestar,Eminem
Eminem,Mr. Porter
Eminem,Westwood
Mr. Porter,Westwood
Eminem,Ed Sheeran
Eminem,Onyx
Eminem,LL Cool J
Onyx,LL Cool J
Eminem,JAY‐Z
Eminem,Royce da 5′9″
JAY‐Z,Royce da 5′9″
Eminem,Ed Sheeran
Eminem,Royce da 5′9″
Eminem,Nicki Minaj
Eminem,Royce da 5′9″
Eminem,Proof
Eminem,JAY‐Z
Eminem,Royce da 5′9″
Eminem,Nicki Minaj
Eminem,Royce da 5′9″
Eminem,Nicki Minaj
Eminem,DJ Whiteowl
Nicki Minaj,DJ Whiteowl
Eminem,Mr. Porter
Eminem,JAY‐Z
Eminem,Dr. Dre
Eminem,Nicki Minaj
Eminem,DJ Whiteowl
Nicki Minaj,DJ Whiteowl
Eminem,Dr. Dre
Eminem,Nicki Minaj
Eminem,Culture Crew
Eminem,Dibyo
Culture Crew,Dibyo
Eminem,Royce da 5′9″
Eminem,Dem Jointz
Eminem,Sly Pyper
Dem Jointz,Sly Pyper
Eminem,D12
Eminem,Nicki Minaj
Eminem,Royce da 5′9″
Eminem,Kuniva
The Notorious B.I.G.,R. Kelly
The Notorious B.I.G.,2Pac
The Notorious B.I.G.,Eminem
R. Kelly,2Pac
R. Kelly,Eminem
2Pac,Eminem
Eminem,Nicki Minaj
Eminem,Nicki Minaj
Eminem,Royce da 5′9″
Eminem,Bad Meets Evil
Royce da 5′9″,Bad Meets Evil
Eminem,Slaughterhouse
Eminem,2Pac
Eminem,Dr. Dre
Eminem,Outsidaz
Eminem,Dr. Dre
Eminem,Dr. Dre
Eminem,Slaughterhouse
Eminem,DJ September 7th
Slaughterhouse,DJ September 7th
Eminem,Fabolous
Eminem,Lil Wayne
Fabolous,Lil Wayne
Eminem,Dr. Dre
Eminem,James Brown
Eminem,Dr. Dre
Eminem,Royce da 5′9″
Eminem,Royce da 5′9″
Eminem,Dr. Dre
Eminem,Obie Trice
Dr. Dre,Obie Trice
Eminem,Slaughterhouse
Eminem,Slaughterhouse
Eminem,Promatic
Eminem,Swifty
Promatic,Swifty
Eminem,DJ Mariano
Eminem,Ye
DJ Mariano,Ye
Eminem,Dr. Dre
Eminem,Royce da 5′9″
Eminem,Bad Meets Evil
Royce da 5′9″,Bad Meets Evil
Eminem,Eye‐Kyu
Eminem,Xzibit
Eminem,Dr. Dre
Eminem,Yelawolf
Eminem,Slaughterhouse
Yelawolf,Slaughterhouse
Eminem,Usher
Eminem,Bad Meets Evil
Usher,Bad Meets Evil
Eminem,Dr. Dre
Eminem,Obie Trice
Dr. Dre,Obie Trice
Eminem,Dr. Dre
Eminem,Eve
Dr. Dre,Eve
Eminem,Nate Dogg
Eminem,Xzibit
Nate Dogg,Xzibit
Eminem,Xzibit
Eminem,Nate Dogg
Eminem,Benza
Eminem,Suzanne Vega
Benza,Suzanne Vega
Eminem,Dr. Dre
Eminem,Obie Trice
Dr. Dre,Obie Trice
Eminem,David Begun
Eminem,Pete Rock
David Begun,Pete Rock
Eminem,Royce da 5′9″
Eminem,Bad Meets Evil
Royce da 5′9″,Bad Meets Evil
Eminem,Ye
Eminem,Bobby Creekwater
Ye,Bobby Creekwater
Eminem,DJ Green Lantern
Eminem,Dr. Dre
Eminem,Obie Trice
Dr. Dre,Obie Trice
Eminem,Outsidaz
Eminem,Ye
Eminem,Bobby Creekwater
Ye,Bobby Creekwater
Eminem,Dr. Dre
Eminem,Dr. Dre
Eminem,Obie Trice
Eminem,Outsidaz
Eminem,Modjo
Eminem,Dr. Dre
Eminem,Timbaland
Dr. Dre,Timbaland
Eminem,DJ Whiteowl
Eminem,Royce da 5′9″
Eminem,Bad Meets Evil
Royce da 5′9″,Bad Meets Evil
Eminem,Royce da 5′9″
Eminem,Bad Meets Evil
Royce da 5′9″,Bad Meets Evil
Eminem,Royce da 5′9″
Eminem,Mr. Porter
Eminem,Dr. Dre
Eminem,Dr. Dre
Eminem,Timbaland
Dr. Dre,Timbaland
Eminem,DJ Capcom
Eminem,DJ Haze
DJ Capcom,DJ Haze
Akon,Eminem
Eminem,Nate Dogg
Akon,Eminem
Eminem,DJ Capcom
Eminem,DJ Haze
DJ Capcom,DJ Haze
Eminem,Dr. Dre
Eminem,Obie Trice
Dr. Dre,Obie Trice
Akon,Eminem
Eminem,Nate Dogg
Eminem,Elektrik Haze
Akon,Eminem
Akon,Eminem
Eminem,Nate Dogg
Akon,Eminem
Eminem,D12
Eminem,DJ Whiteowl
KRS‐One,Method Man
KRS‐One,RZA
KRS‐One,Redman
KRS‐One,Eminem
KRS‐One,DMX
KRS‐One,Master P
Method Man,RZA
Method Man,Redman
Method Man,Eminem
Method Man,DMX
Method Man,Master P
RZA,Redman
RZA,Eminem
RZA,DMX
RZA,Master P
Redman,Eminem
Redman,DMX
Redman,Master P
Eminem,DMX
Eminem,Master P
DMX,Master P
Akon,Eminem
Eminem,Nate Dogg
Eminem,Royce da 5′9″
Eminem,Just Brothers
Eminem,Nate Dogg
Eminem,Nate Dogg
Akon,Eminem
Akon,Eminem
Eminem,Royce da 5′9″
Akon,Eminem
Akon,Eminem
Eminem,JAY‐Z
Eminem,Nate Dogg
JAY‐Z,Nate Dogg
Eminem,Nate Dogg
Eminem,2Pac
Eminem,D12
Eminem,Nate Dogg
Eminem,Linkin Park
Eminem,Nate Dogg
Eminem,DJ Capcom
Eminem,DJ Haze
Nate Dogg,DJ Capcom
Nate Dogg,DJ Haze
DJ Capcom,DJ Haze
Akon,Eminem
Eminem,Akon
Eminem,Nate Dogg
DR. Moriarity,Eminem
Akon,Eminem
Akon,Eminem
Eminem,Nate Dogg
Eminem,Nate Dogg
Eminem,Nate Dogg
Eminem,Obie Trice
Eminem,Bobby Creekwater
Nate Dogg,Obie Trice
Nate Dogg,Bobby Creekwater
Obie Trice,Bobby Creekwater
Eminem,Beyoncé
Eminem,Linkin Park
Beyoncé,Linkin Park
Eminem,D12
Eminem,Nate Dogg
Eminem,Nate Dogg
Eminem,Obie Trice
Eminem,Bobby Creekwater
Nate Dogg,Obie Trice
Nate Dogg,Bobby Creekwater
Obie Trice,Bobby Creekwater
Akon,Eminem
Eminem,Nate Dogg
Akon,Eminem
Eminem,Dr. Dre
Eminem,Obie Trice
Dr. Dre,Obie Trice
Eminem,D12
Eminem,Nate Dogg
Eminem,Dr. Dre
Eminem,Obie Trice
Dr. Dre,Obie Trice
Eminem,The Beatles
Eminem,Magic
Eminem,Elton John
Eminem,Dido
Eminem,Dido
Eminem,Dilu Dilwala
Eminem,50 Cent
Eminem,50 Cent
Eminem,DJ Capcom
Eminem,DJ Haze
DJ Capcom,DJ Haze
Eminem,50 Cent
Eminem,Tech N9ne
Eminem,Krizz Kaliko
Tech N9ne,Krizz Kaliko
Eminem,Tiësto
Eminem,Amir
Eminem,Silla
Amir,Silla
Eminem,Dido
Eminem,DJ Capcom
Eminem,DJ Haze
Dido,DJ Capcom
Dido,DJ Haze
DJ Capcom,DJ Haze
Eminem,G‐Unit
Eminem,Dido
Eminem,Tech N9ne
Eminem,Krizz Kaliko
Tech N9ne,Krizz Kaliko
Lil Wayne,Drake
Lil Wayne,N*E*R*D
Lil Wayne,Tyga
Lil Wayne,Eminem
Drake,N*E*R*D
Drake,Tyga
Drake,Eminem
N*E*R*D,Tyga
N*E*R*D,Eminem
Tyga,Eminem
Eminem,Benefit
Eminem,Frostie
Eminem,Jelly Roll
Eminem,Dido
Eminem,Elton John
Eminem,Stat Quo
Eminem,50 Cent
Eminem,Obie Trice
Stat Quo,50 Cent
Stat Quo,Obie Trice
50 Cent,Obie Trice
Eminem,Jelly Roll
Eminem,Jelly Roll
Eminem,The Beatles
Akon,Eminem
Eminem,2Pac
Eminem,Elton John
Eminem,2Pac
Eminem,David Begun
Eminem,Pete Rock
David Begun,Pete Rock
Eminem,Stat Quo
Eminem,50 Cent
Eminem,Obie Trice
Stat Quo,50 Cent
Stat Quo,Obie Trice
50 Cent,Obie Trice
Eminem,Stat Quo
Eminem,50 Cent
Eminem,Obie Trice
Stat Quo,50 Cent
Stat Quo,Obie Trice
50 Cent,Obie Trice
Eminem,Dido
Eminem,Dido
Eminem,Dido
Eminem,Hailie Jade
Akon,Eminem
Eminem,Dido
Eminem,2Pac
Eminem,50 Cent
Eminem,50 Cent
Eminem,The Madd Rapper
Eminem,Elton John
Eminem,Dr. Dre
Eminem,Snoop Dogg
Dr. Dre,Snoop Dogg
Eminem,Lil Wayne
Eminem,The Beatles
Eminem,Dina Rae
Eminem,Dina Rae
Eminem,Dr. Dre
Eminem,Snoop Dogg
Dr. Dre,Snoop Dogg
Eminem,Obie Trice
Eminem,Dr. Dre
Eminem,The Madd Rapper
Eminem,KRS‐One
Eminem,Dr. Dre
Eminem,Dido
Eminem,The Madd Rapper
Eminem,The Madd Rapper
Eminem,Elton John
Eminem,Dido
Eminem,KRS‐One
Eminem,Elton John
Eminem,Dina Rae
Eminem,Dido
Eminem,The Madd Rapper
Eminem,Dr. Dre
Eminem,DJ Capcom
Eminem,DJ Haze
DJ Capcom,DJ Haze
Eminem,Wu‐Tang Clan
Eminem,Dr. Dre
Eminem,KRS‐One
Eminem,Dido
Eminem,Skylar Grey
Eminem,Kobe
Eminem,Eurythmics
Eminem,R. Kelly
Tech N9ne,Xzibit
Tech N9ne,Kool G Rap
Tech N9ne,Sway & King Tech
Tech N9ne,KRS‐One
Tech N9ne,RZA
Tech N9ne,Chino XL
Tech N9ne,Eminem
Tech N9ne,Jayo Felony
Tech N9ne,Pharoahe Monch
Xzibit,Kool G Rap
Xzibit,Sway & King Tech
Xzibit,KRS‐One
Xzibit,RZA
Xzibit,Chino XL
Xzibit,Eminem
Xzibit,Jayo Felony
Xzibit,Pharoahe Monch
Kool G Rap,Sway & King Tech
Kool G Rap,KRS‐One
Kool G Rap,RZA
Kool G Rap,Chino XL
Kool G Rap,Eminem
Kool G Rap,Jayo Felony
Kool G Rap,Pharoahe Monch
Sway & King Tech,KRS‐One
Sway & King Tech,RZA
Sway & King Tech,Chino XL
Sway & King Tech,Eminem
Sway & King Tech,Jayo Felony
Sway & King Tech,Pharoahe Monch
KRS‐One,RZA
KRS‐One,Chino XL
KRS‐One,Eminem
KRS‐One,Jayo Felony
KRS‐One,Pharoahe Monch
RZA,Chino XL
RZA,Eminem
RZA,Jayo Felony
RZA,Pharoahe Monch
Chino XL,Eminem
Chino XL,Jayo Felony
Chino XL,Pharoahe Monch
Eminem,Jayo Felony
Eminem,Pharoahe Monch
Jayo Felony,Pharoahe Monch
Eminem,JAY‐Z
Eminem,Trey Songz
JAY‐Z,Trey Songz
Eminem,KXNG Crooked
Eminem,Kobe
KXNG Crooked,Kobe
Tech N9ne,Xzibit
Tech N9ne,Kool G Rap
Tech N9ne,Sway & King Tech
Tech N9ne,KRS‐One
Tech N9ne,RZA
Tech N9ne,Chino XL
Tech N9ne,Eminem
Tech N9ne,Jayo Felony
Tech N9ne,Pharoahe Monch
Xzibit,Kool G Rap
Xzibit,Sway & King Tech
Xzibit,KRS‐One
Xzibit,RZA
Xzibit,Chino XL
Xzibit,Eminem
Xzibit,Jayo Felony
Xzibit,Pharoahe Monch
Kool G Rap,Sway & King Tech
Kool G Rap,KRS‐One
Kool G Rap,RZA
Kool G Rap,Chino XL
Kool G Rap,Eminem
Kool G Rap,Jayo Felony
Kool G Rap,Pharoahe Monch
Sway & King Tech,KRS‐One
Sway & King Tech,RZA
Sway & King Tech,Chino XL
Sway & King Tech,Eminem
Sway & King Tech,Jayo Felony
Sway & King Tech,Pharoahe Monch
KRS‐One,RZA
KRS‐One,Chino XL
KRS‐One,Eminem
KRS‐One,Jayo Felony
KRS‐One,Pharoahe Monch
RZA,Chino XL
RZA,Eminem
RZA,Jayo Felony
RZA,Pharoahe Monch
Chino XL,Eminem
Chino XL,Jayo Felony
Chino XL,Pharoahe Monch
Eminem,Jayo Felony
Eminem,Pharoahe Monch
Jayo Felony,Pharoahe Monch
Eminem,David Begun
Eminem,Pete Rock
David Begun,Pete Rock
Eminem,The Beatles
Tech N9ne,Xzibit
Tech N9ne,Kool G Rap
Tech N9ne,Sway & King Tech
Tech N9ne,KRS‐One
Tech N9ne,RZA
Tech N9ne,Chino XL
Tech N9ne,Eminem
Tech N9ne,Jayo Felony
Tech N9ne,Pharoahe Monch
Xzibit,Kool G Rap
Xzibit,Sway & King Tech
Xzibit,KRS‐One
Xzibit,RZA
Xzibit,Chino XL
Xzibit,Eminem
Xzibit,Jayo Felony
Xzibit,Pharoahe Monch
Kool G Rap,Sway & King Tech
Kool G Rap,KRS‐One
Kool G Rap,RZA
Kool G Rap,Chino XL
Kool G Rap,Eminem
Kool G Rap,Jayo Felony
Kool G Rap,Pharoahe Monch
Sway & King Tech,KRS‐One
Sway & King Tech,RZA
Sway & King Tech,Chino XL
Sway & King Tech,Eminem
Sway & King Tech,Jayo Felony
Sway & King Tech,Pharoahe Monch
KRS‐One,RZA
KRS‐One,Chino XL
KRS‐One,Eminem
KRS‐One,Jayo Felony
KRS‐One,Pharoahe Monch
RZA,Chino XL
RZA,Eminem
RZA,Jayo Felony
RZA,Pharoahe Monch
Chino XL,Eminem
Chino XL,Jayo Felony
Chino XL,Pharoahe Monch
Eminem,Jayo Felony
Eminem,Pharoahe Monch
Jayo Felony,Pharoahe Monch
Eminem,Kobe
T.I.,Eminem
Tony Touch,Eminem
Eminem,JAY‐Z
Eminem,Asher Roth
JAY‐Z,Asher Roth
Eminem,Beastie Boys
Dr. Dre,50 Cent
Dr. Dre,JAY‐Z
Dr. Dre,Ca$his
Dr. Dre,Stat Quo
Dr. Dre,Eminem
50 Cent,JAY‐Z
50 Cent,Ca$his
50 Cent,Stat Quo
50 Cent,Eminem
JAY‐Z,Ca$his
JAY‐Z,Stat Quo
JAY‐Z,Eminem
Ca$his,Stat Quo
Ca$his,Eminem
Stat Quo,Eminem
Eminem,David Begun
Eminem,Pete Rock
David Begun,Pete Rock
Xzibit,Kool G Rap
Xzibit,Sway & King Tech
Xzibit,RZA
Xzibit,Eminem
Kool G Rap,Sway & King Tech
Kool G Rap,RZA
Kool G Rap,Eminem
Sway & King Tech,RZA
Sway & King Tech,Eminem
RZA,Eminem
Dr. Dre,50 Cent
Dr. Dre,JAY‐Z
Dr. Dre,Ca$his
Dr. Dre,Stat Quo
Dr. Dre,Eminem
50 Cent,JAY‐Z
50 Cent,Ca$his
50 Cent,Stat Quo
50 Cent,Eminem
JAY‐Z,Ca$his
JAY‐Z,Stat Quo
JAY‐Z,Eminem
Ca$his,Stat Quo
Ca$his,Eminem
Stat Quo,Eminem
Eminem,J.J. Fad
T.I.,Eminem
Eminem,Duke Pearson
Eminem,S. Mos
Duke Pearson,S. Mos
Eminem,Pacewon
Eminem,Bizarre
Pacewon,Bizarre
Lil Wayne,Joe Budden
Lil Wayne,Eminem
Joe Budden,Eminem
Eminem,Kobe
Eminem,Skylar Grey
Eminem,Royce da 5′9″
Eminem,Duke Ellington
Eminem,Skylar Grey
T.I.,Eminem
Tech N9ne,Xzibit
Tech N9ne,Kool G Rap
Tech N9ne,KRS‐One
Tech N9ne,RZA
Tech N9ne,Eminem
Tech N9ne,Jayo Felony
Tech N9ne,Pharoahe Monch
Xzibit,Kool G Rap
Xzibit,KRS‐One
Xzibit,RZA
Xzibit,Eminem
Xzibit,Jayo Felony
Xzibit,Pharoahe Monch
Kool G Rap,KRS‐One
Kool G Rap,RZA
Kool G Rap,Eminem
Kool G Rap,Jayo Felony
Kool G Rap,Pharoahe Monch
KRS‐One,RZA
KRS‐One,Eminem
KRS‐One,Jayo Felony
KRS‐One,Pharoahe Monch
RZA,Eminem
RZA,Jayo Felony
RZA,Pharoahe Monch
Eminem,Jayo Felony
Eminem,Pharoahe Monch
Jayo Felony,Pharoahe Monch
Eminem,Linkin Park
Eminem,Nate Dogg
Eminem,50 Cent
Nate Dogg,50 Cent
Eminem,Dina Rae
Eminem,Skylar Grey
Eminem,Kid Cudi
Eminem,DJ Whiteowl
Tech N9ne,Xzibit
Tech N9ne,Kool G Rap
Tech N9ne,Sway & King Tech
Tech N9ne,KRS‐One
Tech N9ne,RZA
Tech N9ne,Chino XL
Tech N9ne,Eminem
Tech N9ne,Jayo Felony
Tech N9ne,Pharoahe Monch
Xzibit,Kool G Rap
Xzibit,Sway & King Tech
Xzibit,KRS‐One
Xzibit,RZA
Xzibit,Chino XL
Xzibit,Eminem
Xzibit,Jayo Felony
Xzibit,Pharoahe Monch
Kool G Rap,Sway & King Tech
Kool G Rap,KRS‐One
Kool G Rap,RZA
Kool G Rap,Chino XL
Kool G Rap,Eminem
Kool G Rap,Jayo Felony
Kool G Rap,Pharoahe Monch
Sway & King Tech,KRS‐One
Sway & King Tech,RZA
Sway & King Tech,Chino XL
Sway & King Tech,Eminem
Sway & King Tech,Jayo Felony
Sway & King Tech,Pharoahe Monch
KRS‐One,RZA
KRS‐One,Chino XL
KRS‐One,Eminem
KRS‐One,Jayo Felony
KRS‐One,Pharoahe Monch
RZA,Chino XL
RZA,Eminem
RZA,Jayo Felony
RZA,Pharoahe Monch
Chino XL,Eminem
Chino XL,Jayo Felony
Chino XL,Pharoahe Monch
Eminem,Jayo Felony
Eminem,Pharoahe Monch
Jayo Felony,Pharoahe Monch
Eminem,Pacewon
Eminem,D12
Eminem,Bizarre
Pacewon,D12
Pacewon,Bizarre
D12,Bizarre
Eminem,Kid Cudi
Eminem,Freddie Gibbs
Eminem,Jeezy
Freddie Gibbs,Jeezy
Eminem,Freddie Gibbs
Eminem,Jeezy
Freddie Gibbs,Jeezy
Eminem,CeeLo Green
Eminem,50 Cent
Eminem,Rihanna
Eminem,Rihanna
Eminem,The Weeknd
Eminem,Rihanna
2Pac,The Notorious B.I.G.
2Pac,Mobb Deep
2Pac,Snoop Dogg
2Pac,Eminem
The Notorious B.I.G.,Mobb Deep
The Notorious B.I.G.,Snoop Dogg
The Notorious B.I.G.,Eminem
Mobb Deep,Snoop Dogg
Mobb Deep,Eminem
Snoop Dogg,Eminem
Eminem,Rihanna
Eminem,DJ Whiteowl
Eminem,CeeLo Green
Eminem,Bebe Rexha
Eminem,Rihanna
Eminem,Stretch Armstrong
Eminem,Rihanna
Eminem,Rihanna
Eminem,2Pac
Eminem,Rihanna
Eminem,Chaos Kid
The High & Mighty,Eminem
Eminem,Dr. Dre
Eminem,Dr. Dre
Eminem,Akeem
Eminem,Paul Wall
Akeem,Paul Wall
Eminem,The Weeknd
Eminem,Diddy
Eminem,Obie Trice
Diddy,Obie Trice
Eminem,Rihanna
Eminem,Rihanna
Eminem,Proof
Eminem,Rihanna
Eminem,Rihanna
Eminem,50 Cent
Eminem,Dr. Dre
Eminem,2Pac
Eminem,Linkin Park
Eminem,50 Cent
Eminem,Kendrick Lamar
50 Cent,Kendrick Lamar
Eminem,Nas
The Notorious B.I.G.,50 Cent
The Notorious B.I.G.,Eminem
50 Cent,Eminem
Drake,Lil Wayne
Drake,Metallica
Drake,Ye
Drake,Eminem
Lil Wayne,Metallica
Lil Wayne,Ye
Lil Wayne,Eminem
Metallica,Ye
Metallica,Eminem
Ye,Eminem
Eminem,The Beatles
Eminem,Rareform
Eminem,2Pac
Eminem,Marilyn Manson
Eminem,Method Man
Eminem,Royce da 5′9″
Eminem,DJ Clue?
Method Man,Royce da 5′9″
Method Man,DJ Clue?
Royce da 5′9″,DJ Clue?
Eminem,Proof
The Notorious B.I.G.,50 Cent
The Notorious B.I.G.,Eminem
50 Cent,Eminem
Eminem,JAY‐Z
Eminem,Dr. Dre
JAY‐Z,Dr. Dre
Eminem,Dr. Dre
Eminem,DJ Capcom
Eminem,DJ Haze
DJ Capcom,DJ Haze
Eminem,Rihanna
Eminem,Marilyn Manson
Eminem,Dr. Dre
Eminem,Trick‐Trick
Eminem,Big Herk
Eminem,Obie Trice
Trick‐Trick,Big Herk
Trick‐Trick,Obie Trice
Big Herk,Obie Trice
Eminem,Dr. Dre
Eminem,Method Man
Eminem,Royce da 5′9″
Eminem,DJ Clue?
Method Man,Royce da 5′9″
Method Man,DJ Clue?
Royce da 5′9″,DJ Clue?
Eminem,Dr. Dre
Eminem,Spirit
Eminem,Royce da 5′9″
Eminem,50 Cent
Royce da 5′9″,50 Cent
Eminem,2Pac
Eminem,MAJ
Eminem,Dr. Dre
Eminem,50 Cent
Eminem,The Notorious B.I.G.
50 Cent,The Notorious B.I.G.
Eminem,Trick‐Trick
Eminem,Big Herk
Eminem,Obie Trice
Trick‐Trick,Big Herk
Trick‐Trick,Obie Trice
Big Herk,Obie Trice
Eminem,Dr. Dre
Eminem,G‐Unit
Eminem,Marilyn Manson
Eminem,Dr. Dre
Eminem,Marilyn Manson
T.I.,Eminem
Eminem,BabyTron
Eminem,Big Sean
BabyTron,Big Sean
Eminem,Proof
Eminem,Gangsta Boo
Eminem,Yelawolf
Gangsta Boo,Yelawolf
Eminem,Dr. Dre
Eminem,Nas
Dr. Dre,Nas
Eminem,Proof
Eminem,Gangsta Boo
Eminem,Yelawolf
Gangsta Boo,Yelawolf
Eminem,Gangsta Boo
Eminem,Yelawolf
Gangsta Boo,Yelawolf
Eminem,Proof
Eminem,Nate Dogg
Eminem,Slaughterhouse
Lil Wayne,Ye
Lil Wayne,Eminem
Ye,Eminem
Eminem,B.o.B
Eminem,Proof
Eminem,Proof
Eminem,DJ Capcom
Eminem,DJ Haze
DJ Capcom,DJ Haze
Eminem,B.o.B
Eminem,Nate Dogg
Eminem,Gangsta Boo
Eminem,Yelawolf
Gangsta Boo,Yelawolf
Eminem,Proof
Eminem,The Zombies
T.I.,Eminem
Eminem,Mr. Porter
Eminem,Royce da 5′9″
Mr. Porter,Royce da 5′9″
Eminem,T.I.
Eminem,Nas
T.I.,Nas
Eminem,Proof
Eminem,B.o.B
Eminem,B.o.B
Eminem,B.o.B
Eminem,2Pac
Eminem,MAJ
Eminem,Gangsta Boo
Eminem,Yelawolf
Gangsta Boo,Yelawolf
Eminem,Proof
Eminem,Ed Sheeran
Eminem,Gangsta Boo
Dr. Dre,Cano & Valence
Dr. Dre,2Pac
Dr. Dre,The Notorious B.I.G.
Dr. Dre,Eminem
Cano & Valence,2Pac
Cano & Valence,The Notorious B.I.G.
Cano & Valence,Eminem
2Pac,The Notorious B.I.G.
2Pac,Eminem
The Notorious B.I.G.,Eminem
Eminem,DJ Capcom
Eminem,DJ Haze
DJ Capcom,DJ Haze
Eminem,Ye
Eminem,Lil Wayne
Ye,Lil Wayne
Eminem,Linkin Park
Eminem,Slim the Mobster
Eminem,Nas
Slim the Mobster,Nas
Eminem,Gangsta Boo
Eminem,Yelawolf
Gangsta Boo,Yelawolf
Eminem,B.o.B
Eminem,Slaughterhouse
Eminem,Proof
Eminem,Ed Sheeran
Eminem,Proof
Eminem,SKAM2?
Eminem,Slaughterhouse
Eminem,Nate Dogg
Eminem,Proof
Eminem,BabyTron
Eminem,Big Sean
BabyTron,Big Sean
Eminem,Nas
Eminem,2Pac
Eminem,50 Cent
2Pac,50 Cent
Eminem,B.o.B
Eminem,B.o.B
Eminem,DJ Capcom
Eminem,DJ Haze
DJ Capcom,DJ Haze
Eminem,BabyTron
Eminem,Big Sean
BabyTron,Big Sean
Eminem,D12
Eminem,Linkin Park
Die Fantastischen Vier,Dr. Dre
Die Fantastischen Vier,Xzibit
Die Fantastischen Vier,Eminem
Dr. Dre,Xzibit
Dr. Dre,Eminem
Xzibit,Eminem
Eminem,Slaughterhouse
T.I.,Eminem
Fuzz,Eminem
Fuzz,Bizarre
Eminem,Bizarre
Eminem,Proof
Eminem,DJ Head
Proof,DJ Head
Eminem,D12
Eminem,Grafh
Eminem,Ice Cube
Eminem,Dr. Dre
Ice Cube,Dr. Dre
Eminem,Limp Bizkit
Eminem,Royce da 5′9″
Eminem,Trick‐Trick
Royce da 5′9″,Trick‐Trick
Eminem,Limp Bizkit
Eminem,D12
Eminem,D12
Eminem,Skylar Grey
Eminem,Young M.A
Eminem,D12
Eminem,D12
Eminem,D12
Eminem,Linkin Park
Eminem,D12
Eminem,2Pac
Eminem,Limp Bizkit
Eminem,Skylar Grey
50 Cent,Tony Yayo
50 Cent,Ca$his
50 Cent,Eminem
50 Cent,Lloyd Banks
Tony Yayo,Ca$his
Tony Yayo,Eminem
Tony Yayo,Lloyd Banks
Ca$his,Eminem
Ca$his,Lloyd Banks
Eminem,Lloyd Banks
Eminem,Fred Durst
Eminem,DJ Capcom
Eminem,DJ Haze
Fred Durst,DJ Capcom
Fred Durst,DJ Haze
DJ Capcom,DJ Haze
Eminem,Skylar Grey
Eminem,Yelawolf
Skylar Grey,Yelawolf
Eminem,Dr. Dre
Eminem,50 Cent
Dr. Dre,50 Cent
Eminem,Dr. Dre
Eminem,50 Cent
Dr. Dre,50 Cent
Eminem,DJ Khaled
Eminem,Ye
DJ Khaled,Ye
Eminem,Young M.A
Lil Wayne,2Pac
Lil Wayne,DJ Stylis
Lil Wayne,Eminem
Lil Wayne,Fetty Wap
2Pac,DJ Stylis
2Pac,Eminem
2Pac,Fetty Wap
DJ Stylis,Eminem
DJ Stylis,Fetty Wap
Eminem,Fetty Wap
Eminem,Slaughterhouse
Eminem,Linkin Park
Eminem,Ye
Eminem,D12
Dr. Dre,50 Cent
Dr. Dre,Eminem
Dr. Dre,DJ Erb
Dr. Dre,Rage Against the Machine
50 Cent,Eminem
50 Cent,DJ Erb
50 Cent,Rage Against the Machine
Eminem,DJ Erb
Eminem,Rage Against the Machine
DJ Erb,Rage Against the Machine
Eminem,Limp Bizkit
Eminem,Nate Dogg
Eminem,Lloyd Banks
Eminem,50 Cent
Nate Dogg,Lloyd Banks
Nate Dogg,50 Cent
Lloyd Banks,50 Cent
Eminem,Da Ruckus
Da Ruckus,Eminem
Eminem,40 Glocc
Eminem,Jayo Felony
40 Glocc,Jayo Felony
Eminem,Hush
Eminem,Nate Dogg
Eminem,Lloyd Banks
Eminem,50 Cent
Nate Dogg,Lloyd Banks
Nate Dogg,50 Cent
Lloyd Banks,50 Cent
Eminem,Nate Dogg
Eminem,Lloyd Banks
Eminem,50 Cent
Nate Dogg,Lloyd Banks
Nate Dogg,50 Cent
Lloyd Banks,50 Cent
Eminem,David Begun
Eminem,Pete Rock
David Begun,Pete Rock
Eminem,GRIP
50 Cent,DJ Muggs
50 Cent,Tony Yayo
50 Cent,Obie Trice
50 Cent,Eminem
50 Cent,Lloyd Banks
DJ Muggs,Tony Yayo
DJ Muggs,Obie Trice
DJ Muggs,Eminem
DJ Muggs,Lloyd Banks
Tony Yayo,Obie Trice
Tony Yayo,Eminem
Tony Yayo,Lloyd Banks
Obie Trice,Eminem
Obie Trice,Lloyd Banks
Eminem,Lloyd Banks
Ca$his,Stat Quo
Ca$his,Obie Trice
Ca$his,Eminem
Ca$his,Bobby Creekwater
Stat Quo,Obie Trice
Stat Quo,Eminem
Stat Quo,Bobby Creekwater
Obie Trice,Eminem
Obie Trice,Bobby Creekwater
Eminem,Bobby Creekwater
Da Ruckus,Eminem
Eminem,2Pac
Eminem,2Pac
Eminem,Michael Jackson
2Pac,Michael Jackson
Eminem,DJ Spinna
Eminem,Thirstin Howl III
DJ Spinna,Thirstin Howl III
Eminem,Dr. Dre
Eminem,The Game
Eminem,Lloyd Banks
Eminem,50 Cent
Eminem,Obie Trice
Lloyd Banks,50 Cent
Lloyd Banks,Obie Trice
50 Cent,Obie Trice
Da Ruckus,Eminem
Eminem,Hush
Eminem,D12
Eminem,Beyoncé
Eminem,50 Cent
Eminem,Skylar Grey
Eminem,Beyoncé
Eminem,Planet Asia
Eminem,Akinyele
Planet Asia,Akinyele
Eminem,Lloyd Banks
Eminem,50 Cent
Lloyd Banks,50 Cent
Eminem,Lloyd Banks
Eminem,50 Cent
Eminem,Obie Trice
Lloyd Banks,50 Cent
Lloyd Banks,Obie Trice
50 Cent,Obie Trice
Eminem,Jeru the Damaja
Eminem,Dr. Dre
Da Ruckus,Eminem
Eminem,50 Cent
Eminem,Tony Yayo
Eminem,Obie Trice
50 Cent,Tony Yayo
50 Cent,Obie Trice
Tony Yayo,Obie Trice
Eminem,Dr. Dre
Eminem,50 Cent
Dr. Dre,50 Cent
Eminem,DJ Capcom
Eminem,DJ Haze
DJ Capcom,DJ Haze
Eminem,Linkin Park
Ca$his,Stat Quo
Ca$his,Obie Trice
Ca$his,Eminem
Ca$his,Bobby Creekwater
Stat Quo,Obie Trice
Stat Quo,Eminem
Stat Quo,Bobby Creekwater
Obie Trice,Eminem
Obie Trice,Bobby Creekwater
Eminem,Bobby Creekwater
Eminem,Nate Dogg
Eminem,Lloyd Banks
Eminem,50 Cent
Nate Dogg,Lloyd Banks
Nate Dogg,50 Cent
Lloyd Banks,50 Cent
Da Muttz,Eminem
Eminem,Lloyd Banks
Eminem,50 Cent
Eminem,Obie Trice
Lloyd Banks,50 Cent
Lloyd Banks,Obie Trice
50 Cent,Obie Trice
Eminem,50 Cent
Eminem,Marilyn Manson
Eminem,DJ Capcom
Eminem,DJ Haze
Marilyn Manson,DJ Capcom
Marilyn Manson,DJ Haze
DJ Capcom,DJ Haze
Eminem,Young Zee
Eminem,50 Cent
Eminem,Nate Dogg
50 Cent,Tony Yayo
50 Cent,Obie Trice
50 Cent,Eminem
50 Cent,Lloyd Banks
Tony Yayo,Obie Trice
Tony Yayo,Eminem
Tony Yayo,Lloyd Banks
Obie Trice,Eminem
Obie Trice,Lloyd Banks
Eminem,Lloyd Banks
Eminem,David Begun
Eminem,Pete Rock
David Begun,Pete Rock
Eminem,Nate Dogg
Eminem,Lloyd Banks
Eminem,50 Cent
Nate Dogg,Lloyd Banks
Nate Dogg,50 Cent
Lloyd Banks,50 Cent
Reg Tilsley,Music De Wolfe
Reg Tilsley,Eminem
Music De Wolfe,Eminem
Eminem,The Game
Eminem,GRIP
Eminem,Nate Dogg
Eminem,Lloyd Banks
Eminem,50 Cent
Nate Dogg,Lloyd Banks
Nate Dogg,50 Cent
Lloyd Banks,50 Cent
Eminem,G‐Unit
Eminem,Obie Trice
G‐Unit,Obie Trice
Eminem,Trick‐Trick
Eminem,Trick‐Trick
Eminem,Dr. Dre
Eminem,Xzibit
Dr. Dre,Xzibit
Eminem,The Beatles
Eminem,Dr. Dre
Eminem,D12
Eminem,Dr. Dre
Eminem,Obie Trice
Dr. Dre,Obie Trice
Eminem,D12
Eminem,Sticky Fingaz
Eminem,Linkin Park
Eminem,Dr. Dre
Eminem,Method Man
Eminem,Royce da 5′9″
Eminem,DJ Clue?
Method Man,Royce da 5′9″
Method Man,DJ Clue?
Royce da 5′9″,DJ Clue?
Eminem,Dr. Dre
Eminem,Xzibit
Dr. Dre,Xzibit
Eminem,Trick‐Trick
Eminem,Trick‐Trick
Eminem,Trick‐Trick
Eminem,Royce da 5′9″
Eminem,Trick‐Trick
Eminem,Method Man
Eminem,Royce da 5′9″
Method Man,Royce da 5′9″
Eminem,Dr. Dre
Sheek Louch,Eminem
Sheek Louch,Jadakiss
Sheek Louch,Styles P
Eminem,Jadakiss
Eminem,Styles P
Jadakiss,Styles P
Eminem,Dr. Dre
Eminem,Dr. Dre
Eminem,Xzibit
Dr. Dre,Xzibit
Eminem,Dr. Dre
Eminem,Xzibit
Dr. Dre,Xzibit
Eminem,Proof
Eminem,Chaos Kid
Eminem,Champtown
Chaos Kid,Champtown
Eminem,D12
Eminem,Royce da 5′9″
Eminem,Method Man
Eminem,Royce da 5′9″
Eminem,DJ Clue?
Method Man,Royce da 5′9″
Method Man,DJ Clue?
Royce da 5′9″,DJ Clue?
Eminem,Lil Wayne
Eminem,Sticky Fingaz
Eminem,The Observer
Eminem,KXNG Crooked
The Observer,KXNG Crooked
Eminem,Dr. Dre
Eminem,Obie Trice
Dr. Dre,Obie Trice
Eminem,DJ Capcom
Eminem,DJ Haze
DJ Capcom,DJ Haze
Eminem,Sticky Fingaz
Eminem,Dr. Dre
Joyner Lucas,Eminem
Sheek Louch,Eminem
Sheek Louch,Jadakiss
Sheek Louch,Styles P
Eminem,Jadakiss
Eminem,Styles P
Jadakiss,Styles P
Eminem,Sticky Fingaz
Eminem,D‐Block
Eminem,Chaos Kid
Eminem,Champtown
Chaos Kid,Champtown
Eminem,Dr. Dre
Eminem,Xzibit
Dr. Dre,Xzibit
Eminem,Slaughterhouse
Dr. Dre,JAY‐Z
Dr. Dre,Malice
Dr. Dre,Obie Trice
Dr. Dre,Eminem
JAY‐Z,Malice
JAY‐Z,Obie Trice
JAY‐Z,Eminem
Malice,Obie Trice
Malice,Eminem
Obie Trice,Eminem
Eminem,Royce da 5′9″
Eminem,Royce da 5′9″
Eminem,Sticky Fingaz
Eminem,Dr. Dre
Eminem,Xzibit
Dr. Dre,Xzibit
Eminem,Method Man
Eminem,Royce da 5′9″
Method Man,Royce da 5′9″
Eminem,Trick‐Trick
Eminem,Dr. Dre
Eminem,Xzibit
Dr. Dre,Xzibit
Eminem,Trick‐Trick
Eminem,Styles P
Eminem,Jadakiss
Eminem,Sheek Louch
Styles P,Jadakiss
Styles P,Sheek Louch
Jadakiss,Sheek Louch
Eminem,Dr. Dre
Eminem,Xzibit
Dr. Dre,Xzibit
Eminem,Trick‐Trick
Eminem,50 Cent
Eminem,Nas
Eminem,Linkin Park
Eminem,The Beatles
Eminem,Lloyd Banks
Eminem,2Pac
Cern,Harry Diamond
Cern,Eminem
Harry Diamond,Eminem
Eminem,P!nk
Eminem,The Beatles
Eminem,P!nk
Eminem,Proof
Eminem,Lloyd Banks
Eminem,DJ Whiteowl
Lloyd Banks,DJ Whiteowl
Eminem,Trick‐Trick
Eminem,2Pac
Eminem,U2
Eminem,Lloyd Banks
Eminem,X Ambassadors
Eminem,DJ Capcom
Eminem,DJ Haze
DJ Capcom,DJ Haze
Snoop Dogg,Eve
Snoop Dogg,Eminem
Snoop Dogg,DMX
Snoop Dogg,Jadakiss
Eve,Eminem
Eve,DMX
Eve,Jadakiss
Eminem,DMX
Eminem,Jadakiss
DMX,Jadakiss
Eminem,JAY‐Z
Eminem,Timmy Trumpet
Eminem,Dimitri Vegas & Like Mike
Timmy Trumpet,Dimitri Vegas & Like Mike
Eminem,Lloyd Banks
Eminem,Dr. Fresch
Eminem,DJ Capcom
Eminem,DJ Haze
DJ Capcom,DJ Haze
Eminem,2Pac
Eminem,DJ Capcom
Eminem,DJ Haze
DJ Capcom,DJ Haze
Eminem,Lloyd Banks
Eminem,Ca$his
Eminem,50 Cent
Lloyd Banks,Ca$his
Lloyd Banks,50 Cent
Ca$his,50 Cent
Eminem,David Begun
Eminem,Pete Rock
David Begun,Pete Rock
Eminem,Dr. Dre
Cern,Harry Diamond
Cern,Eminem
Harry Diamond,Eminem
Eminem,Vortek's
Eminem,DJ Jazzy Jeff
Eminem,The Beatles
Eminem,Trick‐Trick
Eminem,Trick‐Trick
Eminem,X Ambassadors
Eminem,2Pac
Eminem,Bizarre
Eminem,Lloyd Banks
Eminem,Lloyd Banks
Eminem,50 Cent
Lloyd Banks,50 Cent
Eminem,D12
Eminem,Ca$his
Eminem,Lloyd Banks
Eminem,50 Cent
Ca$his,Lloyd Banks
Ca$his,50 Cent
Lloyd Banks,50 Cent
Eminem,DJ Heretic
Eminem,50 Cent
DJ Heretic,50 Cent
Eminem,Ca$his
Eminem,Lloyd Banks
Eminem,50 Cent
Ca$his,Lloyd Banks
Ca$his,50 Cent
Lloyd Banks,50 Cent
Black Thought,Mr. Porter
Black Thought,Royce da 5′9″
Black Thought,Q‐Tip
Black Thought,Eminem
Mr. Porter,Royce da 5′9″
Mr. Porter,Q‐Tip
Mr. Porter,Eminem
Royce da 5′9″,Q‐Tip
Royce da 5′9″,Eminem
Q‐Tip,Eminem
Eminem,50 Cent
Eminem,2Pac
Eminem,Royce da 5′9″
Eminem,Royce da 5′9″
Eminem,White Gold
Royce da 5′9″,White Gold
Eminem,Royce da 5′9″
Eminem,Lloyd Banks
Eminem,Ca$his
Eminem,50 Cent
Lloyd Banks,Ca$his
Lloyd Banks,50 Cent
Ca$his,50 Cent
Eminem,Dr. Dre
Eminem,White Gold
Eminem,Lloyd Banks
Eminem,50 Cent
Lloyd Banks,50 Cent
Eminem,Lloyd Banks
Eminem,Ca$his
Eminem,50 Cent
Lloyd Banks,Ca$his
Lloyd Banks,50 Cent
Ca$his,50 Cent
MC Yaguar228,Eminem
Eminem,Obie Trice
Eminem,Royce da 5′9″
Eminem,Royce da 5′9″
Eminem,White Gold
Royce da 5′9″,White Gold
Eminem,P!nk
Eminem,Royce da 5′9″
Eminem,Ca$his
Eminem,Lloyd Banks
Eminem,50 Cent
Ca$his,Lloyd Banks
Ca$his,50 Cent
Lloyd Banks,50 Cent
Eminem,White Gold
Eminem,D12
Eminem,Funkmaster Flex
D12,Funkmaster Flex
Eminem,Royce da 5′9″
Eminem,DJ Premier
Royce da 5′9″,DJ Premier
Eminem,Ca$his
Eminem,Lloyd Banks
Eminem,50 Cent
Ca$his,Lloyd Banks
Ca$his,50 Cent
Lloyd Banks,50 Cent
Black Thought,Mr. Porter
Black Thought,Royce da 5′9″
Black Thought,Q‐Tip
Black Thought,Eminem
Mr. Porter,Royce da 5′9″
Mr. Porter,Q‐Tip
Mr. Porter,Eminem
Royce da 5′9″,Q‐Tip
Royce da 5′9″,Eminem
Q‐Tip,Eminem
Eminem,DJ Jazzy Jeff
Eminem,Alanis Morissette
Eminem,D12
Eminem,Dree
Eminem,Hot Karl
Dree,Hot Karl
Eminem,Ca$his
Eminem,Lloyd Banks
Eminem,50 Cent
Ca$his,Lloyd Banks
Ca$his,50 Cent
Lloyd Banks,50 Cent
Eminem,D12
Eminem,Royce da 5′9″
Eminem,DJ Jazzy Jeff
Eminem,Royce da 5′9″
Wyman,Calvin Harris
Wyman,Dimitri Vangelis
Wyman,Tom Odell
Calvin Harris,Dimitri Vangelis
Calvin Harris,Tom Odell
Dimitri Vangelis,Tom Odell
Calvin Harris,John Newman
Ne‐Yo,Nicky Romero
Ne‐Yo,Example
Ne‐Yo,Calvin Harris
Nicky Romero,Example
Nicky Romero,Calvin Harris
Example,Calvin Harris
Calvin Harris,John Newman
Calvin Harris,John Newman
Calvin Harris,W&W
Clementine Douglas,Max Styler
Clementine Douglas,Calvin Harris
Max Styler,Calvin Harris
Clementine Douglas,Calvin Harris
Eliza Rose,Calvin Harris
Clementine Douglas,Calvin Harris
Clementine Douglas,Calvin Harris
Eliza Rose,Calvin Harris
Calvin Harris,John Newman
Clementine Douglas,Calvin Harris
Calvin Harris,John Newman
Clementine Douglas,CamrinWatsin
Clementine Douglas,Calvin Harris
CamrinWatsin,Calvin Harris
Clementine Douglas,Calvin Harris
Clementine Douglas,Calvin Harris
Eliza Rose,Calvin Harris
Alesso,MEDUZA
Alesso,Calvin Harris
Alesso,James Carter
MEDUZA,Calvin Harris
MEDUZA,James Carter
Calvin Harris,James Carter
Normani,Calvin Harris
Normani,SZA
Calvin Harris,SZA
Clementine Douglas,Calvin Harris
Calvin Harris,John Newman
Clementine Douglas,Calvin Harris
Clementine Douglas,Calvin Harris
Clementine Douglas,Calvin Harris
Clementine Douglas,Calvin Harris
Calvin Harris,Pete Tong
Calvin Harris,John Newman
Calvin Harris,John Newman
Calvin Harris,John Newman
Calvin Harris,John Newman
Calvin Harris,John Newman
Major Lazer,Vybz Kartel
Major Lazer,Calvin Harris
Major Lazer,Afrojack
Vybz Kartel,Calvin Harris
Vybz Kartel,Afrojack
Calvin Harris,Afrojack
Eliza Rose,Calvin Harris
Eliza Rose,Calvin Harris
Calvin Harris,John Newman
Clementine Douglas,Calvin Harris
Calvin Harris,John Newman
Calvin Harris,John Newman
Clementine Douglas,Calvin Harris
Calvin Harris,John Newman
Calvin Harris,Voicians
Calvin Harris,EDDIE
Voicians,EDDIE
Clementine Douglas,Calvin Harris
Calvin Harris,John Newman
Clementine Douglas,Calvin Harris
Eliza Rose,Calvin Harris
Clementine Douglas,Calvin Harris
Calvin Harris,John Newman
Clementine Douglas,Calvin Harris
Calvin Harris,John Newman
Clementine Douglas,Malugi
Clementine Douglas,Calvin Harris
Malugi,Calvin Harris
Calvin Harris,John Newman
Calvin Harris,John Newman
Calvin Harris,John Newman
Clementine Douglas,Calvin Harris
Clementine Douglas,Airwolf Paradise
Calvin Harris,Airwolf Paradise
Kelis,Calvin Harris
ScHoolboy Q,PARTYNEXTDOOR
ScHoolboy Q,Calvin Harris
ScHoolboy Q,DRAM
PARTYNEXTDOOR,Calvin Harris
PARTYNEXTDOOR,DRAM
Calvin Harris,DRAM
Kelis,Calvin Harris
Kelis,Calvin Harris
R3HAB,Calvin Harris
Kelis,Calvin Harris
Eliza Rose,Calvin Harris
Kelis,Calvin Harris
Kelis,Calvin Harris
Tom Grennan,Calvin Harris
Kelis,Calvin Harris
Eliza Rose,Calvin Harris
Tom Grennan,Calvin Harris
Kelis,Calvin Harris
Eliza Rose,Calvin Harris
Kelis,Calvin Harris
Tom Grennan,Calvin Harris
Tom Grennan,Calvin Harris
Calvin Harris,Tiësto
Kelis,Calvin Harris
Kelis,Calvin Harris
Kelis,Calvin Harris
Kelis,Calvin Harris
Kelis,Calvin Harris
Tom Grennan,Calvin Harris
Calvin Harris,Tiësto
Calvin Harris,Tiësto
Kelis,Calvin Harris
Calvin Harris,Tiësto
Tom Grennan,Calvin Harris
Tom Grennan,Calvin Harris
R3HAB,Calvin Harris
Kelis,Calvin Harris
Kelis,Calvin Harris
Kelis,Calvin Harris
Kelis,Calvin Harris
Kelis,Calvin Harris
Kelis,Calvin Harris
Tom Grennan,Calvin Harris
Kelis,Calvin Harris
Kelis,Calvin Harris
Tom Grennan,Calvin Harris
Kelis,Calvin Harris
Kelis,Calvin Harris
Kelis,Calvin Harris
Normani,Calvin Harris
Normani,Wizkid
Calvin Harris,Wizkid
Kelis,Calvin Harris
Calvin Harris,Laws
Kelis,Calvin Harris
Kelis,Calvin Harris
Tom Grennan,Calvin Harris
Kelis,Calvin Harris
Calvin Harris,Tiësto
Kelis,Calvin Harris
Kelis,Calvin Harris
Normani,Calvin Harris
Normani,Wizkid
Calvin Harris,Wizkid
Kelis,Calvin Harris
Tom Grennan,Calvin Harris
Tom Grennan,Calvin Harris
Kelis,Calvin Harris
Calvin Harris,Tiësto
Kelis,Calvin Harris
Kelis,Calvin Harris
Kelis,Calvin Harris
Kelis,Calvin Harris
Tom Grennan,Calvin Harris
Kelis,Calvin Harris
Kelis,Calvin Harris
Calvin Harris,Tiësto
Kelis,Calvin Harris
Calvin Harris,Tiësto
Calvin Harris,Tiësto
Kelis,Calvin Harris
Kelis,Calvin Harris
Calvin Harris,Tiësto
Kelis,Calvin Harris
Tom Grennan,Calvin Harris
Kelis,Calvin Harris
Kelis,Calvin Harris
Chrome,Dizzee Rascal
Chrome,Calvin Harris
Dizzee Rascal,Calvin Harris
Sam Smith,Calvin Harris
Chrome,Dizzee Rascal
Chrome,Calvin Harris
Dizzee Rascal,Calvin Harris
Dizzee Rascal,Calvin Harris
Chrome,Dizzee Rascal
Chrome,Calvin Harris
Dizzee Rascal,Calvin Harris
Sam Smith,Calvin Harris
Sam Smith,Calvin Harris
Sam Smith,Calvin Harris
Chrome,Dizzee Rascal
Chrome,Calvin Harris
Dizzee Rascal,Calvin Harris
Chrome,Dizzee Rascal
Chrome,Calvin Harris
Dizzee Rascal,Calvin Harris
Dizzee Rascal,Calvin Harris
Sam Smith,Calvin Harris
Chrome,Dizzee Rascal
Chrome,Calvin Harris
Dizzee Rascal,Calvin Harris
Chrome,Dizzee Rascal
Chrome,Calvin Harris
Dizzee Rascal,Calvin Harris
Chrome,Dizzee Rascal
Chrome,Calvin Harris
Dizzee Rascal,Calvin Harris
Chrome,Dizzee Rascal
Chrome,Calvin Harris
Dizzee Rascal,Calvin Harris
Chrome,Dizzee Rascal
Chrome,Calvin Harris
Dizzee Rascal,Calvin Harris
Chrome,Dizzee Rascal
Chrome,Calvin Harris
Dizzee Rascal,Calvin Harris
Chrome,Dizzee Rascal
Chrome,Calvin Harris
Dizzee Rascal,Calvin Harris
Chrome,Dizzee Rascal
Chrome,Calvin Harris
Dizzee Rascal,Calvin Harris
Chrome,Dizzee Rascal
Chrome,Calvin Harris
Dizzee Rascal,Calvin Harris
Calvin Harris,Laws
Sam Smith,Calvin Harris
Sam Smith,Calvin Harris
Chrome,Dizzee Rascal
Chrome,Calvin Harris
Dizzee Rascal,Calvin Harris
Dizzee Rascal,Calvin Harris
Dizzee Rascal,Calvin Harris
Sam Smith,Calvin Harris
Chrome,Dizzee Rascal
Chrome,Calvin Harris
Dizzee Rascal,Calvin Harris
Chrome,Dizzee Rascal
Chrome,Calvin Harris
Dizzee Rascal,Calvin Harris
Chrome,Dizzee Rascal
Chrome,Calvin Harris
Dizzee Rascal,Calvin Harris
Chrome,Dizzee Rascal
Chrome,Calvin Harris
Dizzee Rascal,Calvin Harris
Sam Smith,Calvin Harris
Sam Smith,Calvin Harris
Chrome,Dizzee Rascal
Chrome,Calvin Harris
Dizzee Rascal,Calvin Harris
Chrome,Dizzee Rascal
Chrome,Calvin Harris
Dizzee Rascal,Calvin Harris
Dizzee Rascal,Calvin Harris
Chrome,Dizzee Rascal
Chrome,Calvin Harris
Dizzee Rascal,Calvin Harris
Sam Smith,Calvin Harris
Chrome,Dizzee Rascal
Chrome,Calvin Harris
Dizzee Rascal,Calvin Harris
Sam Smith,Calvin Harris
Chrome,Dizzee Rascal
Chrome,Calvin Harris
Dizzee Rascal,Calvin Harris
Chrome,Dizzee Rascal
Chrome,Calvin Harris
Dizzee Rascal,Calvin Harris
Chrome,Dizzee Rascal
Chrome,Calvin Harris
Dizzee Rascal,Calvin Harris
Sam Smith,Calvin Harris
Chrome,Dizzee Rascal
Chrome,Calvin Harris
Dizzee Rascal,Calvin Harris
Chrome,Dizzee Rascal
Chrome,Calvin Harris
Dizzee Rascal,Calvin Harris
Natalia Kills,Foreign Beggars
Natalia Kills,Vato Gonzalez
Natalia Kills,Example
Natalia Kills,Kelis
Natalia Kills,LMFAO
Natalia Kills,Calvin Harris
Foreign Beggars,Vato Gonzalez
Foreign Beggars,Example
Foreign Beggars,Kelis
Foreign Beggars,LMFAO
Foreign Beggars,Calvin Harris
Vato Gonzalez,Example
Vato Gonzalez,Kelis
Vato Gonzalez,LMFAO
Vato Gonzalez,Calvin Harris
Example,Kelis
Example,LMFAO
Example,Calvin Harris
Kelis,LMFAO
Kelis,Calvin Harris
LMFAO,Calvin Harris
Chrome,Dizzee Rascal
Chrome,Calvin Harris
Dizzee Rascal,Calvin Harris
Sam Smith,Calvin Harris
Chrome,Dizzee Rascal
Chrome,Calvin Harris
Dizzee Rascal,Calvin Harris
Chrome,Dizzee Rascal
Chrome,Calvin Harris
Dizzee Rascal,Calvin Harris
Chrome,Dizzee Rascal
Chrome,Calvin Harris
Dizzee Rascal,Calvin Harris
Chromeo,Dizzee Rascal
Chromeo,Calvin Harris
Dizzee Rascal,Calvin Harris
Sam Smith,Calvin Harris
Chrome,Dizzee Rascal
Chrome,Calvin Harris
Dizzee Rascal,Calvin Harris
Chrome,Dizzee Rascal
Chrome,Calvin Harris
Dizzee Rascal,Calvin Harris
Chrome,Dizzee Rascal
Chrome,Calvin Harris
Dizzee Rascal,Calvin Harris
Sam Smith,Calvin Harris
Chrome,Dizzee Rascal
Chrome,Calvin Harris
Dizzee Rascal,Calvin Harris
Sam Smith,Calvin Harris
Sam Smith,Calvin Harris
Sam Smith,Calvin Harris
Sam Smith,Calvin Harris
Chrome,Dizzee Rascal
Chrome,Calvin Harris
Dizzee Rascal,Calvin Harris
Sam Smith,Calvin Harris
Chromeo,Dizzee Rascal
Chromeo,Calvin Harris
Dizzee Rascal,Calvin Harris
Chrome,Dizzee Rascal
Chrome,Calvin Harris
Dizzee Rascal,Calvin Harris
Chrome,Dizzee Rascal
Chrome,Calvin Harris
Dizzee Rascal,Calvin Harris
Chrome,Dizzee Rascal
Chrome,Calvin Harris
Dizzee Rascal,Calvin Harris
Pharrell Williams,Calvin Harris
Pharrell Williams,Pusha T
Calvin Harris,Pusha T
Chrome,Dizzee Rascal
Chrome,Calvin Harris
Dizzee Rascal,Calvin Harris
Sam Smith,Calvin Harris
Chrome,Dizzee Rascal
Chrome,Calvin Harris
Dizzee Rascal,Calvin Harris
Chromeo,Dizzee Rascal
Chromeo,Calvin Harris
Dizzee Rascal,Calvin Harris
Chrome,Dizzee Rascal
Chrome,Calvin Harris
Dizzee Rascal,Calvin Harris
Calvin Harris,Chris Moyles
Calvin Harris,Camilla Ice
Chris Moyles,Camilla Ice
Chrome,Dizzee Rascal
Chrome,Calvin Harris
Dizzee Rascal,Calvin Harris
Pharrell Williams,Calvin Harris
Pharrell Williams,Pusha T
Calvin Harris,Pusha T
Chrome,Dizzee Rascal
Chrome,Calvin Harris
Dizzee Rascal,Calvin Harris
HEADER,Calvin Harris
HEADER,Dua Lipa
Calvin Harris,Dua Lipa
Chrome,Dizzee Rascal
Chrome,Calvin Harris
Dizzee Rascal,Calvin Harris
Chrome,Dizzee Rascal
Chrome,Calvin Harris
Dizzee Rascal,Calvin Harris
Lil Yachty,Kehlani
Lil Yachty,Calvin Harris
Kehlani,Calvin Harris
Sam Smith,Calvin Harris
Bowdidge & Taylor,Jase Thirlwall
Bowdidge & Taylor,Calvin Harris
Bowdidge & Taylor,Fatboy Slim
Bowdidge & Taylor,Riva Starr
Bowdidge & Taylor,Sam Jones
Bowdidge & Taylor,Will Rees
Bowdidge & Taylor,Indecent Noise
Jase Thirlwall,Calvin Harris
Jase Thirlwall,Fatboy Slim
Jase Thirlwall,Riva Starr
Jase Thirlwall,Sam Jones
Jase Thirlwall,Will Rees
Jase Thirlwall,Indecent Noise
Calvin Harris,Fatboy Slim
Calvin Harris,Riva Starr
Calvin Harris,Sam Jones
Calvin Harris,Will Rees
Calvin Harris,Indecent Noise
Fatboy Slim,Riva Starr
Fatboy Slim,Sam Jones
Fatboy Slim,Will Rees
Fatboy Slim,Indecent Noise
Riva Starr,Sam Jones
Riva Starr,Will Rees
Riva Starr,Indecent Noise
Sam Jones,Will Rees
Sam Jones,Indecent Noise
Will Rees,Indecent Noise
Sam Smith,Calvin Harris
Calvin Harris,Tinie Tempah
Sam Smith,Calvin Harris
DJ Khaled,Travis Scott
DJ Khaled,Jeremih
DJ Khaled,Calvin Harris
Travis Scott,Jeremih
Travis Scott,Calvin Harris
Jeremih,Calvin Harris
Tinashe,Calvin Harris
Sam Smith,Calvin Harris
Calvin Harris,Tinie Tempah
Sam Smith,Calvin Harris
Calvin Harris,Tinie Tempah
Sam Smith,Calvin Harris
Calvin Harris,Tinie Tempah
Calvin Harris,Tinie Tempah
Lil Yachty,Kehlani
Lil Yachty,Calvin Harris
Kehlani,Calvin Harris
Hurts,Calvin Harris
Calvin Harris,Tinie Tempah
Lil Yachty,Kehlani
Lil Yachty,Calvin Harris
Kehlani,Calvin Harris
Calvin Harris,Tinie Tempah
Seamus Haji,Oliver Cheatham
Seamus Haji,Mani Hoffman
Seamus Haji,Phats & Small
Seamus Haji,Michael Marshall
Seamus Haji,Tom Novy
Seamus Haji,Booty Luv
Seamus Haji,The Supermen Lovers
Seamus Haji,Room 5
Seamus Haji,Stardust
Seamus Haji,Calvin Harris
Oliver Cheatham,Mani Hoffman
Oliver Cheatham,Phats & Small
Oliver Cheatham,Michael Marshall
Oliver Cheatham,Tom Novy
Oliver Cheatham,Booty Luv
Oliver Cheatham,The Supermen Lovers
Oliver Cheatham,Room 5
Oliver Cheatham,Stardust
Oliver Cheatham,Calvin Harris
Mani Hoffman,Phats & Small
Mani Hoffman,Michael Marshall
Mani Hoffman,Tom Novy
Mani Hoffman,Booty Luv
Mani Hoffman,The Supermen Lovers
Mani Hoffman,Room 5
Mani Hoffman,Stardust
Mani Hoffman,Calvin Harris
Phats & Small,Michael Marshall
Phats & Small,Tom Novy
Phats & Small,Booty Luv
Phats & Small,The Supermen Lovers
Phats & Small,Room 5
Phats & Small,Stardust
Phats & Small,Calvin Harris
Michael Marshall,Tom Novy
Michael Marshall,Booty Luv
Michael Marshall,The Supermen Lovers
Michael Marshall,Room 5
Michael Marshall,Stardust
Michael Marshall,Calvin Harris
Tom Novy,Booty Luv
Tom Novy,The Supermen Lovers
Tom Novy,Room 5
Tom Novy,Stardust
Tom Novy,Calvin Harris
Booty Luv,The Supermen Lovers
Booty Luv,Room 5
Booty Luv,Stardust
Booty Luv,Calvin Harris
The Supermen Lovers,Room 5
The Supermen Lovers,Stardust
The Supermen Lovers,Calvin Harris
Room 5,Stardust
Room 5,Calvin Harris
Stardust,Calvin Harris
David Guetta,Syed Fardeen
David Guetta,Calvin Harris
Syed Fardeen,Calvin Harris
Calvin Harris,Tinie Tempah
Lil Yachty,Kehlani
Lil Yachty,Calvin Harris
Kehlani,Calvin Harris
DJ Khaled,Travis Scott
DJ Khaled,Jeremih
DJ Khaled,Calvin Harris
Travis Scott,Jeremih
Travis Scott,Calvin Harris
Jeremih,Calvin Harris
Lil Yachty,Kehlani
Lil Yachty,Calvin Harris
Kehlani,Calvin Harris
Sam Smith,Calvin Harris
Lykke Li,Calvin Harris
Calvin Harris,Tinie Tempah
Ellie Goulding,Calvin Harris
Ellie Goulding,Calvin Harris
Rag’n’Bone Man,Calvin Harris
Rag’n’Bone Man,Calvin Harris
Ellie Goulding,Calvin Harris
Ellie Goulding,Calvin Harris
Rag’n’Bone Man,Calvin Harris
Big Sean,Katy Perry
Big Sean,Pharrell Williams
Big Sean,Calvin Harris
Katy Perry,Pharrell Williams
Katy Perry,Calvin Harris
Pharrell Williams,Calvin Harris
Big Sean,Katy Perry
Big Sean,Pharrell Williams
Big Sean,Calvin Harris
Katy Perry,Pharrell Williams
Katy Perry,Calvin Harris
Pharrell Williams,Calvin Harris
Ellie Goulding,Calvin Harris
Rag’n’Bone Man,Calvin Harris
Rag’n’Bone Man,Calvin Harris
"Cerf, Mitiska & Jaren",Calvin Harris
Rag’n’Bone Man,Calvin Harris
Ellie Goulding,Calvin Harris
Rag’n’Bone Man,Calvin Harris
Big Sean,Katy Perry
Big Sean,Pharrell Williams
Big Sean,Calvin Harris
Katy Perry,Pharrell Williams
Katy Perry,Calvin Harris
Pharrell Williams,Calvin Harris
Rag’n’Bone Man,Calvin Harris
Ellie Goulding,Calvin Harris
Ellie Goulding,Calvin Harris
Ellie Goulding,Calvin Harris
Rag’n’Bone Man,Calvin Harris
Ellie Goulding,Calvin Harris
Rag’n’Bone Man,Calvin Harris
Deniz Koyu,Calvin Harris
Deniz Koyu,Marco V
Calvin Harris,Marco V
Rag’n’Bone Man,Calvin Harris
Ellie Goulding,Calvin Harris
Rag’n’Bone Man,Calvin Harris
Big Sean,Katy Perry
Big Sean,Pharrell Williams
Big Sean,Calvin Harris
Katy Perry,Pharrell Williams
Katy Perry,Calvin Harris
Pharrell Williams,Calvin Harris
Rag’n’Bone Man,Calvin Harris
Big Sean,Katy Perry
Big Sean,Pharrell Williams
Big Sean,Calvin Harris
Katy Perry,Pharrell Williams
Katy Perry,Calvin Harris
Pharrell Williams,Calvin Harris
Rag’n’Bone Man,Calvin Harris
Stush,Red Rat
Stush,Calvin Harris
Stush,Groove Armada
Red Rat,Calvin Harris
Red Rat,Groove Armada
Calvin Harris,Groove Armada
Big Sean,Katy Perry
Big Sean,Pharrell Williams
Big Sean,Calvin Harris
Katy Perry,Pharrell Williams
Katy Perry,Calvin Harris
Pharrell Williams,Calvin Harris
Rag’n’Bone Man,Calvin Harris
Rag’n’Bone Man,Calvin Harris
Ed Sheeran,Alan Walker
Ed Sheeran,Calvin Harris
Alan Walker,Calvin Harris
Ellie Goulding,Calvin Harris
Rag’n’Bone Man,Calvin Harris
Ellie Goulding,Calvin Harris
Big Sean,Katy Perry
Big Sean,Pharrell Williams
Big Sean,Calvin Harris
Katy Perry,Pharrell Williams
Katy Perry,Calvin Harris
Pharrell Williams,Calvin Harris
Ellie Goulding,Calvin Harris
Big Sean,Katy Perry
Big Sean,Pharrell Williams
Big Sean,Calvin Harris
Katy Perry,Pharrell Williams
Katy Perry,Calvin Harris
Pharrell Williams,Calvin Harris
Ellie Goulding,Calvin Harris
Rag’n’Bone Man,Calvin Harris
Ellie Goulding,Calvin Harris
Ellie Goulding,Calvin Harris
Rag’n’Bone Man,Calvin Harris
Ellie Goulding,Calvin Harris
2000 and One,Calvin Harris
Rag’n’Bone Man,Calvin Harris
Rag’n’Bone Man,Calvin Harris
Disciples,Calvin Harris
Dizzee Rascal,Calvin Harris
Dizzee Rascal,Calvin Harris
Ellie Goulding,Calvin Harris
Disciples,Calvin Harris
Rag’n’Bone Man,Calvin Harris
Ellie Goulding,Calvin Harris
Disciples,Calvin Harris
Rag’n’Bone Man,Calvin Harris
The Disciples,Calvin Harris
Disciples,Calvin Harris
Disciples,Calvin Harris
Disciples,Miguel Campbell
Disciples,Calvin Harris
Miguel Campbell,Calvin Harris
Disciples,Calvin Harris
Young Thug,Pharrell Williams
Young Thug,Ariana Grande
Young Thug,Calvin Harris
Pharrell Williams,Ariana Grande
Pharrell Williams,Calvin Harris
Ariana Grande,Calvin Harris
Calvin Harris,Craig David
Dizzee Rascal,Calvin Harris
Ellie Goulding,Calvin Harris
Disciples,Calvin Harris
Ellie Goulding,Calvin Harris
Disciples,Calvin Harris
Ellie Goulding,Calvin Harris
Disciples,Calvin Harris
Ellie Goulding,Calvin Harris
Ellie Goulding,Calvin Harris
Ellie Goulding,Calvin Harris
Disciples,Calvin Harris
Ellie Goulding,Calvin Harris
Ellie Goulding,Calvin Harris
Disciples,Calvin Harris
Disciples,Calvin Harris
Ellie Goulding,Calvin Harris
Disciples,Calvin Harris
Disciples,Calvin Harris
benny blanco,Calvin Harris
Ellie Goulding,Calvin Harris
Disciples,Calvin Harris
Ellie Goulding,Calvin Harris
Ellie Goulding,Calvin Harris
Rag’n’Bone Man,Calvin Harris
Ellie Goulding,Calvin Harris
Ellie Goulding,Calvin Harris
Dizzee Rascal,Calvin Harris
Disciples,Calvin Harris
Ellie Goulding,Calvin Harris
Takeoff,John Legend
Takeoff,Snoop Dogg
Takeoff,Calvin Harris
John Legend,Snoop Dogg
John Legend,Calvin Harris
Snoop Dogg,Calvin Harris
Rag’n’Bone Man,Calvin Harris
Dizzee Rascal,Calvin Harris
DJ Milton,Disciples
DJ Milton,Calvin Harris
DJ Milton,DJ Mich
Disciples,Calvin Harris
Disciples,DJ Mich
Calvin Harris,DJ Mich
Disciples,Calvin Harris
Rag’n’Bone Man,Calvin Harris
Disciples,Calvin Harris
Disciples,Calvin Harris
Rag’n’Bone Man,Calvin Harris
Ellie Goulding,Calvin Harris
Ellie Goulding,Calvin Harris
3LAU,Calvin Harris
3LAU,Taylor Swift
Calvin Harris,Taylor Swift
Ellie Goulding,Calvin Harris
Disciples,Calvin Harris
KSHMR,R3HAB
KSHMR,Jewelz & Sparks
KSHMR,Quintino
KSHMR,Hardwell
KSHMR,Tiësto
KSHMR,Calvin Harris
R3HAB,Jewelz & Sparks
R3HAB,Quintino
R3HAB,Hardwell
R3HAB,Tiësto
R3HAB,Calvin Harris
Jewelz & Sparks,Quintino
Jewelz & Sparks,Hardwell
Jewelz & Sparks,Tiësto
Jewelz & Sparks,Calvin Harris
Quintino,Hardwell
Quintino,Tiësto
Quintino,Calvin Harris
Hardwell,Tiësto
Hardwell,Calvin Harris
Tiësto,Calvin Harris
Disciples,Calvin Harris
Jessie Reyez,Calvin Harris
Ellie Goulding,Calvin Harris
Rag’n’Bone Man,Calvin Harris
Rag’n’Bone Man,Calvin Harris
Disciples,Calvin Harris
Calvin Harris,Dan Gerous
Ellie Goulding,Calvin Harris
Disciples,Calvin Harris
Ellie Goulding,Calvin Harris
Ellie Goulding,Calvin Harris
Dizzee Rascal,Calvin Harris
Dizzee Rascal,Dillon Francis
Calvin Harris,Dillon Francis
Rag’n’Bone Man,Calvin Harris
Ellie Goulding,Calvin Harris
Ellie Goulding,Calvin Harris
Ellie Goulding,Calvin Harris
Disciples,Calvin Harris
Ellie Goulding,Calvin Harris
benny blanco,Miguel
benny blanco,Calvin Harris
Miguel,Calvin Harris
Disciples,Calvin Harris
Disciples,Calvin Harris
Disciples,Calvin Harris
Ellie Goulding,Calvin Harris
Rag’n’Bone Man,Calvin Harris
Ellie Goulding,Calvin Harris
Dizzee Rascal,Calvin Harris
Dizzee Rascal,Calvin Harris
Dizzee Rascal,Calvin Harris
Disciples,Calvin Harris
Ellie Goulding,Calvin Harris
Ellie Goulding,Calvin Harris
Ellie Goulding,Calvin Harris
Ellie Goulding,Greyskull
Ellie Goulding,Calvin Harris
Greyskull,Calvin Harris
Ellie Goulding,Calvin Harris
Soulsearcher,Calvin Harris
Oliver Heldens,Centre Court
Oliver Heldens,Calvin Harris
Centre Court,Calvin Harris
Ellie Goulding,Calvin Harris
Ellie Goulding,Calvin Harris
Soulsearcher,Calvin Harris
Ellie Goulding,BL3SS
Ellie Goulding,CamrinWatsin
Ellie Goulding,bbyclose
Ellie Goulding,Calvin Harris
BL3SS,CamrinWatsin
BL3SS,bbyclose
BL3SS,Calvin Harris
CamrinWatsin,bbyclose
CamrinWatsin,Calvin Harris
bbyclose,Calvin Harris
Ne‐Yo,Calvin Harris
Jessie Reyez,Sam Smith
Jessie Reyez,Calvin Harris
Sam Smith,Calvin Harris
Ne‐Yo,Calvin Harris
Calvin Harris,Swae Lee
Ne‐Yo,Calvin Harris
Calvin Harris,Ice Spice
Calvin Harris,PinkPantheress
Ice Spice,PinkPantheress
Ne‐Yo,Calvin Harris
Calvin Harris,Quebonafide
Calvin Harris,K-Leah
Quebonafide,K-Leah
Nicky Romero,Calvin Harris
Rag’n’Bone Man,Calvin Harris
Ne‐Yo,Calvin Harris
Jessie Reyez,Sam Smith
Jessie Reyez,Calvin Harris
Sam Smith,Calvin Harris
Ellie Goulding,Calvin Harris
Ellie Goulding,Calvin Harris
Rag’n’Bone Man,Calvin Harris
Ellie Goulding,Calvin Harris
Ellie Goulding,Calvin Harris
Calvin Harris,All About She
New Order,Calvin Harris
Rag’n’Bone Man,Calvin Harris
Nicky Romero,Calvin Harris
Nicky Romero,Calvin Harris
Rag’n’Bone Man,Calvin Harris
Rag’n’Bone Man,Calvin Harris
Rag’n’Bone Man,Calvin Harris
Nicky Romero,Calvin Harris
Ellie Goulding,Calvin Harris
Calvin Harris,Swae Lee
Rag’n’Bone Man,Calvin Harris
Rag’n’Bone Man,Calvin Harris
Rag’n’Bone Man,Calvin Harris
Calvin Harris,Ayah Marar
Ne‐Yo,Calvin Harris
Ne‐Yo,Calvin Harris
Ne‐Yo,Calvin Harris
Rag’n’Bone Man,Calvin Harris
Ne‐Yo,Calvin Harris
Firebeatz,Calvin Harris
Rag’n’Bone Man,Calvin Harris
Rag’n’Bone Man,Calvin Harris
Ne‐Yo,Calvin Harris
Ellie Goulding,Calvin Harris
Ellie Goulding,Calvin Harris
Ellie Goulding,Calvin Harris
Ne‐Yo,Calvin Harris
Nicky Romero,Calvin Harris
Ne‐Yo,Calvin Harris
Latto,Snoop Dogg
Latto,Calvin Harris
Snoop Dogg,Calvin Harris
Rag’n’Bone Man,Calvin Harris
Ne‐Yo,Alesso
Ne‐Yo,Hard Rock Sofa
Ne‐Yo,Sandro Silva
Ne‐Yo,Quintino
Ne‐Yo,Swanky Tunes
Ne‐Yo,Calvin Harris
Alesso,Hard Rock Sofa
Alesso,Sandro Silva
Alesso,Quintino
Alesso,Swanky Tunes
Alesso,Calvin Harris
Hard Rock Sofa,Sandro Silva
Hard Rock Sofa,Quintino
Hard Rock Sofa,Swanky Tunes
Hard Rock Sofa,Calvin Harris
Sandro Silva,Quintino
Sandro Silva,Swanky Tunes
Sandro Silva,Calvin Harris
Quintino,Swanky Tunes
Quintino,Calvin Harris
Swanky Tunes,Calvin Harris
Ne‐Yo,Calvin Harris
Ellie Goulding,Calvin Harris
Latto,Snoop Dogg
Latto,Calvin Harris
Snoop Dogg,Calvin Harris
Ne‐Yo,Calvin Harris
Ellie Goulding,Calvin Harris
River,Ellie Goulding
River,Years & Years
River,Bryn Christopher
River,Galantis
River,Sigala
River,Disciples
River,Tobtok
River,Calvin Harris
River,Unorthodox
Ellie Goulding,Years & Years
Ellie Goulding,Bryn Christopher
Ellie Goulding,Galantis
Ellie Goulding,Sigala
Ellie Goulding,Disciples
Ellie Goulding,Tobtok
Ellie Goulding,Calvin Harris
Ellie Goulding,Unorthodox
Years & Years,Bryn Christopher
Years & Years,Galantis
Years & Years,Sigala
Years & Years,Disciples
Years & Years,Tobtok
Years & Years,Calvin Harris
Years & Years,Unorthodox
Bryn Christopher,Galantis
Bryn Christopher,Sigala
Bryn Christopher,Disciples
Bryn Christopher,Tobtok
Bryn Christopher,Calvin Harris
Bryn Christopher,Unorthodox
Galantis,Sigala
Galantis,Disciples
Galantis,Tobtok
Galantis,Calvin Harris
Galantis,Unorthodox
Sigala,Disciples
Sigala,Tobtok
Sigala,Calvin Harris
Sigala,Unorthodox
Disciples,Tobtok
Disciples,Calvin Harris
Disciples,Unorthodox
Tobtok,Calvin Harris
Tobtok,Unorthodox
Calvin Harris,Unorthodox
Ne‐Yo,Calvin Harris
Calvin Harris,21 Savage
6LACK,Calvin Harris
6LACK,Donae’o
Calvin Harris,Donae’o
Ellie Goulding,Lana Del Rey
Ellie Goulding,ABBA
Ellie Goulding,Sophie Ellis‐Bextor
Ellie Goulding,Calvin Harris
Lana Del Rey,ABBA
Lana Del Rey,Sophie Ellis‐Bextor
Lana Del Rey,Calvin Harris
ABBA,Sophie Ellis‐Bextor
ABBA,Calvin Harris
Sophie Ellis‐Bextor,Calvin Harris
Shenseea,Charlie Puth
Shenseea,Calvin Harris
Charlie Puth,Calvin Harris
Ellie Goulding,Calvin Harris
BURNS,Calvin Harris
BURNS,Tinchy Stryder
Calvin Harris,Tinchy Stryder
BURNS,Calvin Harris
BURNS,Tinchy Stryder
Calvin Harris,Tinchy Stryder
Ellie Goulding,Calvin Harris
Calvin Harris,Dua Lipa
Jessie Reyez,Calvin Harris
Ellie Goulding,Calvin Harris
Ellie Goulding,Calvin Harris
Ellie Goulding,Calvin Harris
Jessie Reyez,Calvin Harris
Ellie Goulding,Calvin Harris
Ellie Goulding,Calvin Harris
Jessie Reyez,Calvin Harris
Ellie Goulding,Calvin Harris
Ellie Goulding,Calvin Harris
Ellie Goulding,Calvin Harris
Calvin Harris,Dua Lipa
Ellie Goulding,Calvin Harris
Ellie Goulding,Calvin Harris
Ellie Goulding,Calvin Harris
Calvin Harris,Dua Lipa
Calvin Harris,Dua Lipa
PARTYNEXTDOOR,Calvin Harris
Shenseea,Charlie Puth
Shenseea,Calvin Harris
Charlie Puth,Calvin Harris
Ellie Goulding,Calvin Harris
Ellie Goulding,Calvin Harris
Calvin Harris,Dua Lipa
PARTYNEXTDOOR,Calvin Harris
Calvin Harris,Dua Lipa
Normani,Calvin Harris
Normani,Offset
Normani,Tinashe
Calvin Harris,Offset
Calvin Harris,Tinashe
Offset,Tinashe
Ellie Goulding,Calvin Harris
Jessie Reyez,Calvin Harris
Ellie Goulding,Calvin Harris
Jessie Reyez,Calvin Harris
Jessie Reyez,Marlon Hoffstadt
Jessie Reyez,Calvin Harris
Marlon Hoffstadt,Calvin Harris
Jessie Reyez,Calvin Harris
Olly James,Ellie Goulding
Olly James,Calvin Harris
Ellie Goulding,Calvin Harris
Ellie Goulding,Calvin Harris
BURNS,Calvin Harris
BURNS,Tinchy Stryder
Calvin Harris,Tinchy Stryder
Ellie Goulding,Calvin Harris
PARTYNEXTDOOR,Calvin Harris
Calvin Harris,Dua Lipa
Calvin Harris,Dua Lipa
Normani,Calvin Harris
Normani,Offset
Normani,Tinashe
Calvin Harris,Offset
Calvin Harris,Tinashe
Offset,Tinashe
Ellie Goulding,Calvin Harris
Nirvana,Calvin Harris
Ellie Goulding,Calvin Harris
Calvin Harris,Dua Lipa
Ellie Goulding,Calvin Harris
Ellie Goulding,Calvin Harris
PARTYNEXTDOOR,Calvin Harris
Ellie Goulding,etto.
Ellie Goulding,Calvin Harris
etto.,Calvin Harris
Ellie Goulding,Calvin Harris
Calvin Harris,Dua Lipa
Calvin Harris,Dua Lipa
Ellie Goulding,Calvin Harris
Calvin Harris,21 Savage
Ellie Goulding,Calvin Harris
BURNS,Calvin Harris
BURNS,Tinchy Stryder
Calvin Harris,Tinchy Stryder
Ellie Goulding,Calvin Harris
Ellie Goulding,Calvin Harris
Ellie Goulding,Calvin Harris
Ellie Goulding,Calvin Harris
Jessie Reyez,Calvin Harris
Ellie Goulding,Calvin Harris
Calvin Harris,Tinchy Stryder
Swedish House Mafia,Dua Lipa
Swedish House Mafia,Tiësto
Swedish House Mafia,Sevenn
Swedish House Mafia,Calvin Harris
Dua Lipa,Tiësto
Dua Lipa,Sevenn
Dua Lipa,Calvin Harris
Tiësto,Sevenn
Tiësto,Calvin Harris
Sevenn,Calvin Harris
Ellie Goulding,Calvin Harris
Calvin Harris,John Newman
PARTYNEXTDOOR,Calvin Harris
Ellie Goulding,Calvin Harris
BURNS,Calvin Harris
BURNS,Tinchy Stryder
Calvin Harris,Tinchy Stryder
PARTYNEXTDOOR,Calvin Harris
Ellie Goulding,Calvin Harris
Ellie Goulding,Calvin Harris
PARTYNEXTDOOR,Calvin Harris
Sam Smith,Calvin Harris
Calvin Harris,HAIM
Calvin Harris,HAIM
Sam Smith,Calvin Harris
Big Sean,Calvin Harris
Calvin Harris,Dua Lipa
Sam Smith,Calvin Harris
Calvin Harris,Dua Lipa
Young Thug,Calvin Harris
Young Thug,Dua Lipa
Calvin Harris,Dua Lipa
Young Thug,Calvin Harris
Young Thug,Dua Lipa
Calvin Harris,Dua Lipa
Ellie Goulding,Calvin Harris
Sam Smith,Calvin Harris
David Guetta,Usher
David Guetta,Nicki Minaj
David Guetta,Ne‐Yo
David Guetta,Afrojack
David Guetta,Nayer
David Guetta,Maroon 5
David Guetta,Black Eyed Peas
David Guetta,Christina Aguilera
David Guetta,Flo Rida
David Guetta,Snoop Dogg
David Guetta,Example
David Guetta,Kelis
David Guetta,LMFAO
David Guetta,Pitbull
David Guetta,Calvin Harris
David Guetta,Chris Brown
Usher,Nicki Minaj
Usher,Ne‐Yo
Usher,Afrojack
Usher,Nayer
Usher,Maroon 5
Usher,Black Eyed Peas
Usher,Christina Aguilera
Usher,Flo Rida
Usher,Snoop Dogg
Usher,Example
Usher,Kelis
Usher,LMFAO
Usher,Pitbull
Usher,Calvin Harris
Usher,Chris Brown
Nicki Minaj,Ne‐Yo
Nicki Minaj,Afrojack
Nicki Minaj,Nayer
Nicki Minaj,Maroon 5
Nicki Minaj,Black Eyed Peas
Nicki Minaj,Christina Aguilera
Nicki Minaj,Flo Rida
Nicki Minaj,Snoop Dogg
Nicki Minaj,Example
Nicki Minaj,Kelis
Nicki Minaj,LMFAO
Nicki Minaj,Pitbull
Nicki Minaj,Calvin Harris
Nicki Minaj,Chris Brown
Ne‐Yo,Afrojack
Ne‐Yo,Nayer
Ne‐Yo,Maroon 5
Ne‐Yo,Black Eyed Peas
Ne‐Yo,Christina Aguilera
Ne‐Yo,Flo Rida
Ne‐Yo,Snoop Dogg
Ne‐Yo,Example
Ne‐Yo,Kelis
Ne‐Yo,LMFAO
Ne‐Yo,Pitbull
Ne‐Yo,Calvin Harris
Ne‐Yo,Chris Brown
Afrojack,Nayer
Afrojack,Maroon 5
Afrojack,Black Eyed Peas
Afrojack,Christina Aguilera
Afrojack,Flo Rida
Afrojack,Snoop Dogg
Afrojack,Example
Afrojack,Kelis
Afrojack,LMFAO
Afrojack,Pitbull
Afrojack,Calvin Harris
Afrojack,Chris Brown
Nayer,Maroon 5
Nayer,Black Eyed Peas
Nayer,Christina Aguilera
Nayer,Flo Rida
Nayer,Snoop Dogg
Nayer,Example
Nayer,Kelis
Nayer,LMFAO
Nayer,Pitbull
Nayer,Calvin Harris
Nayer,Chris Brown
Maroon 5,Black Eyed Peas
Maroon 5,Christina Aguilera
Maroon 5,Flo Rida
Maroon 5,Snoop Dogg
Maroon 5,Example
Maroon 5,Kelis
Maroon 5,LMFAO
Maroon 5,Pitbull
Maroon 5,Calvin Harris
Maroon 5,Chris Brown
Black Eyed Peas,Christina Aguilera
Black Eyed Peas,Flo Rida
Black Eyed Peas,Snoop Dogg
Black Eyed Peas,Example
Black Eyed Peas,Kelis
Black Eyed Peas,LMFAO
Black Eyed Peas,Pitbull
Black Eyed Peas,Calvin Harris
Black Eyed Peas,Chris Brown
Christina Aguilera,Flo Rida
Christina Aguilera,Snoop Dogg
Christina Aguilera,Example
Christina Aguilera,Kelis
Christina Aguilera,LMFAO
Christina Aguilera,Pitbull
Christina Aguilera,Calvin Harris
Christina Aguilera,Chris Brown
Flo Rida,Snoop Dogg
Flo Rida,Example
Flo Rida,Kelis
Flo Rida,LMFAO
Flo Rida,Pitbull
Flo Rida,Calvin Harris
Flo Rida,Chris Brown
Snoop Dogg,Example
Snoop Dogg,Kelis
Snoop Dogg,LMFAO
Snoop Dogg,Pitbull
Snoop Dogg,Calvin Harris
Snoop Dogg,Chris Brown
Example,Kelis
Example,LMFAO
Example,Pitbull
Example,Calvin Harris
Example,Chris Brown
Kelis,LMFAO
Kelis,Pitbull
Kelis,Calvin Harris
Kelis,Chris Brown
LMFAO,Pitbull
LMFAO,Calvin Harris
LMFAO,Chris Brown
Pitbull,Calvin Harris
Pitbull,Chris Brown
Calvin Harris,Chris Brown
Sam Smith,Calvin Harris
Ellie Goulding,Calvin Harris
Sam Smith,Calvin Harris
Sam Smith,Gibson Brothers
Calvin Harris,Gibson Brothers
Ellie Goulding,Calvin Harris
Calvin Harris,HAIM
Calvin Harris,Dua Lipa
Sam Smith,Calvin Harris
Ellie Goulding,Calvin Harris
Ellie Goulding,Calvin Harris
Calvin Harris,Dua Lipa
Calvin Harris,The Weeknd
Calvin Harris,HAIM
A‐Trak,Travis Scott
A‐Trak,Calvin Harris
Travis Scott,Calvin Harris
Ellie Goulding,Calvin Harris
Calvin Harris,HAIM
Ellie Goulding,Calvin Harris
Sam Smith,Calvin Harris
Calvin Harris,HAIM
Sam Smith,Calvin Harris
Calvin Harris,HAIM
Sam Smith,Calvin Harris
Ellie Goulding,Calvin Harris
Ellie Goulding,Calvin Harris
Ellie Goulding,Calvin Harris
Ellie Goulding,Calvin Harris
Ellie Goulding,Calvin Harris
Sam Smith,Calvin Harris
Sam Smith,Calvin Harris
Ummet Ozcan,Calvin Harris
Calvin Harris,HAIM
Ellie Goulding,Nicki Minaj
Ellie Goulding,Rita Ora
Ellie Goulding,Rihanna
Ellie Goulding,Ariana Grande
Ellie Goulding,Little Mix
Ellie Goulding,Fleur East
Ellie Goulding,Demi Lovato
Ellie Goulding,Jessie J
Ellie Goulding,Calvin Harris
Nicki Minaj,Rita Ora
Nicki Minaj,Rihanna
Nicki Minaj,Ariana Grande
Nicki Minaj,Little Mix
Nicki Minaj,Fleur East
Nicki Minaj,Demi Lovato
Nicki Minaj,Jessie J
Nicki Minaj,Calvin Harris
Rita Ora,Rihanna
Rita Ora,Ariana Grande
Rita Ora,Little Mix
Rita Ora,Fleur East
Rita Ora,Demi Lovato
Rita Ora,Jessie J
Rita Ora,Calvin Harris
Rihanna,Ariana Grande
Rihanna,Little Mix
Rihanna,Fleur East
Rihanna,Demi Lovato
Rihanna,Jessie J
Rihanna,Calvin Harris
Ariana Grande,Little Mix
Ariana Grande,Fleur East
Ariana Grande,Demi Lovato
Ariana Grande,Jessie J
Ariana Grande,Calvin Harris
Little Mix,Fleur East
Little Mix,Demi Lovato
Little Mix,Jessie J
Little Mix,Calvin Harris
Fleur East,Demi Lovato
Fleur East,Jessie J
Fleur East,Calvin Harris
Demi Lovato,Jessie J
Demi Lovato,Calvin Harris
Jessie J,Calvin Harris
Calvin Harris,HAIM
Calvin Harris,Dua Lipa
Sam Smith,Calvin Harris
Ellie Goulding,Calvin Harris
Ellie Goulding,Calvin Harris
Calvin Harris,Dua Lipa
Calvin Harris,The Weeknd
Ellie Goulding,Calvin Harris
Scissor Sisters,Calvin Harris
Calvin Harris,HAIM
Sam Smith,Calvin Harris
Enur,Wheats
Enur,Sam Smith
Enur,Calvin Harris
Wheats,Sam Smith
Wheats,Calvin Harris
Sam Smith,Calvin Harris
Young Thug,Calvin Harris
Young Thug,Dua Lipa
Calvin Harris,Dua Lipa
Ellie Goulding,Calvin Harris
Calvin Harris,The Weeknd
Ellie Goulding,Calvin Harris
Ellie Goulding,Calvin Harris
Calvin Harris,Dua Lipa
Dizzee Rascal,Duck Sauce
Dizzee Rascal,Kid Cudi
Dizzee Rascal,Steve Angello
Dizzee Rascal,Crookers
Dizzee Rascal,A‐Trak
Dizzee Rascal,Robin S
Dizzee Rascal,Armand van Helden
Dizzee Rascal,Laidback Luke
Dizzee Rascal,Calvin Harris
Duck Sauce,Kid Cudi
Duck Sauce,Steve Angello
Duck Sauce,Crookers
Duck Sauce,A‐Trak
Duck Sauce,Robin S
Duck Sauce,Armand van Helden
Duck Sauce,Laidback Luke
Duck Sauce,Calvin Harris
Kid Cudi,Steve Angello
Kid Cudi,Crookers
Kid Cudi,A‐Trak
Kid Cudi,Robin S
Kid Cudi,Armand van Helden
Kid Cudi,Laidback Luke
Kid Cudi,Calvin Harris
Steve Angello,Crookers
Steve Angello,A‐Trak
Steve Angello,Robin S
Steve Angello,Armand van Helden
Steve Angello,Laidback Luke
Steve Angello,Calvin Harris
Crookers,A‐Trak
Crookers,Robin S
Crookers,Armand van Helden
Crookers,Laidback Luke
Crookers,Calvin Harris
A‐Trak,Robin S
A‐Trak,Armand van Helden
A‐Trak,Laidback Luke
A‐Trak,Calvin Harris
Robin S,Armand van Helden
Robin S,Laidback Luke
Robin S,Calvin Harris
Armand van Helden,Laidback Luke
Armand van Helden,Calvin Harris
Laidback Luke,Calvin Harris
Sam Smith,Calvin Harris
Calvin Harris,Dua Lipa
Sam Smith,Calvin Harris
Calvin Harris,Dua Lipa
Sam Smith,Calvin Harris
Sam Smith,Calvin Harris
David Guetta,Sam Smith
David Guetta,Calvin Harris
David Guetta,Tiësto
Sam Smith,Calvin Harris
Sam Smith,Tiësto
Calvin Harris,Tiësto
Sam Smith,Calvin Harris
Sam Smith,Calvin Harris
Sam Smith,Calvin Harris
Ellie Goulding,Calvin Harris
Calvin Harris,Dua Lipa
Ellie Goulding,Calvin Harris
Calvin Harris,Dua Lipa
Calvin Harris,Dua Lipa
Calvin Harris,Dua Lipa
Sam Smith,Calvin Harris
Calvin Harris,Dua Lipa
Sam Smith,Calvin Harris
Ellie Goulding,Calvin Harris
Ellie Goulding,Calvin Harris
Calvin Harris,The Weeknd
Ellie Goulding,Calvin Harris
Sam Smith,Calvin Harris
Sam Smith,Calvin Harris
Calvin Harris,Dua Lipa
Calvin Harris,Dua Lipa
Calvin Harris,HAIM
Sam Smith,Calvin Harris
Sam Smith,Calvin Harris
Calvin Harris,Dua Lipa
Ellie Goulding,Calvin Harris
Ummet Ozcan,Calvin Harris
Calvin Harris,Dua Lipa
Calvin Harris,Dua Lipa
Migos,Calvin Harris
Migos,Frank Ocean
Calvin Harris,Frank Ocean
Calvin Harris,LMFAO
Florence + the Machine,Calvin Harris
Lil Durk,Jorja Smith
Lil Durk,Calvin Harris
Jorja Smith,Calvin Harris
Future,Khalid
Future,Calvin Harris
Khalid,Calvin Harris
Halsey,Justin Timberlake
Halsey,Calvin Harris
Halsey,Pharrell Williams
Justin Timberlake,Calvin Harris
Justin Timberlake,Pharrell Williams
Calvin Harris,Pharrell Williams
Migos,Calvin Harris
Migos,Frank Ocean
Calvin Harris,Frank Ocean
Busta Rhymes,Calvin Harris
Normani,Calvin Harris
Migos,Calvin Harris
Migos,Frank Ocean
Calvin Harris,Frank Ocean
Halsey,Justin Timberlake
Halsey,Calvin Harris
Halsey,Pharrell Williams
Justin Timberlake,Calvin Harris
Justin Timberlake,Pharrell Williams
Calvin Harris,Pharrell Williams
Migos,Calvin Harris
Migos,Frank Ocean
Calvin Harris,Frank Ocean
Migos,Calvin Harris
Migos,Frank Ocean
Calvin Harris,Frank Ocean
Migos,Calvin Harris
Migos,Frank Ocean
Calvin Harris,Frank Ocean
Kasabian,Calvin Harris
Future,Khalid
Future,Calvin Harris
Khalid,Calvin Harris
Migos,Calvin Harris
Migos,Frank Ocean
Calvin Harris,Frank Ocean
Nicki Minaj,Calvin Harris
Migos,Calvin Harris
Migos,Frank Ocean
Calvin Harris,Frank Ocean
Migos,Calvin Harris
Migos,Frank Ocean
Calvin Harris,Frank Ocean
Busta Rhymes,Calvin Harris
Kasabian,Calvin Harris
Kasabian,Calvin Harris
Halsey,Justin Timberlake
Halsey,Calvin Harris
Halsey,Pharrell Williams
Justin Timberlake,Calvin Harris
Justin Timberlake,Pharrell Williams
Calvin Harris,Pharrell Williams
Migos,Calvin Harris
Migos,Frank Ocean
Calvin Harris,Frank Ocean
Calvin Harris,Rihanna
Calvin Harris,Delerium
Rihanna,Delerium
Migos,Calvin Harris
Migos,Frank Ocean
Calvin Harris,Frank Ocean
Kelis,Calvin Harris
Kelis,S3an J4Y
Calvin Harris,S3an J4Y
Migos,Calvin Harris
Migos,Frank Ocean
Calvin Harris,Frank Ocean
Halsey,Justin Timberlake
Halsey,Calvin Harris
Halsey,Pharrell Williams
Justin Timberlake,Calvin Harris
Justin Timberlake,Pharrell Williams
Calvin Harris,Pharrell Williams
Halsey,Justin Timberlake
Halsey,Calvin Harris
Halsey,Pharrell Williams
Justin Timberlake,Calvin Harris
Justin Timberlake,Pharrell Williams
Calvin Harris,Pharrell Williams
Lil Durk,Jorja Smith
Lil Durk,Calvin Harris
Jorja Smith,Calvin Harris
Migos,Calvin Harris
Migos,Frank Ocean
Calvin Harris,Frank Ocean
Migos,Calvin Harris
Migos,Frank Ocean
Calvin Harris,Frank Ocean
Migos,Calvin Harris
Migos,Frank Ocean
Calvin Harris,Frank Ocean
Kasabian,Calvin Harris
Migos,Calvin Harris
Migos,Frank Ocean
Calvin Harris,Frank Ocean
Migos,Calvin Harris
Migos,Frank Ocean
Calvin Harris,Frank Ocean
Alesso,Calvin Harris
Kasabian,Calvin Harris
Halsey,Justin Timberlake
Halsey,Calvin Harris
Halsey,Pharrell Williams
Justin Timberlake,Calvin Harris
Justin Timberlake,Pharrell Williams
Calvin Harris,Pharrell Williams
Migos,Calvin Harris
Migos,Frank Ocean
Calvin Harris,Frank Ocean
Migos,Calvin Harris
Migos,Frank Ocean
Calvin Harris,Frank Ocean
Robin S,Calvin Harris
Florence Welch,Calvin Harris
Florence Welch,Calvin Harris
D.O.D,Florence Welch
D.O.D,Calvin Harris
Florence Welch,Calvin Harris
Florence Welch,Calvin Harris
Florence Welch,Calvin Harris
Florence Welch,Calvin Harris
Zedd,Empire of the Sun
Zedd,Calvin Harris
Empire of the Sun,Calvin Harris
Florence Welch,Calvin Harris
Florence Welch,Calvin Harris
Florence Welch,Calvin Harris
Florence Welch,Calvin Harris
Florence Welch,Calvin Harris
Florence Welch,Calvin Harris
Florence Welch,Calvin Harris
Florence Welch,Calvin Harris
Florence Welch,Calvin Harris
Florence Welch,Calvin Harris
Lane 8,Calvin Harris
Florence Welch,Calvin Harris
Florence Welch,Calvin Harris
Florence Welch,Calvin Harris
Florence Welch,Calvin Harris
Florence Welch,Calvin Harris
Florence Welch,Calvin Harris
Florence Welch,Calvin Harris
Florence + the Machine,Calvin Harris
Florence Welch,Calvin Harris
Florence Welch,Calvin Harris
Florence Welch,Calvin Harris
Florence Welch,Calvin Harris
Florence Welch,Calvin Harris
Florence Welch,Calvin Harris
Florence Welch,Calvin Harris
Florence Welch,Calvin Harris
Florence Welch,Calvin Harris
Florence Welch,Calvin Harris
Florence Welch,Calvin Harris
Florence Welch,Calvin Harris
Florence Welch,Calvin Harris
Florence Welch,Calvin Harris
Florence Welch,Calvin Harris
Florence Welch,Calvin Harris
Florence Welch,Calvin Harris
Florence Welch,Calvin Harris
Florence Welch,Calvin Harris
Florence Welch,Calvin Harris
Florence Welch,Calvin Harris
D.O.D,Florence Welch
D.O.D,Calvin Harris
Florence Welch,Calvin Harris
Florence Welch,Calvin Harris
Florence Welch,Calvin Harris
Florence Welch,Calvin Harris
Florence Welch,bLiNd
Florence Welch,Calvin Harris
bLiNd,Calvin Harris
Florence Welch,Calvin Harris
Umek,Calvin Harris
Avicii,Calvin Harris
Florence Welch,Calvin Harris
Florence Welch,Calvin Harris
Calvin Harris,Ayah Marar
Rihanna,Calvin Harris
Calvin Harris,Ayah Marar
Calvin Harris,Ayah Marar
Calvin Harris,Ayah Marar
Calvin Harris,Ayah Marar
Calvin Harris,Ayah Marar
Calvin Harris,Ayah Marar
Calvin Harris,Ayah Marar
Calvin Harris,Ayah Marar
Calvin Harris,Ayah Marar
Rihanna,Calvin Harris
Calvin Harris,Ayah Marar
Rihanna,Calvin Harris
Rihanna,Calvin Harris
Rihanna,Calvin Harris
Calvin Harris,SZA
Calvin Harris,SZA
Calvin Harris,Ayah Marar
Calvin Harris,Ayah Marar
Calvin Harris,Ayah Marar
Rihanna,Calvin Harris
Rihanna,Calvin Harris
Calvin Harris,Ayah Marar
Rihanna,Calvin Harris
Puppah Nas‐T,Denise Belfon
Puppah Nas‐T,Disciples
Puppah Nas‐T,Hans Zimmer
Puppah Nas‐T,Calvin Harris
Denise Belfon,Disciples
Denise Belfon,Hans Zimmer
Denise Belfon,Calvin Harris
Disciples,Hans Zimmer
Disciples,Calvin Harris
Hans Zimmer,Calvin Harris
Calvin Harris,Ayah Marar
Rihanna,Calvin Harris
Calvin Harris,Ayah Marar
Calvin Harris,Ayah Marar
Calvin Harris,Ayah Marar
Calvin Harris,Ayah Marar
Skidka,Hard Rock Sofa
Skidka,Calvin Harris
Skidka,W&W
Hard Rock Sofa,Calvin Harris
Hard Rock Sofa,W&W
Calvin Harris,W&W
Calvin Harris,Ayah Marar
Calvin Harris,SZA
Calvin Harris,Ayah Marar
Calvin Harris,Ayah Marar
Calvin Harris,Ayah Marar
Calvin Harris,Ayah Marar
Rihanna,Calvin Harris
Calvin Harris,Ayah Marar
Calvin Harris,Ayah Marar
Calvin Harris,Ayah Marar
Calvin Harris,Ayah Marar
Calvin Harris,Ayah Marar
Calvin Harris,Ayah Marar
Calvin Harris,Ayah Marar
Calvin Harris,Ayah Marar
Calvin Harris,Ayah Marar
Calvin Harris,Ayah Marar
Rihanna,Calvin Harris
Calvin Harris,Ayah Marar
Calvin Harris,Ayah Marar
Calvin Harris,Ayah Marar
Calvin Harris,Ayah Marar
Calvin Harris,SZA
Calvin Harris,Ayah Marar
Rihanna,Calvin Harris
Calvin Harris,Ayah Marar
Calvin Harris,Ayah Marar
Rihanna,Calvin Harris
Calvin Harris,Ayah Marar
Calvin Harris,Ayah Marar
Rihanna,Calvin Harris
Calvin Harris,Ayah Marar
Alesso,Hurts
Alesso,Calvin Harris
Hurts,Calvin Harris
Rihanna,Calvin Harris
Alesso,Hurts
Alesso,Calvin Harris
Hurts,Calvin Harris
Alesso,Hurts
Alesso,Calvin Harris
Hurts,Calvin Harris
Alesso,Hurts
Alesso,Calvin Harris
Hurts,Calvin Harris
Rihanna,Calvin Harris
Rihanna,Calvin Harris
Example,Calvin Harris
Example,Calvin Harris
Alesso,Hurts
Alesso,Calvin Harris
Hurts,Calvin Harris
Alesso,Hurts
Alesso,Calvin Harris
Hurts,Calvin Harris
Basto,Rihanna
Basto,Calvin Harris
Rihanna,Calvin Harris
Alesso,Hurts
Alesso,Calvin Harris
Hurts,Calvin Harris
Primal Scream,Calvin Harris
Alesso,Hurts
Alesso,Calvin Harris
Hurts,Calvin Harris
Rihanna,Calvin Harris
Calvin Harris,Rihanna
Calvin Harris,Knife Party
Calvin Harris,Nicky Romero
Calvin Harris,LMFAO
Rihanna,Knife Party
Rihanna,Nicky Romero
Rihanna,LMFAO
Knife Party,Nicky Romero
Knife Party,LMFAO
Nicky Romero,LMFAO
Alesso,Hurts
Alesso,Calvin Harris
Hurts,Calvin Harris
Example,Calvin Harris
Rihanna,Calvin Harris
Example,Calvin Harris
Nile Rodgers,Dizzee Rascal
Nile Rodgers,John Newman
Nile Rodgers,Avicii
Nile Rodgers,Sleepy Tom
Nile Rodgers,Fatboy Slim
Nile Rodgers,Sigala
Nile Rodgers,Fedde Le Grand
Nile Rodgers,Example
Nile Rodgers,Diplo
Nile Rodgers,Etta James
Nile Rodgers,Freaks
Nile Rodgers,Calvin Harris
Dizzee Rascal,John Newman
Dizzee Rascal,Avicii
Dizzee Rascal,Sleepy Tom
Dizzee Rascal,Fatboy Slim
Dizzee Rascal,Sigala
Dizzee Rascal,Fedde Le Grand
Dizzee Rascal,Example
Dizzee Rascal,Diplo
Dizzee Rascal,Etta James
Dizzee Rascal,Freaks
Dizzee Rascal,Calvin Harris
John Newman,Avicii
John Newman,Sleepy Tom
John Newman,Fatboy Slim
John Newman,Sigala
John Newman,Fedde Le Grand
John Newman,Example
John Newman,Diplo
John Newman,Etta James
John Newman,Freaks
John Newman,Calvin Harris
Avicii,Sleepy Tom
Avicii,Fatboy Slim
Avicii,Sigala
Avicii,Fedde Le Grand
Avicii,Example
Avicii,Diplo
Avicii,Etta James
Avicii,Freaks
Avicii,Calvin Harris
Sleepy Tom,Fatboy Slim
Sleepy Tom,Sigala
Sleepy Tom,Fedde Le Grand
Sleepy Tom,Example
Sleepy Tom,Diplo
Sleepy Tom,Etta James
Sleepy Tom,Freaks
Sleepy Tom,Calvin Harris
Fatboy Slim,Sigala
Fatboy Slim,Fedde Le Grand
Fatboy Slim,Example
Fatboy Slim,Diplo
Fatboy Slim,Etta James
Fatboy Slim,Freaks
Fatboy Slim,Calvin Harris
Sigala,Fedde Le Grand
Sigala,Example
Sigala,Diplo
Sigala,Etta James
Sigala,Freaks
Sigala,Calvin Harris
Fedde Le Grand,Example
Fedde Le Grand,Diplo
Fedde Le Grand,Etta James
Fedde Le Grand,Freaks
Fedde Le Grand,Calvin Harris
Example,Diplo
Example,Etta James
Example,Freaks
Example,Calvin Harris
Diplo,Etta James
Diplo,Freaks
Diplo,Calvin Harris
Etta James,Freaks
Etta James,Calvin Harris
Freaks,Calvin Harris
Alesso,Calvin Harris
Rihanna,Calvin Harris
Example,Calvin Harris
Calvin Harris,Dillon Francis
Deniz Koyu,Calvin Harris
Alesso,Hurts
Alesso,Calvin Harris
Hurts,Calvin Harris
Rihanna,Calvin Harris
Rihanna,Calvin Harris
Alesso,Hurts
Alesso,Calvin Harris
Hurts,Calvin Harris
Rihanna,Calvin Harris
Alesso,Hurts
Alesso,Calvin Harris
Hurts,Calvin Harris
Example,Calvin Harris
Rihanna,Calvin Harris
Mi Casa,Calvin Harris
Rihanna,Calvin Harris
Rihanna,Calvin Harris
Example,Calvin Harris
Rihanna,Calvin Harris
Rihanna,Calvin Harris
Coldplay,Dinka
Coldplay,Calvin Harris
Coldplay,Rihanna
Dinka,Calvin Harris
Dinka,Rihanna
Calvin Harris,Rihanna
Rihanna,Calvin Harris
Rihanna,RetroVision
Rihanna,jeonghyeon
Calvin Harris,RetroVision
Calvin Harris,jeonghyeon
RetroVision,jeonghyeon
Alesso,Hurts
Alesso,Calvin Harris
Hurts,Calvin Harris
Rihanna,Calvin Harris
Rihanna,Calvin Harris
Alesso,Hurts
Alesso,Calvin Harris
Hurts,Calvin Harris
Rihanna,Calvin Harris
Calvin Harris,Gwen Stefani
Alesso,Hurts
Alesso,Calvin Harris
Hurts,Calvin Harris
Alesso,Hurts
Alesso,Calvin Harris
Hurts,Calvin Harris
Alesso,Hurts
Alesso,Calvin Harris
Hurts,Calvin Harris
Major Lazer,Calvin Harris
Rihanna,Calvin Harris
Alesso,Hurts
Alesso,Calvin Harris
Hurts,Calvin Harris
Ellie Goulding,Good Times Ahead
Ellie Goulding,Dimitri Vegas & Like Mike
Ellie Goulding,Wolfpack
Ellie Goulding,Calvin Harris
Good Times Ahead,Dimitri Vegas & Like Mike
Good Times Ahead,Wolfpack
Good Times Ahead,Calvin Harris
Dimitri Vegas & Like Mike,Wolfpack
Dimitri Vegas & Like Mike,Calvin Harris
Wolfpack,Calvin Harris
Example,Calvin Harris
Nadia Rose,Kideko
Nadia Rose,George Kwali
Nadia Rose,Lady Gaga
Nadia Rose,Calvin Harris
Nadia Rose,Sweetie Irie
Kideko,George Kwali
Kideko,Lady Gaga
Kideko,Calvin Harris
Kideko,Sweetie Irie
George Kwali,Lady Gaga
George Kwali,Calvin Harris
George Kwali,Sweetie Irie
Lady Gaga,Calvin Harris
Lady Gaga,Sweetie Irie
Calvin Harris,Sweetie Irie
Alesso,Hurts
Alesso,Calvin Harris
Hurts,Calvin Harris
Alesso,Hurts
Alesso,Calvin Harris
Hurts,Calvin Harris
Alesso,Calvin Harris
Alesso,Hurts
Alesso,Calvin Harris
Hurts,Calvin Harris
Rihanna,Calvin Harris
Example,Calvin Harris
Alesso,Hurts
Alesso,Calvin Harris
Hurts,Calvin Harris
Rihanna,Calvin Harris
Rihanna,Calvin Harris
Alesso,Hurts
Alesso,Calvin Harris
Hurts,Calvin Harris
Alesso,Hurts
Alesso,Calvin Harris
Hurts,Calvin Harris
Rihanna,Calvin Harris
Example,Calvin Harris
Rihanna,Calvin Harris
Alesso,Hurts
Alesso,Calvin Harris
Hurts,Calvin Harris
Example,Calvin Harris
Alesso,Hurts
Alesso,Calvin Harris
Hurts,Calvin Harris
Rihanna,Calvin Harris
Alesso,Hurts
Alesso,Calvin Harris
Hurts,Calvin Harris
Rihanna,Calvin Harris
Alesso,Hurts
Alesso,Calvin Harris
Hurts,Calvin Harris
Example,Calvin Harris
Alesso,Hurts
Alesso,Calvin Harris
Hurts,Calvin Harris
Chlöe,Stefflon Don
Chlöe,Calvin Harris
Chlöe,Coi Leray
Stefflon Don,Calvin Harris
Stefflon Don,Coi Leray
Calvin Harris,Coi Leray
Calvin Harris,Fancy Olsen
Dizzee Rascal,Yuksek
Dizzee Rascal,Justice
Dizzee Rascal,Justin Timberlake
Dizzee Rascal,Jungle Brothers
Dizzee Rascal,Todd Terry
Dizzee Rascal,The Chemical Brothers
Dizzee Rascal,Commodores
Dizzee Rascal,The Bucketheads
Dizzee Rascal,Proxy
Dizzee Rascal,Kraftwerk
Dizzee Rascal,Jean‐Michel Jarre
Dizzee Rascal,Calvin Harris
Dizzee Rascal,Robyn
Dizzee Rascal,Scenario Rock
Dizzee Rascal,The Bumblebeez
Dizzee Rascal,Stakker
Dizzee Rascal,DatA
Dizzee Rascal,Djedjotronic
Dizzee Rascal,Larry Tee
Yuksek,Justice
Yuksek,Justin Timberlake
Yuksek,Jungle Brothers
Yuksek,Todd Terry
Yuksek,The Chemical Brothers
Yuksek,Commodores
Yuksek,The Bucketheads
Yuksek,Proxy
Yuksek,Kraftwerk
Yuksek,Jean‐Michel Jarre
Yuksek,Calvin Harris
Yuksek,Robyn
Yuksek,Scenario Rock
Yuksek,The Bumblebeez
Yuksek,Stakker
Yuksek,DatA
Yuksek,Djedjotronic
Yuksek,Larry Tee
Justice,Justin Timberlake
Justice,Jungle Brothers
Justice,Todd Terry
Justice,The Chemical Brothers
Justice,Commodores
Justice,The Bucketheads
Justice,Proxy
Justice,Kraftwerk
Justice,Jean‐Michel Jarre
Justice,Calvin Harris
Justice,Robyn
Justice,Scenario Rock
Justice,The Bumblebeez
Justice,Stakker
Justice,DatA
Justice,Djedjotronic
Justice,Larry Tee
Justin Timberlake,Jungle Brothers
Justin Timberlake,Todd Terry
Justin Timberlake,The Chemical Brothers
Justin Timberlake,Commodores
Justin Timberlake,The Bucketheads
Justin Timberlake,Proxy
Justin Timberlake,Kraftwerk
Justin Timberlake,Jean‐Michel Jarre
Justin Timberlake,Calvin Harris
Justin Timberlake,Robyn
Justin Timberlake,Scenario Rock
Justin Timberlake,The Bumblebeez
Justin Timberlake,Stakker
Justin Timberlake,DatA
Justin Timberlake,Djedjotronic
Justin Timberlake,Larry Tee
Jungle Brothers,Todd Terry
Jungle Brothers,The Chemical Brothers
Jungle Brothers,Commodores
Jungle Brothers,The Bucketheads
Jungle Brothers,Proxy
Jungle Brothers,Kraftwerk
Jungle Brothers,Jean‐Michel Jarre
Jungle Brothers,Calvin Harris
Jungle Brothers,Robyn
Jungle Brothers,Scenario Rock
Jungle Brothers,The Bumblebeez
Jungle Brothers,Stakker
Jungle Brothers,DatA
Jungle Brothers,Djedjotronic
Jungle Brothers,Larry Tee
Todd Terry,The Chemical Brothers
Todd Terry,Commodores
Todd Terry,The Bucketheads
Todd Terry,Proxy
Todd Terry,Kraftwerk
Todd Terry,Jean‐Michel Jarre
Todd Terry,Calvin Harris
Todd Terry,Robyn
Todd Terry,Scenario Rock
Todd Terry,The Bumblebeez
Todd Terry,Stakker
Todd Terry,DatA
Todd Terry,Djedjotronic
Todd Terry,Larry Tee
The Chemical Brothers,Commodores
The Chemical Brothers,The Bucketheads
The Chemical Brothers,Proxy
The Chemical Brothers,Kraftwerk
The Chemical Brothers,Jean‐Michel Jarre
The Chemical Brothers,Calvin Harris
The Chemical Brothers,Robyn
The Chemical Brothers,Scenario Rock
The Chemical Brothers,The Bumblebeez
The Chemical Brothers,Stakker
The Chemical Brothers,DatA
The Chemical Brothers,Djedjotronic
The Chemical Brothers,Larry Tee
Commodores,The Bucketheads
Commodores,Proxy
Commodores,Kraftwerk
Commodores,Jean‐Michel Jarre
Commodores,Calvin Harris
Commodores,Robyn
Commodores,Scenario Rock
Commodores,The Bumblebeez
Commodores,Stakker
Commodores,DatA
Commodores,Djedjotronic
Commodores,Larry Tee
The Bucketheads,Proxy
The Bucketheads,Kraftwerk
The Bucketheads,Jean‐Michel Jarre
The Bucketheads,Calvin Harris
The Bucketheads,Robyn
The Bucketheads,Scenario Rock
The Bucketheads,The Bumblebeez
The Bucketheads,Stakker
The Bucketheads,DatA
The Bucketheads,Djedjotronic
The Bucketheads,Larry Tee
Proxy,Kraftwerk
Proxy,Jean‐Michel Jarre
Proxy,Calvin Harris
Proxy,Robyn
Proxy,Scenario Rock
Proxy,The Bumblebeez
Proxy,Stakker
Proxy,DatA
Proxy,Djedjotronic
Proxy,Larry Tee
Kraftwerk,Jean‐Michel Jarre
Kraftwerk,Calvin Harris
Kraftwerk,Robyn
Kraftwerk,Scenario Rock
Kraftwerk,The Bumblebeez
Kraftwerk,Stakker
Kraftwerk,DatA
Kraftwerk,Djedjotronic
Kraftwerk,Larry Tee
Jean‐Michel Jarre,Calvin Harris
Jean‐Michel Jarre,Robyn
Jean‐Michel Jarre,Scenario Rock
Jean‐Michel Jarre,The Bumblebeez
Jean‐Michel Jarre,Stakker
Jean‐Michel Jarre,DatA
Jean‐Michel Jarre,Djedjotronic
Jean‐Michel Jarre,Larry Tee
Calvin Harris,Robyn
Calvin Harris,Scenario Rock
Calvin Harris,The Bumblebeez
Calvin Harris,Stakker
Calvin Harris,DatA
Calvin Harris,Djedjotronic
Calvin Harris,Larry Tee
Robyn,Scenario Rock
Robyn,The Bumblebeez
Robyn,Stakker
Robyn,DatA
Robyn,Djedjotronic
Robyn,Larry Tee
Scenario Rock,The Bumblebeez
Scenario Rock,Stakker
Scenario Rock,DatA
Scenario Rock,Djedjotronic
Scenario Rock,Larry Tee
The Bumblebeez,Stakker
The Bumblebeez,DatA
The Bumblebeez,Djedjotronic
The Bumblebeez,Larry Tee
Stakker,DatA
Stakker,Djedjotronic
Stakker,Larry Tee
DatA,Djedjotronic
DatA,Larry Tee
Djedjotronic,Larry Tee
Izza Kizza,Calvin Harris
Nicky Romero,Calvin Harris
Nicky Romero,Archie
Calvin Harris,Archie
Chlöe,Stefflon Don
Chlöe,Calvin Harris
Chlöe,Coi Leray
Stefflon Don,Calvin Harris
Stefflon Don,Coi Leray
Calvin Harris,Coi Leray
Example,Deorro
Example,Calvin Harris
Deorro,Calvin Harris
Kendrick Lamar,SZA
SZA,Megan Thee Stallion
anti.negative,SZA
Future,DJ Khaled
Future,SZA
DJ Khaled,SZA
SZA,DRAM
SZA,Megan Thee Stallion
Mac Miller,SZA
SZA,Megan Thee Stallion
Kendrick Lamar,SZA
SZA,Jarreau Vandal
Rihanna,SZA
Chance the Rapper,SZA
Rihanna,SZA
Normani,Calvin Harris
Normani,SZA
Calvin Harris,SZA
SZA,Kendrick Lamar
ButeraMoonlight,SZA
SZA,Kendrick Lamar
James Blake,SZA
WILLOW,SZA
SZA,Megan Thee Stallion
Kingdom,SZA
Kendrick Lamar,SZA
James Blake,SZA
Rihanna,SZA
Ol’ Dirty Bastard,SZA
SZA,Kendrick Lamar
Rihanna,SZA
Kendrick Lamar,SZA
Rihanna,SZA
Ol’ Dirty Bastard,SZA
Future,DJ Khaled
Future,SZA
DJ Khaled,SZA
SZA,Kendrick Lamar
Rihanna,SZA
Rihanna,SZA
SZA,Kendrick Lamar
SZA,Jay Rock
Kendrick Lamar,Jay Rock
Cecily Strong,SZA
Cecily Strong,Ego Nwodim
Cecily Strong,Keke Palmer
Cecily Strong,Punkie Johnson
SZA,Ego Nwodim
SZA,Keke Palmer
SZA,Punkie Johnson
Ego Nwodim,Keke Palmer
Ego Nwodim,Punkie Johnson
Keke Palmer,Punkie Johnson
Rihanna,SZA
Kendrick Lamar,SZA
Ol’ Dirty Bastard,SZA
Rihanna,SZA
SZA,Kali Uchis
Future,DJ Khaled
Future,SZA
DJ Khaled,SZA
Ol’ Dirty Bastard,SZA
Kendrick Lamar,SZA
Don Toliver,SZA
SZA,Doja Cat
Ty Dolla $ign,SZA
DJ Khaled,SZA
Cardi B,SZA
XXXTENTACION,SZA
SZA,Doja Cat
SZA,Ab‐Soul
PARTYNEXTDOOR,SZA
PARTYNEXTDOOR,Kali Uchis
SZA,Kali Uchis
Phoebe Bridgers,SZA
Isaiah Rashad,SZA
Isaiah Rashad,Childish Major
SZA,Childish Major
Ty Dolla $ign,SZA
Don Toliver,SZA
SZA,Doja Cat
Doechii,SZA
Cardi B,SZA
070 Shake,RAYE
070 Shake,SZA
RAYE,SZA
Cardi B,SZA
DJ Khaled,SZA
SZA,Khalid
SZA,Post Malone
SZA,Lorde
Khalid,Post Malone
Khalid,Lorde
Post Malone,Lorde
SZA,Doja Cat
SZA,Kendrick Lamar
SZA,Khalid
SZA,Post Malone
SZA,Lorde
Khalid,Post Malone
Khalid,Lorde
Post Malone,Lorde
SZA,Kendrick Lamar
SZA,Kendrick Lamar
SZA,Doja Cat
SZA,Khalid
SZA,Post Malone
SZA,Lorde
Khalid,Post Malone
Khalid,Lorde
Post Malone,Lorde
Ty Dolla $ign,SZA
SZA,Khalid
SZA,Post Malone
SZA,Lorde
Khalid,Post Malone
Khalid,Lorde
Post Malone,Lorde
SZA,Kali Uchis
SZA,SAINt JHN
Lance Skiiiwalker,Punch
Lance Skiiiwalker,Kendrick Lamar
Lance Skiiiwalker,Isaiah Rashad
Lance Skiiiwalker,Jay Rock
Lance Skiiiwalker,SZA
Punch,Kendrick Lamar
Punch,Isaiah Rashad
Punch,Jay Rock
Punch,SZA
Kendrick Lamar,Isaiah Rashad
Kendrick Lamar,Jay Rock
Kendrick Lamar,SZA
Isaiah Rashad,Jay Rock
Isaiah Rashad,SZA
Jay Rock,SZA
SZA,Kali Uchis
SZA,Doja Cat
Lizzo,SZA
SZA,Doja Cat
SZA,Doja Cat
Doechii,SZA
Lizzo,SZA
SZA,Kendrick Lamar
Kendrick Lamar,Isaiah Rashad
Kendrick Lamar,Jay Rock
Kendrick Lamar,SZA
Kendrick Lamar,Ab‐Soul
Isaiah Rashad,Jay Rock
Isaiah Rashad,SZA
Isaiah Rashad,Ab‐Soul
Jay Rock,SZA
Jay Rock,Ab‐Soul
SZA,Ab‐Soul
SZA,Felix Snow
SZA,Kendrick Lamar
Phoebe Bridgers,SZA
SZA,Khalid
SZA,Post Malone
SZA,Lorde
Khalid,Post Malone
Khalid,Lorde
Post Malone,Lorde
ScHoolboy Q,SZA
SZA,Felix Snow
Phoebe Bridgers,SZA
Travis Scott,SZA
SZA,Kendrick Lamar
Travis Scott,SZA
Travis Scott,SZA
Travis Scott,SZA
SZA,Jay Rock
ScHoolboy Q,SZA
Cardi B,SZA
Cardi B,Summer Walker
SZA,Summer Walker
Cardi B,SZA
Cardi B,Summer Walker
SZA,Summer Walker
SZA,Isaiah Rashad
OMAAR,SZA
OMAAR,Ty Dolla $ign
SZA,Ty Dolla $ign
SZA,Kendrick Lamar
Punchline,SZA
Punchline,Ab‐Soul
SZA,Ab‐Soul
SZA,Summer Walker
SZA,MoRuf
SZA,Isaiah Rashad
Towkio,SZA
Doechii,SZA
SZA,Summer Walker
Cardi B,SZA
Cardi B,Summer Walker
SZA,Summer Walker
Cardi B,SZA
Cardi B,Summer Walker
SZA,Summer Walker
Doechii,SZA
SZA,SWV
SZA,Kendrick Lamar
SWV,Kendrick Lamar
Travis Scott,SZA
Travis Scott,The Weeknd
SZA,The Weeknd
SZA,Summer Walker
Doechii,SZA
Jean Dawson,SZA
Flo Milli,Cardi B
Flo Milli,SZA
Cardi B,SZA
Doechii,SZA
Travis Scott,SZA
SZA,MoRuf
Towkio,SZA
Drake,SZA
Drake,Sexyy Red
SZA,Sexyy Red
SZA,Isaiah Rashad
SZA,Isaiah Rashad
Doechii,SZA
SZA,Summer Walker
SZA,Kendrick Lamar
Travis Scott,SZA
Travis Scott,SZA
SZA,Kendrick Lamar
Drake,SZA
Drake,Sexyy Red
SZA,Sexyy Red
ScHoolboy Q,SZA
Drake,SZA
Drake,Sexyy Red
SZA,Sexyy Red
SZA,Kendrick Lamar
Doechii,SZA
SZA,MoRuf
SZA,Kendrick Lamar
Doechii,SZA
Travis Scott,SZA
SZA,Kendrick Lamar
FERG,SZA
Travis Scott,SZA
Travis Scott,TheMusicNerdGuy
SZA,TheMusicNerdGuy
SZA,Kendrick Lamar
SZA,Jay Rock
Kendrick Lamar,Jay Rock
Future,Travis Scott
Future,SZA
Travis Scott,SZA
Future,Travis Scott
Future,SZA
Travis Scott,SZA
Justin Timberlake,SZA
Justin Bieber,SZA
Future,Travis Scott
Future,SZA
Travis Scott,SZA
Donald Glover,SZA
Donald Glover,21 Savage
SZA,21 Savage
Wale,SZA
50 Cent,SZA
Calvin Harris,SZA
SZA,Kendrick Lamar
Calvin Harris,SZA
SZA,Doja Cat
SZA,THE CARTERS
SZA,Kendrick Lamar
THE CARTERS,Kendrick Lamar
Lizzo,SZA
SZA,Doja Cat
Drake,SZA
6LACK,SZA
6LACK,Isaiah Rashad
SZA,Isaiah Rashad
Lizzo,SZA
Justin Bieber,SZA
Don Toliver,SZA
Justin Timberlake,SZA
SZA,Post Malone
SZA,Post Malone
Calvin Harris,SZA
Justin Timberlake,SZA
Lizzo,SZA
KAS,SZA
Don Toliver,SZA
SZA,Isaiah Rashad
Justin Bieber,SZA
Calvin Harris,SZA
Drake,SZA
Mac Miller,SZA
Justin Timberlake,SZA
Maroon 5,SZA
James Fauntleroy,SZA
Maroon 5,SZA
Maroon 5,SZA
Maroon 5,SZA
Maroon 5,SZA
Kingdom,SZA
James Fauntleroy,SZA
SZA,Isaiah Rashad
SZA,Isaiah Rashad
Maroon 5,SZA
Maroon 5,SZA
Childish Gambino,SZA
Childish Gambino,21 Savage
SZA,21 Savage
James Fauntleroy,SZA
Ye,4batz
Ant Clemons,Ye
Ye,Ne‐Yo
Ant Clemons,Ye
Ant Clemons,Big Sean
Ant Clemons,Ty Dolla $ign
Ye,Big Sean
Ye,Ty Dolla $ign
Big Sean,Ty Dolla $ign
Freeway,Ye
Freeway,Yasiin Bey
Ye,Yasiin Bey
Nipsey Hussle,Ye
Nipsey Hussle,toasty digital
Nipsey Hussle,Rick Ross
Ye,toasty digital
Ye,Rick Ross
toasty digital,Rick Ross
Tim G,Ye
Tim G,GLC
Tim G,Arrow Starr
Ye,GLC
Ye,Arrow Starr
GLC,Arrow Starr
Ye,Ne‐Yo
The Notorious B.I.G.,Ye
The Notorious B.I.G.,Foxy Brown
Ye,Foxy Brown
Ye,Consequence
Ye,Consequence
John Legend,Ye
John Legend,Pusha T
Ye,Pusha T
Kid Cudi,Offset
Kid Cudi,Ye
Kid Cudi,Quavo
Kid Cudi,Young Thug
Kid Cudi,Ant Clemons
Offset,Ye
Offset,Quavo
Offset,Young Thug
Offset,Ant Clemons
Ye,Quavo
Ye,Young Thug
Ye,Ant Clemons
Quavo,Young Thug
Quavo,Ant Clemons
Young Thug,Ant Clemons
Migos,Kid Cudi
Migos,Ye
Migos,Young Thug
Migos,Ant Clemons
Kid Cudi,Ye
Kid Cudi,Young Thug
Kid Cudi,Ant Clemons
Ye,Young Thug
Ye,Ant Clemons
Young Thug,Ant Clemons
Offset,Ye
Offset,Quavo
Ye,Quavo
Ye,Consequence
The‐Dream,Ye
The‐Dream,Bon Iver
Ye,Bon Iver
Ye,J.V.
Ye,Malik Yusef
J.V.,Malik Yusef
Ye,Common
Ant Clemons,Ye
Ye,toasty digital
Ye,The Weeknd
Ye,Frank Ocean
toasty digital,The Weeknd
toasty digital,Frank Ocean
The Weeknd,Frank Ocean
Ant Clemons,Ye
Ye,MF DOOM
Ye,Consequence
Offset,Ye
Offset,Kid Cudi
Offset,Quavo
Ye,Kid Cudi
Ye,Quavo
Kid Cudi,Quavo
Kid Cudi,Offset
Kid Cudi,Ye
Kid Cudi,Quavo
Kid Cudi,Young Thug
Kid Cudi,Ant Clemons
Offset,Ye
Offset,Quavo
Offset,Young Thug
Offset,Ant Clemons
Ye,Quavo
Ye,Young Thug
Ye,Ant Clemons
Quavo,Young Thug
Quavo,Ant Clemons
Young Thug,Ant Clemons
Ye,KayCyy
Ye,Consequence
Ant Clemons,Ye
Ye,YoungBoy Never Broke Again
Ye,toasty digital
Ye,The Weeknd
Ye,Frank Ocean
toasty digital,The Weeknd
toasty digital,Frank Ocean
The Weeknd,Frank Ocean
John Legend,Ye
Ye,Sunday Service Choir
Ye,KayCyy
Sunday Service Choir,KayCyy
Ye,YoungBoy Never Broke Again
Ye,toasty digital
Ye,toasty digital
Ye,Frank Ocean
toasty digital,Frank Ocean
Ye,Consequence
The Beatles,Ye
John Legend,Ye
Ye,Lauryn Hill
Ye,Sunday Service Choir
Ye,Consequence
Young Thug,Ant Clemons
Young Thug,Ye
Young Thug,Kid Cudi
Ant Clemons,Ye
Ant Clemons,Kid Cudi
Ye,Kid Cudi
Stromae,Danny Avila
Stromae,Ye
Stromae,NERVO
Danny Avila,Ye
Danny Avila,NERVO
Ye,NERVO
Ye,Meanz of Operation
Ye,Kendrick Lamar
Meanz of Operation,Kendrick Lamar
Ye,Kendrick Lamar
Ant Clemons,Ye
Ant Clemons,Nino Blu
Ye,Nino Blu
Paul McCartney,Ye
Paul McCartney,Theophilus London
Paul McCartney,Kendrick Lamar
Ye,Theophilus London
Ye,Kendrick Lamar
Theophilus London,Kendrick Lamar
Drake,John Legend
Drake,The‐Dream
Drake,Fergie
Drake,Kid Cudi
Drake,Rihanna
Drake,Ryan Leslie
Drake,Ye
Drake,Tony Williams
Drake,Elton John
Drake,Alicia Keys
Drake,Elly Jackson
Drake,Charlie Wilson
John Legend,The‐Dream
John Legend,Fergie
John Legend,Kid Cudi
John Legend,Rihanna
John Legend,Ryan Leslie
John Legend,Ye
John Legend,Tony Williams
John Legend,Elton John
John Legend,Alicia Keys
John Legend,Elly Jackson
John Legend,Charlie Wilson
The‐Dream,Fergie
The‐Dream,Kid Cudi
The‐Dream,Rihanna
The‐Dream,Ryan Leslie
The‐Dream,Ye
The‐Dream,Tony Williams
The‐Dream,Elton John
The‐Dream,Alicia Keys
The‐Dream,Elly Jackson
The‐Dream,Charlie Wilson
Fergie,Kid Cudi
Fergie,Rihanna
Fergie,Ryan Leslie
Fergie,Ye
Fergie,Tony Williams
Fergie,Elton John
Fergie,Alicia Keys
Fergie,Elly Jackson
Fergie,Charlie Wilson
Kid Cudi,Rihanna
Kid Cudi,Ryan Leslie
Kid Cudi,Ye
Kid Cudi,Tony Williams
Kid Cudi,Elton John
Kid Cudi,Alicia Keys
Kid Cudi,Elly Jackson
Kid Cudi,Charlie Wilson
Rihanna,Ryan Leslie
Rihanna,Ye
Rihanna,Tony Williams
Rihanna,Elton John
Rihanna,Alicia Keys
Rihanna,Elly Jackson
Rihanna,Charlie Wilson
Ryan Leslie,Ye
Ryan Leslie,Tony Williams
Ryan Leslie,Elton John
Ryan Leslie,Alicia Keys
Ryan Leslie,Elly Jackson
Ryan Leslie,Charlie Wilson
Ye,Tony Williams
Ye,Elton John
Ye,Alicia Keys
Ye,Elly Jackson
Ye,Charlie Wilson
Tony Williams,Elton John
Tony Williams,Alicia Keys
Tony Williams,Elly Jackson
Tony Williams,Charlie Wilson
Elton John,Alicia Keys
Elton John,Elly Jackson
Elton John,Charlie Wilson
Alicia Keys,Elly Jackson
Alicia Keys,Charlie Wilson
Elly Jackson,Charlie Wilson
Ye,James Blake
Ye,Syleena Johnson
2 Chainz,Paul McCartney
2 Chainz,Ye
2 Chainz,Kendrick Lamar
2 Chainz,Theophilus London
Paul McCartney,Ye
Paul McCartney,Kendrick Lamar
Paul McCartney,Theophilus London
Ye,Kendrick Lamar
Ye,Theophilus London
Kendrick Lamar,Theophilus London
Drake,Ye
Drake,Tony Williams
Ye,Tony Williams
John Legend,Ye
John Legend,Ye
Ye,Rihanna
Ye,Kendrick Lamar
Stromae,Ye
Ye,Allan Kingdom
Ye,Theophilus London
Allan Kingdom,Theophilus London
Lil Wayne,Ye
Lil Wayne,Big Sean
Lil Wayne,Drake
Ye,Big Sean
Ye,Drake
Big Sean,Drake
Ye,James Blake
Ye,Rihanna
Ye,Lauryn Hill
Ye,Syleena Johnson
Ye,Go Periscope
Ye,Common
Ye,Beat Connection
Ye,Dreamtrak Diamond Sound
Go Periscope,Common
Go Periscope,Beat Connection
Go Periscope,Dreamtrak Diamond Sound
Common,Beat Connection
Common,Dreamtrak Diamond Sound
Beat Connection,Dreamtrak Diamond Sound
Ye,Big Sean
Ye,Mesto
Ye,Joel Fletcher
Ye,Jay Hardway
Mesto,Joel Fletcher
Mesto,Jay Hardway
Joel Fletcher,Jay Hardway
Ye,Syleena Johnson
Ye,Syleena Johnson
Ye,Syleena Johnson
The‐Dream,The Weeknd
The‐Dream,Ye
The‐Dream,Quavo
The‐Dream,Big Sean
The Weeknd,Ye
The Weeknd,Quavo
The Weeknd,Big Sean
Ye,Quavo
Ye,Big Sean
Quavo,Big Sean
Ye,Kid Cudi
Christina,Ye
Christina,M. Taji
Ye,M. Taji
2 Chainz,Paul McCartney
2 Chainz,Ye
2 Chainz,Allan Kingdom
2 Chainz,Kendrick Lamar
2 Chainz,Theophilus London
Paul McCartney,Ye
Paul McCartney,Allan Kingdom
Paul McCartney,Kendrick Lamar
Paul McCartney,Theophilus London
Ye,Allan Kingdom
Ye,Kendrick Lamar
Ye,Theophilus London
Allan Kingdom,Kendrick Lamar
Allan Kingdom,Theophilus London
Kendrick Lamar,Theophilus London
Ye,Rihanna
Stromae,Ye
Stromae,Gilbere Forté
Ye,Gilbere Forté
Ye,Syleena Johnson
Ye,Lauryn Hill
Uniting Voices,Chance the Rapper
Uniting Voices,Ye
Chance the Rapper,Ye
Ye,Syleena Johnson
Ye,Lauryn Hill
Stromae,Ye
Stromae,Gilbere Forté
Ye,Gilbere Forté
Paul McCartney,Ye
Paul McCartney,Allan Kingdom
Paul McCartney,Theophilus London
Ye,Allan Kingdom
Ye,Theophilus London
Allan Kingdom,Theophilus London
Ye,Kendrick Lamar
Ye,Syleena Johnson
T.I.,Ye
Stromae,Ye
Paul McCartney,Ye
Paul McCartney,Allan Kingdom
Paul McCartney,Theophilus London
Ye,Allan Kingdom
Ye,Theophilus London
Allan Kingdom,Theophilus London
Ye,Big Sean
Stromae,Ye
Stromae,Gilbere Forté
Ye,Gilbere Forté
Ant Clemons,Ye
Estelle,Ye
Estelle,Ye
Estelle,Ye
Estelle,Ye
Ye,James Blake
Ye,Jeezy
Ye,Pusha T
Jeezy,Pusha T
Estelle,Busta Rhymes
Estelle,Ye
Busta Rhymes,Ye
Estelle,Ye
Estelle,Ye
Estelle,Ye
Ye,James Blake
Ye,Jeezy
Ye,Don Toliver
Ye,James Blake
Don Toliver,James Blake
Estelle,Ye
Estelle,Ye
Estelle,Ye
Estelle,Ye
Ye,Mr Hudson
Ghostface Killah,Ye
Ghostface Killah,Ne‐Yo
Ye,Ne‐Yo
Estelle,Ye
Estelle,Ye
Ye,Common
Estelle,Ye
Estelle,Ye
Estelle,Ye
Estelle,Sade
Ye,Sade
Estelle,Ye
Ye,Patti LaBelle
Ye,Consequence
Patti LaBelle,Consequence
Estelle,Ye
Estelle,Lost Frequencies
Ye,Lost Frequencies
Ye,toasty digital
Ye,Frank Ocean
toasty digital,Frank Ocean
Estelle,Ye
Skinhead Rob,Lil Wayne
Skinhead Rob,Tyga
Skinhead Rob,Travie McCoy
Skinhead Rob,Paul Wall
Skinhead Rob,Fall Out Boy
Skinhead Rob,Ye
Skinhead Rob,Lupe Fiasco
Lil Wayne,Tyga
Lil Wayne,Travie McCoy
Lil Wayne,Paul Wall
Lil Wayne,Fall Out Boy
Lil Wayne,Ye
Lil Wayne,Lupe Fiasco
Tyga,Travie McCoy
Tyga,Paul Wall
Tyga,Fall Out Boy
Tyga,Ye
Tyga,Lupe Fiasco
Travie McCoy,Paul Wall
Travie McCoy,Fall Out Boy
Travie McCoy,Ye
Travie McCoy,Lupe Fiasco
Paul Wall,Fall Out Boy
Paul Wall,Ye
Paul Wall,Lupe Fiasco
Fall Out Boy,Ye
Fall Out Boy,Lupe Fiasco
Ye,Lupe Fiasco
Ye,The Go Getters
Ye,Jeezy
Ye,The World Famous Tony Williams
Ye,Mary Mary
Ye,Patti LaBelle
Ye,Consequence
Mary Mary,Patti LaBelle
Mary Mary,Consequence
Patti LaBelle,Consequence
Ghostface Killah,Ye
Ghostface Killah,Ne‐Yo
Ye,Ne‐Yo
Estelle,Ye
Estelle,Ye
Estelle,Ye
The Beatles,Ye
Estelle,Ye
Chance the Rapper,Ye
Ye,Common
Estelle,Ye
Ye,Martin Lawrence
Estelle,Ye
Ye,Ghostface Killah
Ye,Ne‐Yo
Ghostface Killah,Ne‐Yo
Estelle,Ye
Ye,Patti LaBelle
Ye,Consequence
Patti LaBelle,Consequence
Estelle,Ye
Estelle,Ye
Ghostface Killah,Ye
Ghostface Killah,Ne‐Yo
Ye,Ne‐Yo
Ye,Tony Williams
Ye,Tony Williams
Lil Wayne,Skinhead Rob
Lil Wayne,Tyga
Lil Wayne,Travie McCoy
Lil Wayne,Paul Wall
Lil Wayne,Fall Out Boy
Lil Wayne,Ye
Lil Wayne,Lupe Fiasco
Skinhead Rob,Tyga
Skinhead Rob,Travie McCoy
Skinhead Rob,Paul Wall
Skinhead Rob,Fall Out Boy
Skinhead Rob,Ye
Skinhead Rob,Lupe Fiasco
Tyga,Travie McCoy
Tyga,Paul Wall
Tyga,Fall Out Boy
Tyga,Ye
Tyga,Lupe Fiasco
Travie McCoy,Paul Wall
Travie McCoy,Fall Out Boy
Travie McCoy,Ye
Travie McCoy,Lupe Fiasco
Paul Wall,Fall Out Boy
Paul Wall,Ye
Paul Wall,Lupe Fiasco
Fall Out Boy,Ye
Fall Out Boy,Lupe Fiasco
Ye,Lupe Fiasco
Ye,Jeezy
Ye,JYJ
Ye,Malik Yusef
JYJ,Malik Yusef
Estelle,Ye
Estelle,Ye
Ye,Jeezy
Ye,Pusha T
Jeezy,Pusha T
Estelle,Ye
Mascarade,Samantha Stevens
Mascarade,Ye
Samantha Stevens,Ye
Ye,Jeezy
Ye,Pusha T
Jeezy,Pusha T
¥$,Ty Dolla $ign
¥$,Ye
Ty Dolla $ign,Ye
Estelle,Ye
Estelle,Ye
Cano & Valence,Ye
Cano & Valence,Juice WRLD
Ye,Juice WRLD
Estelle,Ye
Ye,Mr Hudson
Estelle,Ye
Estelle,Ye
Ye,2 Chainz
The‐Dream,Ye
Lil Wayne,Ye
Lil Wayne,2 Chainz
Ye,2 Chainz
KRS‐One,Ye
KRS‐One,Nas
Ye,Nas
Ye,2 Chainz
Ye,Common
Ye,Common
Ye,Ne‐Yo
Ye,Common
Young Thug,Ye
Ye,Ne‐Yo
Ye,Common
Ye,Madonna
Ye,2 Chainz
Ye,Ne‐Yo
Ye,2 Chainz
Ye,Common
Lil Wayne,Ye
Ye,Common
Ye,Ne‐Yo
The Game,Ye
The Game,Ludacris
Ye,Ludacris
Ye,Common
Lil Wayne,Ye
Ye,GLC
Ye,2 Chainz
Ye,Amerigo Gazaway
Vince Staples,Ye
The Beatles,Ye
KRS‐One,Ye
KRS‐One,Nas
Ye,Nas
Ye,Ne‐Yo
Ye,Common
Ye,2 Chainz
Ye,The Game
Ye,Ludacris
The Game,Ludacris
Lil Wayne,Ye
Lil Wayne,Ye
KRS‐One,Ye
KRS‐One,Nas
Ye,Nas
Ye,Juicy J
Mase,Ye
Ye,Common
Ye,2 Chainz
Ye,Common
JAY‐Z,Ye
Ye,Common
KRS‐One,Ye
KRS‐One,Nas
Ye,Nas
Ye,Buju Banton
Ye,Amerigo Gazaway
Ye,2 Chainz
Ye,Madonna
Ye,Madonna
Ye,2 Chainz
Ye,2 Chainz
Lil Wayne,Ye
Ye,Ne‐Yo
Ye,Joe Budden
Ne‐Yo,Joe Budden
Drake,Ye
Drake,Big Sean
Ye,Big Sean
Ye,John Mayer
Drake,Ye
Drake,Big Sean
Ye,Big Sean
Rhymefest,Ye
Nicki Minaj,Ye
Ye,John Mayer
Rhymefest,Ye
Charlie Wilson,Ye
Charlie Wilson,Rick Ross
Ye,Rick Ross
Keyshia Cole,Ye
Keyshia Cole,John Mayer
Ye,John Mayer
Charlie Wilson,Ye
Charlie Wilson,Rick Ross
Ye,Rick Ross
Ye,Ludacris
Rhymefest,Ye
Ye,Ludacris
John Legend,Ye
Paul Nice,Ye
Drake,Ye
Drake,Big Sean
Ye,Big Sean
Lil Wayne,Ye
Lil Wayne,Little Brother
Ye,Little Brother
Ye,Thundercat
Drake,Ye
Drake,Big Sean
Ye,Big Sean
Rhymefest,Ye
Ye,James Blake
Rhymefest,Ye
Rhymefest,Ye
Ye,A$AP Rocky
Ye,Doja Cat
A$AP Rocky,Doja Cat
Rhymefest,Ye
John Legend,Ye
Ye,toasty digital
Ye,MC Ride
toasty digital,MC Ride
Rhymefest,Ye
JAY‐Z,Ye
JAY‐Z,Frank Ocean
JAY‐Z,toasty digital
JAY‐Z,Baby Keem
Ye,Frank Ocean
Ye,toasty digital
Ye,Baby Keem
Frank Ocean,toasty digital
Frank Ocean,Baby Keem
toasty digital,Baby Keem
Yuno Miles,Ye
Yuno Miles,Chicago West
Yuno Miles,North West
Ye,Chicago West
Ye,North West
Chicago West,North West
Charlie Wilson,John Legend
Charlie Wilson,Ye
John Legend,Ye
Dr. Donda West,Ye
Dr. Donda West,Pusha T
Ye,Pusha T
Ye,Ludacris
Rhymefest,Ye
Ye,toasty digital
Ye,The Game
Ye,Ludacris
The Game,Ludacris
Keyshia Cole,Ye
Keyshia Cole,John Mayer
Ye,John Mayer
Ye,Ludacris
Ye,Malik Yusef
Nicki Minaj,Ye
Rhymefest,Ye
Ye,John Mayer
Ye,John Mayer
Drake,Ye
Drake,Big Sean
Ye,Big Sean
Ye,Ludacris
Ye,James Blake
Paul Nice,Ye
Ye,The Game
Nicki Minaj,Ye
Ye,Lupe Fiasco
Ye,Travis Scott
Ye,Miley Cyrus
Lupe Fiasco,Travis Scott
Lupe Fiasco,Miley Cyrus
Travis Scott,Miley Cyrus
Ye,Ludacris
JAY‐Z,Ye
Brandy,Ye
Lil Wayne,Busta Rhymes
Lil Wayne,Ye
Busta Rhymes,Ye
Ye,Travis Scott
Ye,KIRBY
Travis Scott,KIRBY
Ye,T‐Pain
Ye,Mykki Blanco
Ye,Jeezy
Ye,Slick Pulla
Jeezy,Slick Pulla
Ye,T‐Pain
Ye,Theophilus London
Shenseea,Ye
Brandy,Ye
Lil Wayne,Busta Rhymes
Lil Wayne,Ye
Lil Wayne,Jeezy
Busta Rhymes,Ye
Busta Rhymes,Jeezy
Ye,Jeezy
John Legend,Ye
JAY‐Z,Ye
Xavier Aeon,Ye
Xavier Aeon,Pharcity
Ye,Pharcity
Charlie Wilson,Ye
Ye,Sean Leon
Ye,Jeezy
Ye,Travis Scott
¥$,Ty Dolla $ign
¥$,Ye
Ty Dolla $ign,Ye
Ye,Jeezy
Ye,T‐Pain
Myleka,Ye
Brandy,Ye
Shenseea,Ye
Shenseea,Don Toliver
Ye,Don Toliver
Trey Songz,Ye
Trey Songz,T‐Pain
Trey Songz,UGK
Ye,T‐Pain
Ye,UGK
T‐Pain,UGK
Ye,Travis Scott
Godsmack,Ye
Ye,Malik Yusef
Jermaine Dupri,Jeezy
Jermaine Dupri,Ye
Jeezy,Ye
Ye,T‐Pain
Brandy,Ye
Ye,Jeezy
Freeway,Ye
Freeway,Beanie Sigel
Ye,Beanie Sigel
Ye,Jeezy
Ye,Fabolous
Jeezy,Fabolous
Ant Clemons,Ye
Ye,T‐Pain
Ye,Jeezy
Ye,Theophilus London
Ye,T‐Pain
¥$,Ty Dolla $ign
¥$,Ye
Ty Dolla $ign,Ye
Ye,Prinz Pi
The‐Dream,Ye
The‐Dream,Bon Iver
The‐Dream,Tony Williams
Ye,Bon Iver
Ye,Tony Williams
Bon Iver,Tony Williams
Yo Gotti,2 Chainz
Yo Gotti,Ye
Yo Gotti,Quavo
Yo Gotti,Big Sean
2 Chainz,Ye
2 Chainz,Quavo
2 Chainz,Big Sean
Ye,Quavo
Ye,Big Sean
Quavo,Big Sean
Ye,Sunday Service Choir
Ye,Nikki Grier
Sunday Service Choir,Nikki Grier
Ye,Jeremih
CHOPS,Ye
The‐Dream,Ye
The‐Dream,Ant Clemons
Ye,Ant Clemons
CHOPS,Ye
¥$,Ty Dolla $ign
¥$,Ye
Ty Dolla $ign,Ye
Teyana Taylor,Ye
Teyana Taylor,Cyhi
Ye,Cyhi
Rhymefest,Ye
Rhymefest,Twista
Ye,Twista
JAY‐Z,Ye
JAY‐Z,T‐Pain
Ye,T‐Pain
KRS‐One,Ye
KRS‐One,Nas
KRS‐One,Rakim
Ye,Nas
Ye,Rakim
Nas,Rakim
2 Chainz,Yo Gotti
2 Chainz,Gucci Mane
2 Chainz,Ye
2 Chainz,Quavo
2 Chainz,Desiigner
2 Chainz,Travis Scott
2 Chainz,Big Sean
Yo Gotti,Gucci Mane
Yo Gotti,Ye
Yo Gotti,Quavo
Yo Gotti,Desiigner
Yo Gotti,Travis Scott
Yo Gotti,Big Sean
Gucci Mane,Ye
Gucci Mane,Quavo
Gucci Mane,Desiigner
Gucci Mane,Travis Scott
Gucci Mane,Big Sean
Ye,Quavo
Ye,Desiigner
Ye,Travis Scott
Ye,Big Sean
Quavo,Desiigner
Quavo,Travis Scott
Quavo,Big Sean
Desiigner,Travis Scott
Desiigner,Big Sean
Travis Scott,Big Sean
Desiigner,The‐Dream
Desiigner,Ye
Desiigner,Ant Clemons
The‐Dream,Ye
The‐Dream,Ant Clemons
Ye,Ant Clemons
Ant Clemons,Ye
Twista,Ye
Ye,Aphex Twin
Ye,Young Edits
Aphex Twin,Young Edits
Migos,Ye
Migos,Yo Gotti
Ye,Yo Gotti
Ye,Alicia Keys
Ye,Fivio Foreign
Alicia Keys,Fivio Foreign
Ye,Damon Dash
John Legend,Kid Cudi
John Legend,Pusha T
John Legend,Ryan Leslie
John Legend,Ye
John Legend,Lloyd Banks
Kid Cudi,Pusha T
Kid Cudi,Ryan Leslie
Kid Cudi,Ye
Kid Cudi,Lloyd Banks
Pusha T,Ryan Leslie
Pusha T,Ye
Pusha T,Lloyd Banks
Ryan Leslie,Ye
Ryan Leslie,Lloyd Banks
Ye,Lloyd Banks
Kenny G,Ant Clemons
Kenny G,Ye
Kenny G,Styles P
Ant Clemons,Ye
Ant Clemons,Styles P
Ye,Styles P
KRS‐One,Ye
KRS‐One,Nas
KRS‐One,Rakim
Ye,Nas
Ye,Rakim
Nas,Rakim
John Legend,Kid Cudi
John Legend,Pusha T
John Legend,Ryan Leslie
John Legend,Ye
John Legend,Lloyd Banks
Kid Cudi,Pusha T
Kid Cudi,Ryan Leslie
Kid Cudi,Ye
Kid Cudi,Lloyd Banks
Pusha T,Ryan Leslie
Pusha T,Ye
Pusha T,Lloyd Banks
Ryan Leslie,Ye
Ryan Leslie,Lloyd Banks
Ye,Lloyd Banks
KRS‐One,Ye
KRS‐One,Nas
KRS‐One,Rakim
Ye,Nas
Ye,Rakim
Nas,Rakim
2 Chainz,Yo Gotti
2 Chainz,Gucci Mane
2 Chainz,Ye
2 Chainz,Quavo
2 Chainz,Desiigner
2 Chainz,Travis Scott
2 Chainz,Big Sean
Yo Gotti,Gucci Mane
Yo Gotti,Ye
Yo Gotti,Quavo
Yo Gotti,Desiigner
Yo Gotti,Travis Scott
Yo Gotti,Big Sean
Gucci Mane,Ye
Gucci Mane,Quavo
Gucci Mane,Desiigner
Gucci Mane,Travis Scott
Gucci Mane,Big Sean
Ye,Quavo
Ye,Desiigner
Ye,Travis Scott
Ye,Big Sean
Quavo,Desiigner
Quavo,Travis Scott
Quavo,Big Sean
Desiigner,Travis Scott
Desiigner,Big Sean
Travis Scott,Big Sean
Ant Clemons,Ye
Ant Clemons,Ye
Beanie Sigel,Cam’ron
Beanie Sigel,Ye
Beanie Sigel,Young Chris
Beanie Sigel,Damon Dash
Beanie Sigel,Twista
Cam’ron,Ye
Cam’ron,Young Chris
Cam’ron,Damon Dash
Cam’ron,Twista
Ye,Young Chris
Ye,Damon Dash
Ye,Twista
Young Chris,Damon Dash
Young Chris,Twista
Damon Dash,Twista
Ye,Talib Kweli
Ye,Consequence
Talib Kweli,Consequence
Beanie Sigel,Cam’ron
Beanie Sigel,Ye
Beanie Sigel,Young Chris
Beanie Sigel,Damon Dash
Beanie Sigel,Twista
Cam’ron,Ye
Cam’ron,Young Chris
Cam’ron,Damon Dash
Cam’ron,Twista
Ye,Young Chris
Ye,Damon Dash
Ye,Twista
Young Chris,Damon Dash
Young Chris,Twista
Damon Dash,Twista
Yo Gotti,2 Chainz
Yo Gotti,Ye
Yo Gotti,Quavo
Yo Gotti,Big Sean
2 Chainz,Ye
2 Chainz,Quavo
2 Chainz,Big Sean
Ye,Quavo
Ye,Big Sean
Quavo,Big Sean
Kenny G,Ant Clemons
Kenny G,Ye
Kenny G,Styles P
Ant Clemons,Ye
Ant Clemons,Styles P
Ye,Styles P
R.O.C.,Ye
Ye,Common
The‐Dream,Kid Cudi
The‐Dream,Ty Dolla $ign
The‐Dream,Ye
The‐Dream,Jeremih
The‐Dream,Ant Clemons
The‐Dream,070 Shake
The‐Dream,Teyana Taylor
Kid Cudi,Ty Dolla $ign
Kid Cudi,Ye
Kid Cudi,Jeremih
Kid Cudi,Ant Clemons
Kid Cudi,070 Shake
Kid Cudi,Teyana Taylor
Ty Dolla $ign,Ye
Ty Dolla $ign,Jeremih
Ty Dolla $ign,Ant Clemons
Ty Dolla $ign,070 Shake
Ty Dolla $ign,Teyana Taylor
Ye,Jeremih
Ye,Ant Clemons
Ye,070 Shake
Ye,Teyana Taylor
Jeremih,Ant Clemons
Jeremih,070 Shake
Jeremih,Teyana Taylor
Ant Clemons,070 Shake
Ant Clemons,Teyana Taylor
070 Shake,Teyana Taylor
¥$,Ty Dolla $ign
¥$,Ye
Ty Dolla $ign,Ye
John Legend,Kid Cudi
John Legend,Pusha T
John Legend,Ryan Leslie
John Legend,Ye
John Legend,Lloyd Banks
Kid Cudi,Pusha T
Kid Cudi,Ryan Leslie
Kid Cudi,Ye
Kid Cudi,Lloyd Banks
Pusha T,Ryan Leslie
Pusha T,Ye
Pusha T,Lloyd Banks
Ryan Leslie,Ye
Ryan Leslie,Lloyd Banks
Ye,Lloyd Banks
Ye,GLC
Ye,Malik Yusef
Ye,J.V.
Ye,MaxaMillion
Ye,Really Doe
GLC,Malik Yusef
GLC,J.V.
GLC,MaxaMillion
GLC,Really Doe
Malik Yusef,J.V.
Malik Yusef,MaxaMillion
Malik Yusef,Really Doe
J.V.,MaxaMillion
J.V.,Really Doe
MaxaMillion,Really Doe
Ye,Lupe Fiasco
Ye,Joy Denalane
Lupe Fiasco,Joy Denalane
The‐Dream,Kid Cudi
The‐Dream,Ty Dolla $ign
The‐Dream,Ye
The‐Dream,Ant Clemons
The‐Dream,Desiigner
The‐Dream,070 Shake
The‐Dream,Teyana Taylor
Kid Cudi,Ty Dolla $ign
Kid Cudi,Ye
Kid Cudi,Ant Clemons
Kid Cudi,Desiigner
Kid Cudi,070 Shake
Kid Cudi,Teyana Taylor
Ty Dolla $ign,Ye
Ty Dolla $ign,Ant Clemons
Ty Dolla $ign,Desiigner
Ty Dolla $ign,070 Shake
Ty Dolla $ign,Teyana Taylor
Ye,Ant Clemons
Ye,Desiigner
Ye,070 Shake
Ye,Teyana Taylor
Ant Clemons,Desiigner
Ant Clemons,070 Shake
Ant Clemons,Teyana Taylor
Desiigner,070 Shake
Desiigner,Teyana Taylor
070 Shake,Teyana Taylor
KRS‐One,Ye
KRS‐One,Nas
KRS‐One,Rakim
Ye,Nas
Ye,Rakim
Nas,Rakim
Beanie Sigel,Cam’ron
Beanie Sigel,Ye
Beanie Sigel,Young Chris
Beanie Sigel,Damon Dash
Beanie Sigel,Twista
Cam’ron,Ye
Cam’ron,Young Chris
Cam’ron,Damon Dash
Cam’ron,Twista
Ye,Young Chris
Ye,Damon Dash
Ye,Twista
Young Chris,Damon Dash
Young Chris,Twista
Damon Dash,Twista
CHOPS,Ye
2 Chainz,Yo Gotti
2 Chainz,Gucci Mane
2 Chainz,Ye
2 Chainz,070 Shake
2 Chainz,Quavo
2 Chainz,Desiigner
2 Chainz,Travis Scott
2 Chainz,Big Sean
2 Chainz,Teyana Taylor
Yo Gotti,Gucci Mane
Yo Gotti,Ye
Yo Gotti,070 Shake
Yo Gotti,Quavo
Yo Gotti,Desiigner
Yo Gotti,Travis Scott
Yo Gotti,Big Sean
Yo Gotti,Teyana Taylor
Gucci Mane,Ye
Gucci Mane,070 Shake
Gucci Mane,Quavo
Gucci Mane,Desiigner
Gucci Mane,Travis Scott
Gucci Mane,Big Sean
Gucci Mane,Teyana Taylor
Ye,070 Shake
Ye,Quavo
Ye,Desiigner
Ye,Travis Scott
Ye,Big Sean
Ye,Teyana Taylor
070 Shake,Quavo
070 Shake,Desiigner
070 Shake,Travis Scott
070 Shake,Big Sean
070 Shake,Teyana Taylor
Quavo,Desiigner
Quavo,Travis Scott
Quavo,Big Sean
Quavo,Teyana Taylor
Desiigner,Travis Scott
Desiigner,Big Sean
Desiigner,Teyana Taylor
Travis Scott,Big Sean
Travis Scott,Teyana Taylor
Big Sean,Teyana Taylor
KRS‐One,Ye
KRS‐One,Nas
KRS‐One,Rakim
Ye,Nas
Ye,Rakim
Nas,Rakim
Ye,Talib Kweli
Ye,Consequence
Talib Kweli,Consequence
The‐Dream,Kid Cudi
The‐Dream,Ty Dolla $ign
The‐Dream,Ye
The‐Dream,Desiigner
The‐Dream,070 Shake
Kid Cudi,Ty Dolla $ign
Kid Cudi,Ye
Kid Cudi,Desiigner
Kid Cudi,070 Shake
Ty Dolla $ign,Ye
Ty Dolla $ign,Desiigner
Ty Dolla $ign,070 Shake
Ye,Desiigner
Ye,070 Shake
Desiigner,070 Shake
CHOPS,Ye
Jim Jones,Cam’ron
Jim Jones,Pusha T
Jim Jones,Ye
Jim Jones,Vado
Jim Jones,Musiq Soulchild
Jim Jones,Cyhi
Jim Jones,Big Sean
Jim Jones,Teyana Taylor
Cam’ron,Pusha T
Cam’ron,Ye
Cam’ron,Vado
Cam’ron,Musiq Soulchild
Cam’ron,Cyhi
Cam’ron,Big Sean
Cam’ron,Teyana Taylor
Pusha T,Ye
Pusha T,Vado
Pusha T,Musiq Soulchild
Pusha T,Cyhi
Pusha T,Big Sean
Pusha T,Teyana Taylor
Ye,Vado
Ye,Musiq Soulchild
Ye,Cyhi
Ye,Big Sean
Ye,Teyana Taylor
Vado,Musiq Soulchild
Vado,Cyhi
Vado,Big Sean
Vado,Teyana Taylor
Musiq Soulchild,Cyhi
Musiq Soulchild,Big Sean
Musiq Soulchild,Teyana Taylor
Cyhi,Big Sean
Cyhi,Teyana Taylor
Big Sean,Teyana Taylor
Beanie Sigel,Cam’ron
Beanie Sigel,Ye
Beanie Sigel,Young Chris
Beanie Sigel,Damon Dash
Beanie Sigel,Twista
Cam’ron,Ye
Cam’ron,Young Chris
Cam’ron,Damon Dash
Cam’ron,Twista
Ye,Young Chris
Ye,Damon Dash
Ye,Twista
Young Chris,Damon Dash
Young Chris,Twista
Damon Dash,Twista
Kenny G,Ant Clemons
Kenny G,Ye
Ant Clemons,Ye
Jim Jones,Cam’ron
Jim Jones,Pusha T
Jim Jones,Ye
Jim Jones,Vado
Jim Jones,Musiq Soulchild
Jim Jones,Cyhi
Jim Jones,Big Sean
Jim Jones,Teyana Taylor
Cam’ron,Pusha T
Cam’ron,Ye
Cam’ron,Vado
Cam’ron,Musiq Soulchild
Cam’ron,Cyhi
Cam’ron,Big Sean
Cam’ron,Teyana Taylor
Pusha T,Ye
Pusha T,Vado
Pusha T,Musiq Soulchild
Pusha T,Cyhi
Pusha T,Big Sean
Pusha T,Teyana Taylor
Ye,Vado
Ye,Musiq Soulchild
Ye,Cyhi
Ye,Big Sean
Ye,Teyana Taylor
Vado,Musiq Soulchild
Vado,Cyhi
Vado,Big Sean
Vado,Teyana Taylor
Musiq Soulchild,Cyhi
Musiq Soulchild,Big Sean
Musiq Soulchild,Teyana Taylor
Cyhi,Big Sean
Cyhi,Teyana Taylor
Big Sean,Teyana Taylor
KRS‐One,Ye
KRS‐One,Nas
KRS‐One,Rakim
Ye,Nas
Ye,Rakim
Nas,Rakim
CHOPS,Ye
Usher,Ye
Usher,Shyne
Usher,Twista
Ye,Shyne
Ye,Twista
Shyne,Twista
Ye,The Game
Ye,Justin Vernon
Usher,Ye
Usher,Twista
Ye,Twista
JAY‐Z,Ye
JAY‐Z,Big Sean
Ye,Big Sean
Ye,The Game
T.I.,JAY‐Z
T.I.,Ye
T.I.,Big Sean
JAY‐Z,Ye
JAY‐Z,Big Sean
Ye,Big Sean
Ye,Aura
Ye,Clipse
Aura,Clipse
DJ Khaled,Ye
JAY‐Z,Ye
Dr. Dre,Ye
Dr. Dre,Anderson .Paak
Ye,Anderson .Paak
Ye,Lupe Fiasco
Ye,Pharrell Williams
Lupe Fiasco,Pharrell Williams
DJ Khaled,Ye
Cyhi,Ye
Ye,Common
Ye,Aura
Ye,Clipse
Aura,Clipse
Ye,The Game
Usher,Twista
Usher,Ye
Twista,Ye
Ye,Consequence
Ye,Fivio Foreign
Ye,Flight Facilities
Ye,Raheem DeVaughn
Ye,Malik Yusef
Ye,Bun B
Ye,Kumasi
Raheem DeVaughn,Malik Yusef
Raheem DeVaughn,Bun B
Raheem DeVaughn,Kumasi
Malik Yusef,Bun B
Malik Yusef,Kumasi
Bun B,Kumasi
Jaden,6LACK
Jaden,Travis Scott
Jaden,Ye
6LACK,Travis Scott
6LACK,Ye
Travis Scott,Ye
Ye,Consequence
KRS‐One,Ye
KRS‐One,Nas
KRS‐One,Rakim
Ye,Nas
Ye,Rakim
Nas,Rakim
Ye,Don Toliver
Ye,Common
Ye,GLC
Ye,Twista
GLC,Twista
Ye,Graph
Ye,The Game
Usher,Twista
Usher,Ye
Usher,Shyne
Twista,Ye
Twista,Shyne
Ye,Shyne
DJ Khaled,Ye
JAY‐Z,Ye
JAY‐Z,Big Sean
Ye,Big Sean
Usher,Ye
Usher,Shyne
Usher,Twista
Ye,Shyne
Ye,Twista
Shyne,Twista
Ye,Fivio Foreign
Ye,Albe Back
Fivio Foreign,Albe Back
Ye,The Game
JAY‐Z,Ye
JAY‐Z,Big Sean
Ye,Big Sean
Ye,The Game
Ye,G.O.O.D. Music
Ye,Nas
Ye,toasty digital
JAY‐Z,Ye
JAY‐Z,Big Sean
Ye,Big Sean
KRS‐One,Ye
KRS‐One,Nas
KRS‐One,Rakim
Ye,Nas
Ye,Rakim
Nas,Rakim
JAY‐Z,Ye
JAY‐Z,Big Sean
Ye,Big Sean
"Tyler, The Creator",Ye
Drake,vvsvlogs
Drake,Ye
Drake,MrBeast
vvsvlogs,Ye
vvsvlogs,MrBeast
Ye,MrBeast
Twista,Ye
Ye,Common
JAY‐Z,Ye
Drake,Fabolous
Drake,T.I.
Drake,Ye
Drake,Rick Ross
Drake,André 3000
Drake,Chris Brown
Fabolous,T.I.
Fabolous,Ye
Fabolous,Rick Ross
Fabolous,André 3000
Fabolous,Chris Brown
T.I.,Ye
T.I.,Rick Ross
T.I.,André 3000
T.I.,Chris Brown
Ye,Rick Ross
Ye,André 3000
Ye,Chris Brown
Rick Ross,André 3000
Rick Ross,Chris Brown
André 3000,Chris Brown
Ye,Vory
Drake,Ye
Drake,André 3000
Drake,Chris Brown
Ye,André 3000
Ye,Chris Brown
André 3000,Chris Brown
Ye,Jeen
Ye,Kendrick Lamar
Ye,Pusha T
Jeen,Kendrick Lamar
Jeen,Pusha T
Kendrick Lamar,Pusha T
Ye,Cam’ron
JAY‐Z,Ye
Drake,OutKast
Drake,Fabolous
Drake,T.I.
Drake,Ye
Drake,Chris Brown
OutKast,Fabolous
OutKast,T.I.
OutKast,Ye
OutKast,Chris Brown
Fabolous,T.I.
Fabolous,Ye
Fabolous,Chris Brown
T.I.,Ye
T.I.,Chris Brown
Ye,Chris Brown
JAY‐Z,Ye
Lil Wayne,Ye
Busta Rhymes,Ye
Busta Rhymes,Ludacris
Ye,Ludacris
Ye,Vory
Drake,The‐Dream
Drake,Ye
Drake,Jamie Foxx
The‐Dream,Ye
The‐Dream,Jamie Foxx
Ye,Jamie Foxx
JAY‐Z,Ye
Ryan Leslie,Ye
Ye,Mikkey Halsted
Drake,The‐Dream
Drake,Ye
Drake,Jamie Foxx
The‐Dream,Ye
The‐Dream,Jamie Foxx
Ye,Jamie Foxx
Jim Jones,Ye
Jim Jones,Cam’ron
Ye,Cam’ron
Drake,Fabolous
Drake,T.I.
Drake,Ye
Drake,Rick Ross
Drake,André 3000
Drake,Chris Brown
Fabolous,T.I.
Fabolous,Ye
Fabolous,Rick Ross
Fabolous,André 3000
Fabolous,Chris Brown
T.I.,Ye
T.I.,Rick Ross
T.I.,André 3000
T.I.,Chris Brown
Ye,Rick Ross
Ye,André 3000
Ye,Chris Brown
Rick Ross,André 3000
Rick Ross,Chris Brown
André 3000,Chris Brown
JAY‐Z,Ye
Ye,Rick Ross
JAY‐Z,Ye
JAY‐Z,Ye
Ye,Teairra Marí
Drake,Ye
Drake,Chris Brown
Drake,Lil Wayne
Ye,Chris Brown
Ye,Lil Wayne
Chris Brown,Lil Wayne
JAY‐Z,Ye
Drake,Ye
Drake,Chris Brown
Ye,Chris Brown
Ye,Rick Ross
JAY‐Z,Ye
Ye,Rihanna
The‐Dream,Ye
The‐Dream,Jamie Foxx
Ye,Jamie Foxx
JAY‐Z,Ye
JAY‐Z,Ye
Drake,The‐Dream
Drake,Ye
Drake,Jamie Foxx
The‐Dream,Ye
The‐Dream,Jamie Foxx
Ye,Jamie Foxx
Ye,Rick Ross
JAY‐Z,Ye
JAY‐Z,Ye
Murphy Lee,Ye
Ant Clemons,Ye
Ant Clemons,Ye
Katy Perry,Ye
T.I.,Ye
T.I.,GLC
T.I.,Paul Wall
Ye,GLC
Ye,Paul Wall
GLC,Paul Wall
Ye,Yasiin Bey
Ye,The Game
Ye,Consequence
Ye,GLC
Ye,Paul Wall
GLC,Paul Wall
The Beatles,Ye
Ye,GLC
Ye,GLC
Ye,GLC
Ye,Paul Wall
GLC,Paul Wall
Ye,Syleena Johnson
Ye,Cam’ron
Syleena Johnson,Cam’ron
Ye,GLC
Ye,Paul Wall
GLC,Paul Wall
Katy Perry,Ye
Murphy Lee,Ye
Big Sean,Ye
Big Sean,Lupe Fiasco
Big Sean,Yasiin Bey
Ye,Lupe Fiasco
Ye,Yasiin Bey
Lupe Fiasco,Yasiin Bey
Ye,B.o.B
Ye,Paul Wall
Ye,Consequence
John Legend,Ye
Ye,GLC
Ye,Paul Wall
GLC,Paul Wall
Ye,Paul Wall
John Legend,Ye
Ye,GLC
Ye,Paul Wall
GLC,Paul Wall
Keyshia Cole,Ye
Keyshia Cole,GLC
Ye,GLC
Ye,Kendrick Lamar
JAY‐Z,Ye
JAY‐Z,John Legend
Ye,John Legend
Pusha T,Ye
Pusha T,Chief Keef
Pusha T,Big Sean
Pusha T,Jadakiss
Ye,Chief Keef
Ye,Big Sean
Ye,Jadakiss
Chief Keef,Big Sean
Chief Keef,Jadakiss
Big Sean,Jadakiss
Ye,GLC
Ye,Paul Wall
GLC,Paul Wall
T.I.,Ye
T.I.,GLC
T.I.,Paul Wall
Ye,GLC
Ye,Paul Wall
GLC,Paul Wall
Ye,John Mayer
Ye,The Police
John Mayer,The Police
Ant Clemons,Ye
Ye,B.o.B
Ye,Yasiin Bey
Ye,GLC
Ye,Paul Wall
GLC,Paul Wall
Ye,Pusha T
Katy Perry,Ye
Ye,GLC
Ye,Paul Wall
GLC,Paul Wall
Ye,The Game
Ye,Consequence
Murphy Lee,Ye
Murphy Lee,Ye
Katy Perry,Ye
Ye,Chris Brown
Murphy Lee,Ye
Ye,St. Lunatics
Big Sean,Ye
Big Sean,Lupe Fiasco
Big Sean,Yasiin Bey
Ye,Lupe Fiasco
Ye,Yasiin Bey
Lupe Fiasco,Yasiin Bey
Murphy Lee,Ye
JAY‐Z,Ye
JAY‐Z,Beyoncé
Ye,Beyoncé
Ye,GLC
Ye,Paul Wall
GLC,Paul Wall
Katy Perry,Ye
Big Sean,Ye
Big Sean,Lupe Fiasco
Big Sean,Yasiin Bey
Ye,Lupe Fiasco
Ye,Yasiin Bey
Lupe Fiasco,Yasiin Bey
Ye,Chris Brown
Ye,Beyoncé
Ye,Cam’ron
Ye,The Game
Ye,Big Sean
Ye,Jadakiss
Ye,Chief Keef
Big Sean,Jadakiss
Big Sean,Chief Keef
Jadakiss,Chief Keef
Ye,Pusha T
JAY‐Z,Ye
JAY‐Z,Beyoncé
Ye,Beyoncé
T.I.,Ye
T.I.,GLC
T.I.,Paul Wall
Ye,GLC
Ye,Paul Wall
GLC,Paul Wall
Murphy Lee,Ye
Big Sean,Ye
Big Sean,Lupe Fiasco
Big Sean,Yasiin Bey
Ye,Lupe Fiasco
Ye,Yasiin Bey
Lupe Fiasco,Yasiin Bey
Ye,JPEGMAFIA
JAY‐Z,Ye
Ye,The Game
Ye,André 3000
Ye,Fonzworth Bentley
André 3000,Fonzworth Bentley
The‐Dream,Ye
The‐Dream,Nas
Ye,Nas
Ye,The Game
Ty Dolla $ign,Ye
Ty Dolla $ign,Ant Clemons
Ye,Ant Clemons
Ye,Consequence
John Legend,Don C
John Legend,JAY‐Z
John Legend,Ye
John Legend,GLC
Don C,JAY‐Z
Don C,Ye
Don C,GLC
JAY‐Z,Ye
JAY‐Z,GLC
Ye,GLC
Ye,Chris Brown
JAY‐Z,Ye
Ye,Travis Scott
Ye,Quavo
Travis Scott,Quavo
Ye,Consequence
Ye,Jamie Foxx
Ty Dolla $ign,Ye
Ty Dolla $ign,FKA twigs
Ty Dolla $ign,Skrillex
Ye,FKA twigs
Ye,Skrillex
FKA twigs,Skrillex
Ye,Termanology
A Tribe Called Quest,Ye
A Tribe Called Quest,Rell
A Tribe Called Quest,Consequence
Ye,Rell
Ye,Consequence
Rell,Consequence
Ye,The Game
Lupe Fiasco,Ye
Lupe Fiasco,N*E*R*D
Lupe Fiasco,Pusha T
Ye,N*E*R*D
Ye,Pusha T
N*E*R*D,Pusha T
Ye,Kid Cudi
Ye,Mark Roberts
Ye,Kid Cudi
Mark Roberts,Kid Cudi
Ye,Termanology
Ye,Kid Cudi
JAY‐Z,Ye
Ye,The Game
Ye,Beyoncé
JAY‐Z,Ye
Lupe Fiasco,Ye
Lupe Fiasco,N*E*R*D
Lupe Fiasco,Pusha T
Ye,N*E*R*D
Ye,Pusha T
N*E*R*D,Pusha T
Ye,Jasha
Ye,Common
Ye,Jamie Foxx
Ye,Beyoncé
Ant Clemons,Ye
Ant Clemons,Ty Dolla $ign
Ye,Ty Dolla $ign
Skrillex,Ty Dolla $ign
Skrillex,Ye
Skrillex,Glenn-D
Skrillex,FKA twigs
Skrillex,Mist
Ty Dolla $ign,Ye
Ty Dolla $ign,Glenn-D
Ty Dolla $ign,FKA twigs
Ty Dolla $ign,Mist
Ye,Glenn-D
Ye,FKA twigs
Ye,Mist
Glenn-D,FKA twigs
Glenn-D,Mist
FKA twigs,Mist
Ye,DJ Premier
Ty Dolla $ign,Ye
Ty Dolla $ign,FKA twigs
Ty Dolla $ign,Skrillex
Ye,FKA twigs
Ye,Skrillex
FKA twigs,Skrillex
Ty Dolla $ign,Ye
Ty Dolla $ign,FKA twigs
Ty Dolla $ign,Skrillex
Ye,FKA twigs
Ye,Skrillex
FKA twigs,Skrillex
Ye,Beyoncé
John Legend,Ye
John Legend,Termanology
Ye,Termanology
Upstates,Ye
Ye,Consequence
Charlie Wilson,Ye
Charlie Wilson,Ty Dolla $ign
Ye,Ty Dolla $ign
Ye,Jamie Foxx
Ye,N*E*R*D
Ye,Malik Yusef
Ye,Smoke & Numbers
Ye,Lupe Fiasco
Ye,Pusha T
Ye,Pharrell Williams
Lupe Fiasco,Pusha T
Lupe Fiasco,Pharrell Williams
Pusha T,Pharrell Williams
N*E*R*D,Ye
N*E*R*D,Lupe Fiasco
Ye,Lupe Fiasco
Ye,Kid Cudi
Ye,Sunday Service Choir
Ty Dolla $ign,Ye
Ty Dolla $ign,FKA twigs
Ty Dolla $ign,serpentwithfeet
Ye,FKA twigs
Ye,serpentwithfeet
FKA twigs,serpentwithfeet
Ye,Consequence
Ye,Beyoncé
Ty Dolla $ign,Ye
Ty Dolla $ign,FKA twigs
Ty Dolla $ign,Skrillex
Ye,FKA twigs
Ye,Skrillex
FKA twigs,Skrillex
The Notorious B.I.G.,Ye
JAY‐Z,Ye
Ye,André 3000
Ye,Fonzworth Bentley
André 3000,Fonzworth Bentley
Ty Dolla $ign,Ye
Ty Dolla $ign,FKA twigs
Ty Dolla $ign,Skrillex
Ye,FKA twigs
Ye,Skrillex
FKA twigs,Skrillex
Ye,The Game
Ye,Mark Roberts
Ye,Kid Cudi
Mark Roberts,Kid Cudi
Ye,Consequence
Ye,Jamie Foxx
Ye,DJ Premier
Ye,toasty digital
Cyssero,Ye
Cyssero,Ne‐Yo
Ye,Ne‐Yo
Ye,toasty digital
Ye,Takeoff
Ye,Quavo
toasty digital,Takeoff
toasty digital,Quavo
Takeoff,Quavo
Cyssero,Ye
Cyssero,Ne‐Yo
Ye,Ne‐Yo
Ye,Cyhi
Ye,2 Chainz
Ye,Brent Faiyaz
2 Chainz,Brent Faiyaz
Nas,Ye
Nas,French Montana
Ye,French Montana
Nas,Ye
Nas,French Montana
Ye,French Montana
Ye,Jamie Foxx
Ne‐Yo,Fabolous
Ne‐Yo,Jermaine Dupri
Ne‐Yo,Ye
Ne‐Yo,DJ Felli Fel
Fabolous,Jermaine Dupri
Fabolous,Ye
Fabolous,DJ Felli Fel
Jermaine Dupri,Ye
Jermaine Dupri,DJ Felli Fel
Ye,DJ Felli Fel
Ye,2 Chainz
Ye,Brent Faiyaz
2 Chainz,Brent Faiyaz
Ty Dolla $ign,Ye
Ty Dolla $ign,Post Malone
Ye,Post Malone
Rhymefest,Ye
Rhymefest,Mikkey Halsted
Ye,Mikkey Halsted
Nas,Ye
Nas,French Montana
Ye,French Montana
Isreal Boyd,Ye
Isreal Boyd,Arrowstar
Ye,Arrowstar
Ty Dolla $ign,Ye
Ty Dolla $ign,Post Malone
Ye,Post Malone
DJ Felli Fel,Ye
Ye,Kid Cudi
Ye,Rihanna
Ye,The Weeknd
Ye,Ne‐Yo
John Legend,Ye
Ye,Tyga
Ye,Tyga
Ye,Rihanna
Ye,Ne‐Yo
Lil Yachty,Ye
Lil Yachty,Quavo
Ye,Quavo
Travis,Ye
Rhymefest,Ye
Rhymefest,Mikkey Halsted
Ye,Mikkey Halsted
Desiigner,Ye
Desiigner,Left at London
Ye,Left at London
Ye,Kid Cudi
John Legend,Snoop Dogg
John Legend,Ye
Snoop Dogg,Ye
Ye,Dwele
Ye,T‐Pain
Ye,Travis Scott
Ne‐Yo,Fabolous
Ne‐Yo,Jermaine Dupri
Ne‐Yo,Ye
Ne‐Yo,DJ Felli Fel
Fabolous,Jermaine Dupri
Fabolous,Ye
Fabolous,DJ Felli Fel
Jermaine Dupri,Ye
Jermaine Dupri,DJ Felli Fel
Ye,DJ Felli Fel
Osbe Chill,Ye
Ye,Dwele
Miri Ben‐Ari,Ye
Miri Ben‐Ari,Fabolous
Ye,Fabolous
Miri Ben‐Ari,Ye
Miri Ben‐Ari,Fabolous
Ye,Fabolous
Ye,T‐Pain
Drake,Ye
Drake,Eminem
Drake,Lil Wayne
Ye,Eminem
Ye,Lil Wayne
Eminem,Lil Wayne
Miri Ben‐Ari,Ye
Miri Ben‐Ari,Fabolous
Ye,Fabolous
Drake,Ye
Drake,Lil Wayne
Ye,Lil Wayne
Miri Ben‐Ari,Musiq Soulchild
Miri Ben‐Ari,Ye
Miri Ben‐Ari,Fabolous
Musiq Soulchild,Ye
Musiq Soulchild,Fabolous
Ye,Fabolous
Lil Wayne,JAY‐Z
Lil Wayne,Ye
JAY‐Z,Ye
Ye,Dwele
Ye,Common
Drake,Ye
Drake,Eminem
Drake,Lil Wayne
Ye,Eminem
Ye,Lil Wayne
Eminem,Lil Wayne
Ye,Colin Munroe
Ye,Dwele
Ye,Clipse
Colin Munroe,Dwele
Colin Munroe,Clipse
Dwele,Clipse
Ne‐Yo,Fabolous
Ne‐Yo,Jermaine Dupri
Ne‐Yo,Ye
Ne‐Yo,DJ Felli Fel
Fabolous,Jermaine Dupri
Fabolous,Ye
Fabolous,DJ Felli Fel
Jermaine Dupri,Ye
Jermaine Dupri,DJ Felli Fel
Ye,DJ Felli Fel
Ye,Travis Scott
Ye,The Weeknd
Travis Scott,The Weeknd
Ye,James Blake
Dwele,Ye
Drake,Ye
R. Kelly,Ye
Ye,Dwele
Drake,Ye
Drake,Eminem
Drake,Lil Wayne
Ye,Eminem
Ye,Lil Wayne
Eminem,Lil Wayne
Drake,Ye
Drake,Eminem
Drake,Lil Wayne
Ye,Eminem
Ye,Lil Wayne
Eminem,Lil Wayne
Cyssero,Ye
Cyssero,Ne‐Yo
Ye,Ne‐Yo
Ye,The Weeknd
Ye,Soulja Boy
Ye,Gunna
Soulja Boy,Gunna
Ye,Dwele
Drake,Ye
Drake,Eminem
Drake,Lil Wayne
Ye,Eminem
Ye,Lil Wayne
Eminem,Lil Wayne
Ye,Dwele
Ye,Talib Kweli
Ye,Modest Mouse
Ye,T‐Pain
Ye,GLC
T‐Pain,GLC
Ye,The Weeknd
Drake,Ye
Drake,Eminem
Drake,Lil Wayne
Ye,Eminem
Ye,Lil Wayne
Eminem,Lil Wayne
R. Kelly,Ye
Ye,T‐Pain
Ye,GLC
T‐Pain,GLC
Nosaj Thing,Lil Wayne
Nosaj Thing,Drake
Nosaj Thing,Ye
Nosaj Thing,Eminem
Lil Wayne,Drake
Lil Wayne,Ye
Lil Wayne,Eminem
Drake,Ye
Drake,Eminem
Ye,Eminem
Eminem,Ye
Eminem,Lil Wayne
Eminem,Drake
Ye,Lil Wayne
Ye,Drake
Lil Wayne,Drake
Ye,50 Cent
Drake,Ye
Drake,Eminem
Drake,Lil Wayne
Ye,Eminem
Ye,Lil Wayne
Eminem,Lil Wayne
Drake,Ye
Drake,Eminem
Drake,Lil Wayne
Ye,Eminem
Ye,Lil Wayne
Eminem,Lil Wayne
Monica Martin,Ye
Monica Martin,James Blake
Ye,James Blake
Ye,Talib Kweli
Drake,Ye
Ye,The Peoples Republic of Europe
Drake,Ye
Drake,Eminem
Drake,Lil Wayne
Ye,Eminem
Ye,Lil Wayne
Eminem,Lil Wayne
Ye,Clipse
Drake,Ye
Drake,Eminem
Drake,Lil Wayne
Ye,Eminem
Ye,Lil Wayne
Eminem,Lil Wayne
Drake,Lil Wayne
Drake,Ye
Drake,Eminem
Drake,Coldplay
Lil Wayne,Ye
Lil Wayne,Eminem
Lil Wayne,Coldplay
Ye,Eminem
Ye,Coldplay
Eminem,Coldplay
Ye,Dwele
Drake,Ye
Drake,Eminem
Drake,Lil Wayne
Ye,Eminem
Ye,Lil Wayne
Eminem,Lil Wayne
Drake,Ye
Drake,Eminem
Drake,Lil Wayne
Ye,Eminem
Ye,Lil Wayne
Eminem,Lil Wayne
Drake,Ye
Drake,Eminem
Drake,Lil Wayne
Ye,Eminem
Ye,Lil Wayne
Eminem,Lil Wayne
Ye,Rihanna
"Tyler, The Creator",Ye
"Tyler, The Creator",FERG
"Tyler, The Creator",A$AP Rocky
"Tyler, The Creator",Desiigner
"Tyler, The Creator",Big Sean
Ye,FERG
Ye,A$AP Rocky
Ye,Desiigner
Ye,Big Sean
FERG,A$AP Rocky
FERG,Desiigner
FERG,Big Sean
A$AP Rocky,Desiigner
A$AP Rocky,Big Sean
Desiigner,Big Sean
JAY‐Z,Ye
JAY‐Z,Yasiin Bey
Ye,Yasiin Bey
Pusha T,Ye
Pusha T,Common
Pusha T,Cyhi
Pusha T,Big Sean
Ye,Common
Ye,Cyhi
Ye,Big Sean
Common,Cyhi
Common,Big Sean
Cyhi,Big Sean
Ye,Post Malone
¥$,Ty Dolla $ign
¥$,Ye
Ty Dolla $ign,Ye
Paul McCartney,Ye
Paul McCartney,Rihanna
Ye,Rihanna
Ye,Talib Kweli
Ye,Common
Talib Kweli,Common
Ye,Common
JAY‐Z,Ye
JAY‐Z,Talib Kweli
JAY‐Z,Busta Rhymes
JAY‐Z,Yasiin Bey
Ye,Talib Kweli
Ye,Busta Rhymes
Ye,Yasiin Bey
Talib Kweli,Busta Rhymes
Talib Kweli,Yasiin Bey
Busta Rhymes,Yasiin Bey
Ye,Travis Scott
50 Cent,JAY‐Z
50 Cent,Ye
50 Cent,Talib Kweli
50 Cent,Busta Rhymes
50 Cent,Yasiin Bey
JAY‐Z,Ye
JAY‐Z,Talib Kweli
JAY‐Z,Busta Rhymes
JAY‐Z,Yasiin Bey
Ye,Talib Kweli
Ye,Busta Rhymes
Ye,Yasiin Bey
Talib Kweli,Busta Rhymes
Talib Kweli,Yasiin Bey
Busta Rhymes,Yasiin Bey
JAY‐Z,Ye
JAY‐Z,Talib Kweli
JAY‐Z,Busta Rhymes
JAY‐Z,Yasiin Bey
Ye,Talib Kweli
Ye,Busta Rhymes
Ye,Yasiin Bey
Talib Kweli,Busta Rhymes
Talib Kweli,Yasiin Bey
Busta Rhymes,Yasiin Bey
Ye,GLC
Ye,Consequence
GLC,Consequence
Ye,Malik Yusef
JAY‐Z,Ye
JAY‐Z,Talib Kweli
JAY‐Z,Busta Rhymes
JAY‐Z,Yasiin Bey
Ye,Talib Kweli
Ye,Busta Rhymes
Ye,Yasiin Bey
Talib Kweli,Busta Rhymes
Talib Kweli,Yasiin Bey
Busta Rhymes,Yasiin Bey
Ye,Dreezy
Ye,The Game
Ye,CHILLER
Dreezy,The Game
Dreezy,CHILLER
The Game,CHILLER
Paul McCartney,Ye
Paul McCartney,Cher
Paul McCartney,Hanging Dong
Paul McCartney,Kendrick Lamar
Ye,Cher
Ye,Hanging Dong
Ye,Kendrick Lamar
Cher,Hanging Dong
Cher,Kendrick Lamar
Hanging Dong,Kendrick Lamar
Ye,Common
Ye,Talib Kweli
Ye,Common
Talib Kweli,Common
Boombox Cartel,Ye
Boombox Cartel,Talib Kweli
Boombox Cartel,NGHTMRE
Boombox Cartel,Common
Ye,Talib Kweli
Ye,NGHTMRE
Ye,Common
Talib Kweli,NGHTMRE
Talib Kweli,Common
NGHTMRE,Common
Ye,MF DOOM
Ye,Talib Kweli
Ye,Common
Talib Kweli,Common
The‐Dream,Ty Dolla $ign
The‐Dream,Ye
The‐Dream,Ant Clemons
The‐Dream,Teyana Taylor
Ty Dolla $ign,Ye
Ty Dolla $ign,Ant Clemons
Ty Dolla $ign,Teyana Taylor
Ye,Ant Clemons
Ye,Teyana Taylor
Ant Clemons,Teyana Taylor
Freeway,Ye
Ye,Malik Yusef
50 Cent,JAY‐Z
50 Cent,Ye
50 Cent,Talib Kweli
50 Cent,Busta Rhymes
50 Cent,Yasiin Bey
JAY‐Z,Ye
JAY‐Z,Talib Kweli
JAY‐Z,Busta Rhymes
JAY‐Z,Yasiin Bey
Ye,Talib Kweli
Ye,Busta Rhymes
Ye,Yasiin Bey
Talib Kweli,Busta Rhymes
Talib Kweli,Yasiin Bey
Busta Rhymes,Yasiin Bey
¥$,Ty Dolla $ign
¥$,Ye
Ty Dolla $ign,Ye
Ye,Frank Ocean
Ye,Kid Cudi
JAY‐Z,Ye
JAY‐Z,Talib Kweli
JAY‐Z,Busta Rhymes
JAY‐Z,Yasiin Bey
Ye,Talib Kweli
Ye,Busta Rhymes
Ye,Yasiin Bey
Talib Kweli,Busta Rhymes
Talib Kweli,Yasiin Bey
Busta Rhymes,Yasiin Bey
Ye,Talib Kweli
Ye,Common
Talib Kweli,Common
Paul McCartney,Ye
Paul McCartney,Rihanna
Ye,Rihanna
JAY‐Z,Ye
JAY‐Z,Talib Kweli
JAY‐Z,Busta Rhymes
JAY‐Z,Yasiin Bey
Ye,Talib Kweli
Ye,Busta Rhymes
Ye,Yasiin Bey
Talib Kweli,Busta Rhymes
Talib Kweli,Yasiin Bey
Busta Rhymes,Yasiin Bey
Pusha T,Ye
Pusha T,Common
Pusha T,Cyhi
Pusha T,Big Sean
Ye,Common
Ye,Cyhi
Ye,Big Sean
Common,Cyhi
Common,Big Sean
Cyhi,Big Sean
Ye,Talib Kweli
Ye,Common
Talib Kweli,Common
Ye,Bump J
Ye,Sly Polaroid
Bump J,Sly Polaroid
JAY‐Z,Ye
JAY‐Z,Talib Kweli
JAY‐Z,Busta Rhymes
JAY‐Z,Yasiin Bey
Ye,Talib Kweli
Ye,Busta Rhymes
Ye,Yasiin Bey
Talib Kweli,Busta Rhymes
Talib Kweli,Yasiin Bey
Busta Rhymes,Yasiin Bey
Ye,Talib Kweli
Ye,Common
Talib Kweli,Common
Ye,Common
Ye,Talib Kweli
Ye,DJ Unexpected
Common,Talib Kweli
Common,DJ Unexpected
Talib Kweli,DJ Unexpected
Ye,MF DOOM
Desiigner,Ye
Ye,Talib Kweli
Ye,Common
Talib Kweli,Common
Bon Iver,Ye
Bon Iver,Francis and the Lights
Ye,Francis and the Lights
Paul McCartney,Ye
Paul McCartney,Rihanna
Ye,Rihanna
Ye,Pharrell Williams
Ye,MF DOOM
Santigold,Ye
Santigold,Lykke Li
Santigold,N.A.S.A.
Ye,Lykke Li
Ye,N.A.S.A.
Lykke Li,N.A.S.A.
Juelz Santana,Ye
Juelz Santana,T‐Pain
Ye,T‐Pain
JAY‐Z,Ye
DJ Khaled,Ye
DJ Khaled,T‐Pain
Ye,T‐Pain
DJ Khaled,Ye
DJ Khaled,T‐Pain
Ye,T‐Pain
JAY‐Z,Ye
Smitty,Ye
Smitty,Scarface
Ye,Scarface
Ye,Talib Kweli
Ye,Common
Talib Kweli,Common
Ye,Lykke Li
Ye,N.A.S.A.
Lykke Li,N.A.S.A.
Ye,T‐Pain
Santigold,Ye
Santigold,Lykke Li
Santigold,N.A.S.A.
Ye,Lykke Li
Ye,N.A.S.A.
Lykke Li,N.A.S.A.
Santigold,Ye
Santigold,Lykke Li
Santigold,N.A.S.A.
Ye,Lykke Li
Ye,N.A.S.A.
Lykke Li,N.A.S.A.
¥$,Ty Dolla $ign
¥$,Ye
Ty Dolla $ign,Ye
Ye,Consequence
Ye,Jamie Foxx
JAY‐Z,Ye
JAY‐Z,T‐Pain
Ye,T‐Pain
Ye,Big Sean
Ye,Smitty
Ye,Scarface
Smitty,Scarface
Ye,Jamie Foxx
Ye,Scape
Ye,D’banj
Scape,D’banj
Ye,Jamie Foxx
Ye,PARTYNEXTDOOR
DJ Khaled,Ye
DJ Khaled,T‐Pain
Ye,T‐Pain
Ye,Big Sean
Ye,Jadakiss
Yukmouth,Ye
Ye,Big Sean
JAY‐Z,Ye
Drake,Ye
Santigold,Ye
Santigold,Lykke Li
Santigold,N.A.S.A.
Ye,Lykke Li
Ye,N.A.S.A.
Lykke Li,N.A.S.A.
Ye,Talib Kweli
Ye,Common
Talib Kweli,Common
Ye,PARTYNEXTDOOR
John Legend,Smitty
John Legend,Ye
John Legend,Scarface
Smitty,Ye
Smitty,Scarface
Ye,Scarface
Drake,Ye
Ye,T‐Pain
Ye,Travis Scott
Ye,Vory
John Legend,Ye
John Legend,Scarface
Ye,Scarface
Ye,Playboi Carti
Young Thug,Ant Clemons
Young Thug,Ye
Ant Clemons,Ye
Drake,Ye
Rob E Rob,Ye
Rob E Rob,Jadakiss
Ye,Jadakiss
Ye,Common
Drake,Ye
Ye,Playboi Carti
DJ Khaled,Ye
DJ Khaled,T‐Pain
Ye,T‐Pain
JAY‐Z,Ye
Ty Dolla $ign,Rich the Kid
Ty Dolla $ign,Ye
Rich the Kid,Ye
Ye,Jamie Foxx
Santigold,Ye
Santigold,Lykke Li
Santigold,N.A.S.A.
Ye,Lykke Li
Ye,N.A.S.A.
Lykke Li,N.A.S.A.
DJ Khaled,Ye
DJ Khaled,T‐Pain
Ye,T‐Pain
Estelle,Ye
Estelle,Cerrone
Ye,Cerrone
Ye,Jamie Foxx
Ye,T‐Pain
Ye,Trae
T‐Pain,Trae
Ty Dolla $ign,Rich the Kid
Ty Dolla $ign,Ye
Ty Dolla $ign,Peso Pluma
Rich the Kid,Ye
Rich the Kid,Peso Pluma
Ye,Peso Pluma
Ye,Jadakiss
Kid Cudi,Offset
Kid Cudi,Ye
Kid Cudi,Quavo
Kid Cudi,Young Thug
Kid Cudi,Ant Clemons
Offset,Ye
Offset,Quavo
Offset,Young Thug
Offset,Ant Clemons
Ye,Quavo
Ye,Young Thug
Ye,Ant Clemons
Quavo,Young Thug
Quavo,Ant Clemons
Young Thug,Ant Clemons
Rhymefest,Ye
Ye,Yasiin Bey
Ye,Cam’ron
Ye,Consequence
Cam’ron,Consequence
Ye,T‐Pain
Ye,Yasiin Bey
Ye,Albe Back
Yasiin Bey,Albe Back
Ye,Jamie Foxx
Ye,Cam’ron
Ye,Consequence
Cam’ron,Consequence
Ye,Jamie Foxx
Ye,Cam’ron
Ye,Cam’ron
Ye,Consequence
Cam’ron,Consequence
Ye,Malik Yusef
Rhymefest,Ye
Rhymefest,Mikkey Halsted
Ye,Mikkey Halsted
Ye,Jamie Foxx
Ye,Consequence
Ye,Jamie Foxx
Ye,Prince Fatty
JAY‐Z,Ye
Ye,T‐Pain
Ye,Yasiin Bey
Ye,Albe Back
Yasiin Bey,Albe Back
Ye,Jamie Foxx
Ye,Consequence
Ye,Jamie Foxx
Ye,Cam’ron
Ye,Consequence
Cam’ron,Consequence
JAY‐Z,Ye
Ye,Yasiin Bey
Ye,Albe Back
Yasiin Bey,Albe Back
Ye,Jamie Foxx
Ye,T‐Pain
Ye,Big Sean
Ye,Yasiin Bey
Ye,Albe Back
Yasiin Bey,Albe Back
Ye,Jamie Foxx
Ye,Jamie Foxx
Kid Cudi,Pusha T
Kid Cudi,Ye
Kid Cudi,Common
Kid Cudi,Charlie Wilson
Kid Cudi,Big Sean
Pusha T,Ye
Pusha T,Common
Pusha T,Charlie Wilson
Pusha T,Big Sean
Ye,Common
Ye,Charlie Wilson
Ye,Big Sean
Common,Charlie Wilson
Common,Big Sean
Charlie Wilson,Big Sean
Ye,Kid Cudi
Ye,Raekwon
Kid Cudi,Raekwon
JAY‐Z,Ye
JAY‐Z,Ye
Ye,Cam’ron
Ye,Consequence
Cam’ron,Consequence
Ye,T‐Pain
Ye,Jamie Foxx
Ye,MF DOOM
Ye,Jamie Foxx
Ye,Kid Cudi
Ye,Raekwon
Kid Cudi,Raekwon
Ye,Jamie Foxx
Ye,Kid Cudi
Ye,Raekwon
Kid Cudi,Raekwon
Ye,Cam’ron
Ye,Consequence
Cam’ron,Consequence
Rhymefest,Ye
Rhymefest,Mikkey Halsted
Ye,Mikkey Halsted
Ye,Jamie Foxx
Ye,Big Sean
Ye,T‐Pain
Ye,Jamie Foxx
Ye,Yasiin Bey
DJ Khaled,Ye
DJ Khaled,Consequence
DJ Khaled,John Legend
Ye,Consequence
Ye,John Legend
Consequence,John Legend
Ye,Adam Levine
Ye,Adam Levine
John Legend,Ye
John Legend,DJ Khaled
John Legend,Consequence
Ye,DJ Khaled
Ye,Consequence
DJ Khaled,Consequence
Dramills,Ye
Ty Dolla $ign,Ye
Ty Dolla $ign,Diddy
Ye,Diddy
Ye,Adam Levine
Future,Ye
Ye,Adam Levine
JAY‐Z,Ye
JAY‐Z,Ye
Ye,Adam Levine
JAY‐Z,Ye
Ye,Kid Cudi
Ye,Adam Levine
JAY‐Z,Ye
JAY‐Z,Ye
Ye,Adam Levine
Ye,Cam’ron
John Legend,Ye
Black Thought,Ye
Black Thought,Talib Kweli
Black Thought,Pharoahe Monch
Ye,Talib Kweli
Ye,Pharoahe Monch
Talib Kweli,Pharoahe Monch
JAY‐Z,Ye
Ye,Adam Levine
Ye,Rick Ross
Ye,Pusha T
Rick Ross,Pusha T
Ye,Adam Levine
JAY‐Z,Ye
DJ Khaled,Ye
DJ Khaled,Consequence
DJ Khaled,John Legend
Ye,Consequence
Ye,John Legend
Consequence,John Legend
Ye,Fred Hammond
Drake,Ye
Drake,Kendrick Lamar
Drake,MC Eiht
Ye,Kendrick Lamar
Ye,MC Eiht
Kendrick Lamar,MC Eiht
Ye,toasty digital
Ye,Kid Cudi
toasty digital,Kid Cudi
Ye,KayCyy
Ye,Big Sean
Ye,Adam Levine
Fred Hammond,Ye
Fred Hammond,Travis Scott
Ye,Travis Scott
Black Thought,Ye
Black Thought,Talib Kweli
Black Thought,Pharoahe Monch
Ye,Talib Kweli
Ye,Pharoahe Monch
Talib Kweli,Pharoahe Monch
DJ Khaled,Ye
DJ Khaled,Consequence
DJ Khaled,John Legend
Ye,Consequence
Ye,John Legend
Consequence,John Legend
JAY‐Z,Ye
Young Gunz,John Legend
Young Gunz,Ye
John Legend,Ye
Ye,Adam Levine
John Legend,Ye
John Legend,The WRLDFMS Tony Williams
John Legend,Connie Mitchell
Ye,The WRLDFMS Tony Williams
Ye,Connie Mitchell
The WRLDFMS Tony Williams,Connie Mitchell
Ye,Sunday Service Choir
John Legend,Ye
John Legend,Consequence
Ye,Consequence
John Legend,Ye
Young Gunz,Ye
Ye,Adam Levine
Ye,Adam Levine
Black Thought,Ye
Black Thought,Talib Kweli
Black Thought,Pharoahe Monch
Ye,Talib Kweli
Ye,Pharoahe Monch
Talib Kweli,Pharoahe Monch
Ty Dolla $ign,Ye
Ty Dolla $ign,Diddy
Ye,Diddy
Ye,MF DOOM
Ye,Adam Levine
JAY‐Z,Ye
JAY‐Z,Ye
Shawnna,Ye
Shawnna,Do or Die
Ye,Do or Die
Ye,GLC
Childish Gambino,Ye
Childish Gambino,Joey Bada$$
Ye,Joey Bada$$
Ye,Travis Scott
DJ Shadow,Ye
Ye,Do or Die
Ye,Mr Hudson
Ye,Rick Ross
Papoose,Ye
Ye,GLC
The Beatles,Ye
Ye,GLC
Young Thug,Ye
Ye,Ghostface Killah
Ye,toasty digital
Ghostface Killah,toasty digital
Ye,Lady Gaga
Ye,GLC
Ye,GLC
Ty Dolla $ign,Ye
Ty Dolla $ign,toasty digital
Ty Dolla $ign,K‐Ci
Ye,toasty digital
Ye,K‐Ci
toasty digital,K‐Ci
Ye,GLC
Ye,GLC
Ye,GLC
Ye,GLC
Ye,GLC
Ye,Chris Martin
Cardi B,Ye
Cardi B,Lil Durk
Ye,Lil Durk
Young Thug,Migos
Young Thug,Ye
Migos,Ye
John Legend,Ye
Ye,Pusha T
John Legend,Ye
Dwele,Ye
Dwele,Consequence
Ye,Consequence
Ye,Chris Martin
Ye,Dwele
Ye,Lil Baby
Ye,The Weeknd
Lil Baby,The Weeknd
JAY‐Z,Ye
JAY‐Z,Ye
Cardi B,Ye
Cardi B,Lil Durk
Ye,Lil Durk
Ye,Chris Martin
Ye,James Blake
The Beatles,Ye
Ye,Talib Kweli
Ye,Common
Talib Kweli,Common
Ye,Dwele
Dwele,Ye
Ye,Chief Keef
Ye,Mashonda
Dwele,Ye
Ye,Malik Yusef
Ye,Siren
Malik Yusef,Siren
Ye,Dane Uno
Chance the Rapper,Ye
Ty Dolla $ign,Ye
Ty Dolla $ign,Ant Clemons
Ye,Ant Clemons
Ye,Chris Martin
Ye,Bon Iver
Ye,Chief Keef
Bon Iver,Chief Keef
¥$,Ye
Ye,Consequence
Ant Clemons,Ye
Ant Clemons,Ty Dolla $ign
Ye,Ty Dolla $ign
Ye,Consequence
Ye,Lil Baby
Ye,KayCyy
Lil Baby,KayCyy
Ty Dolla $ign,Ye
Ty Dolla $ign,Young Thug
Ty Dolla $ign,Ant Clemons
Ty Dolla $ign,Big Sean
Ye,Young Thug
Ye,Ant Clemons
Ye,Big Sean
Young Thug,Ant Clemons
Young Thug,Big Sean
Ant Clemons,Big Sean
Ye,Dwele
Ty Dolla $ign,Ye
Ty Dolla $ign,Big Sean
Ty Dolla $ign,Ant Clemons
Ye,Big Sean
Ye,Ant Clemons
Big Sean,Ant Clemons
Ye,Lil Baby
Ye,The Weeknd
Lil Baby,The Weeknd
Ye,James Blake
Ye,Lil Baby
Ye,The Weeknd
Lil Baby,The Weeknd
Cardi B,Ye
Cardi B,Lil Durk
Ye,Lil Durk
Ant Clemons,Ye
Ant Clemons,Sunday Service Choir
Ant Clemons,KayCyy
Ye,Sunday Service Choir
Ye,KayCyy
Sunday Service Choir,KayCyy
Ye,Chris Martin
Ye,Justin Vernon
Ye,Chief Keef
Justin Vernon,Chief Keef
Ye,Bon Iver
Ye,Chief Keef
Bon Iver,Chief Keef
Ye,Chris Martin
Ant Clemons,Ye
Dwele,Ye
Ye,Lil Pump
Ye,Consequence
Ye,Little Brother
Consequence,Little Brother
Ye,YNW Melly
The Beatles,Ye
Adele Givens,Ye
Adele Givens,Lil Pump
Ye,Lil Pump
Ye,Lil Pump
Kid Cudi,The Weeknd
Kid Cudi,Ye
Kid Cudi,Lil Baby
Kid Cudi,KayCyy
Kid Cudi,Don Toliver
The Weeknd,Ye
The Weeknd,Lil Baby
The Weeknd,KayCyy
The Weeknd,Don Toliver
Ye,Lil Baby
Ye,KayCyy
Ye,Don Toliver
Lil Baby,KayCyy
Lil Baby,Don Toliver
KayCyy,Don Toliver
Ye,Kid Cudi
Ye,Common
Kid Cudi,Common
Pusha T,Ye
Pusha T,Chief Keef
Pusha T,Big Sean
Pusha T,Jadakiss
Ye,Chief Keef
Ye,Big Sean
Ye,Jadakiss
Chief Keef,Big Sean
Chief Keef,Jadakiss
Big Sean,Jadakiss
Ye,Lil Pump
Pusha T,Ye
Pusha T,Chief Keef
Pusha T,Big Sean
Pusha T,Jadakiss
Ye,Chief Keef
Ye,Big Sean
Ye,Jadakiss
Chief Keef,Big Sean
Chief Keef,Jadakiss
Big Sean,Jadakiss
Ye,Antonio
Ye,Teyana Taylor
Ye,Teyana Taylor
MC Jin,Ye
MC Jin,Ye
Ant Clemons,Ye
Ye,Kid Cudi
Ye,Lady Gaga
Kid Cudi,Lady Gaga
2Pac,Ye
2Pac,Ginuwine
Ye,Ginuwine
Pusha T,Ye
Pusha T,Chief Keef
Pusha T,Big Sean
Pusha T,Jadakiss
Ye,Chief Keef
Ye,Big Sean
Ye,Jadakiss
Chief Keef,Big Sean
Chief Keef,Jadakiss
Big Sean,Jadakiss
Ye,YNW Melly
Ant Clemons,Ye
Ant Clemons,Lil Baby
Ye,Lil Baby
MC Jin,Ye
Ye,Bone Thugs‐n‐Harmony
Ye,Big Sean
Ye,Vory
Ye,Kid Cudi
Ye,Common
Kid Cudi,Common
MC Jin,Ye
Ye,Consequence
Ye,Little Brother
Consequence,Little Brother
Ye,Stat Quo
MC Jin,Ye
Ye,Twista
Ye,Trick Daddy
Ye,Vory
Ye,Thirty Seconds to Mars
Ye,Lil Pump
Ye,Lil Pump
Adele Givens,Ye
Adele Givens,Lil Pump
Ye,Lil Pump
Lil Wayne,Ye
Lil Wayne,Jeezy
Ye,Jeezy
Daft Punk,Ye
Daft Punk,toasty digital
Ye,toasty digital
Ye,Lil Pump
Ye,Lil Pump
Ye,Teyana Taylor
Ye,The Game
Ye,Chris Brown
Ye,Big Sean
Ye,Jadakiss
The Game,Chris Brown
The Game,Big Sean
The Game,Jadakiss
Chris Brown,Big Sean
Chris Brown,Jadakiss
Big Sean,Jadakiss
Kid Cudi,Pusha T
Kid Cudi,Ye
Kid Cudi,Chief Keef
Kid Cudi,toasty digital
Pusha T,Ye
Pusha T,Chief Keef
Pusha T,toasty digital
Ye,Chief Keef
Ye,toasty digital
Chief Keef,toasty digital
Ye,Lil Pump
Ye,Lil Pump
Ye,Lil Pump
Ye,Vory
Ye,[unknown]
Ye,Bon Iver
The Beatles,Ye
Future,Ye
Future,Dave Luxe
Ye,Dave Luxe
Ye,TERIYAKI BOYZ
Keyshia Cole,Ye
Keyshia Cole,BJ
Keyshia Cole,Twista
Ye,BJ
Ye,Twista
BJ,Twista
Dr. Dre,Ye
Dr. Dre,Busta Rhymes
Ye,Busta Rhymes
Ye,Consequence
Ye,TERIYAKI BOYZ
Ye,Travis Scott
Ye,Alicia Keys
Travis Scott,Alicia Keys
Ye,TERIYAKI BOYZ
Ye,Beanie Sigel
Ye,TERIYAKI BOYZ
JAY‐Z,Ye
DJ Class,Ye
Future,Ye
Ye,Talib Kweli
Lil Yachty,Ye
Lil Yachty,Rooga
Ye,Rooga
Ty Dolla $ign,Ye
Ty Dolla $ign,toasty digital
Ty Dolla $ign,Frank Ocean
Ye,toasty digital
Ye,Frank Ocean
toasty digital,Frank Ocean
Ye,TERIYAKI BOYZ
La Roux,Ye
Lil Yachty,Ye
Lil Yachty,Rooga
Ye,Rooga
La Roux,Ye
Ye,Travis Scott
Ye,GLC
Ye,N.O.R.E.
GLC,N.O.R.E.
Ye,Shaquellé
Ye,Talib Kweli
Ye,Serko Fu
Scratch,Ye
Ye,Talib Kweli
Ye,Roy Ayers
Talib Kweli,Roy Ayers
La Roux,Ye
Vain,Ye
Ye,TERIYAKI BOYZ
La Roux,Ye
JAY‐Z,Ye
Ye,toasty digital
DJ Khaled,Ye
DJ Khaled,Rick Ross
Ye,Rick Ross
Ye,toasty digital
Ye,Frank Ocean
toasty digital,Frank Ocean
Keyshia Cole,Ye
Keyshia Cole,BJ
Keyshia Cole,Twista
Ye,BJ
Ye,Twista
BJ,Twista
Ye,TERIYAKI BOYZ
Ye,Little Brother
JAY‐Z,Ye
Ye,Nucci Reyo
Ye,Beanie Sigel
Ye,Raekwon
Nucci Reyo,Beanie Sigel
Nucci Reyo,Raekwon
Beanie Sigel,Raekwon
Ye,DEV
Future,Ye
Shenseea,Lil Yachty
Shenseea,Ye
Shenseea,Rooga
Lil Yachty,Ye
Lil Yachty,Rooga
Ye,Rooga
DJ Class,Ye
Ye,Nas
La Roux,Ye
La Roux,Ye
Ye,toasty digital
Ye,Frank Ocean
toasty digital,Frank Ocean
John Legend,Ye
Ye,Lupe Fiasco
Ye,Pharrell Williams
Lupe Fiasco,Pharrell Williams
Ye,Talib Kweli
John Legend,Ye
John Legend,Ye
Ye,Common
¥$,Ty Dolla $ign
¥$,Ye
Ty Dolla $ign,Ye
Ye,Talib Kweli
Ye,Roy Ayers
Talib Kweli,Roy Ayers
Ye,DaBaby
"Larry Hoover, Jr.",Ye
"Larry Hoover, Jr.",Jay Electronica
Ye,Jay Electronica
JAY‐Z,Ye
JAY‐Z,Ye
JAY‐Z,Francis and the Lights
Ye,Francis and the Lights
John Legend,Ye
John Legend,Ye
Ye,Albe Back
The‐Dream,Ye
The‐Dream,Caroline Shaw
Ye,Caroline Shaw
Nas,Ye
Nas,Jay Electronica
Nas,Styles P
Nas,"Larry Hoover, Jr."
Nas,Sheek Louch
Nas,Jadakiss
Ye,Jay Electronica
Ye,Styles P
Ye,"Larry Hoover, Jr."
Ye,Sheek Louch
Ye,Jadakiss
Jay Electronica,Styles P
Jay Electronica,"Larry Hoover, Jr."
Jay Electronica,Sheek Louch
Jay Electronica,Jadakiss
Styles P,"Larry Hoover, Jr."
Styles P,Sheek Louch
Styles P,Jadakiss
"Larry Hoover, Jr.",Sheek Louch
"Larry Hoover, Jr.",Jadakiss
Sheek Louch,Jadakiss
Ye,Talib Kweli
Ye,Justin Bieber
Ye,Post Malone
Justin Bieber,Post Malone
Ye,Big Sean
The Beatles,Ye
Ye,Talib Kweli
Ye,Marsha Ambrosius
Mase,John Legend
Mase,Ye
John Legend,Ye
Mase,Ye
Mase,Common
Ye,Common
JAY‐Z,Ye
Ye,Lil Durk
Ye,Vory
Lil Durk,Vory
Mase,Ye
Mase,Common
Ye,Common
Lil Durk,Ye
Lil Durk,Vory
Ye,Vory
Ye,The Game
Ye,Common
The Game,Common
Ye,Swizz Beatz
Ye,Lil Durk
Ye,Vory
Lil Durk,Vory
Mase,Ye
Mase,Common
Ye,Common
Mase,Ye
Ye,Rihanna
Ye,Playboi Carti
A$AP Rocky,Ye
6ix9ine,Ye
Ye,Playboi Carti
Mase,Ye
Mase,Common
Ye,Common
Ty Dolla $ign,Ye
Ty Dolla $ign,Playboi Carti
Ye,Playboi Carti
A$AP Rocky,Ye
A$AP Rocky,Joe Fox
Ye,Joe Fox
Ye,Common
Mase,Ye
Mase,Ye
Mase,Common
Ye,Common
6ix9ine,Ye
Ye,Malik Yusef
Ye,The Game
Ye,Common
The Game,Common
Ye,Playboi Carti
Murphy Lee,Ye
Ye,FERG
The Notorious B.I.G.,Ye
Future,Ye
Ant Clemons,Ye
Keri Hilson,Ye
Keri Hilson,Ne‐Yo
Ye,Ne‐Yo
Ye,Clipse
Westside Gunn,Ye
Westside Gunn,Royce da 5′9″
Westside Gunn,Conway
Westside Gunn,KayCyy
Ye,Royce da 5′9″
Ye,Conway
Ye,KayCyy
Royce da 5′9″,Conway
Royce da 5′9″,KayCyy
Conway,KayCyy
Ant Clemons,Ye
Keri Hilson,Ye
Keri Hilson,Ne‐Yo
Ye,Ne‐Yo
Keri Hilson,Ye
Keri Hilson,Ne‐Yo
Ye,Ne‐Yo
Keri Hilson,Ye
Keri Hilson,Ne‐Yo
Ye,Ne‐Yo
Westside Gunn,Ye
Westside Gunn,Conway
Westside Gunn,KayCyy
Ye,Conway
Ye,KayCyy
Conway,KayCyy
Ant Clemons,Ye
Ye,Ol’ Dirty Bastard
Future,Ye
Keri Hilson,Ye
Keri Hilson,Ne‐Yo
Ye,Ne‐Yo
Keri Hilson,Ye
Keri Hilson,Ne‐Yo
Ye,Ne‐Yo
Keri Hilson,Ye
Keri Hilson,Ne‐Yo
Ye,Ne‐Yo
Keri Hilson,Ye
Keri Hilson,Ne‐Yo
Ye,Ne‐Yo
Future,Ye
Keri Hilson,Ye
Keri Hilson,Ne‐Yo
Ye,Ne‐Yo
Ye,Clipse
Westside Gunn,Ye
Westside Gunn,Conway
Westside Gunn,KayCyy
Ye,Conway
Ye,KayCyy
Conway,KayCyy
Westside Gunn,Ye
JAY‐Z,Ye
Ant Clemons,Ye
Ye,Clipse
Keri Hilson,Ye
Keri Hilson,Ne‐Yo
Ye,Ne‐Yo
Future,Ye
Ye,Ol’ Dirty Bastard
Future,Ye
Ant Clemons,Ye
Ye,Swizz Beatz
Keri Hilson,Ye
Keri Hilson,Ne‐Yo
Ye,Ne‐Yo
Ye,Bun B
Ye,Clipse
Bun B,Clipse
Ye,Clipse
Ye,Ol’ Dirty Bastard
Keri Hilson,Ye
Keri Hilson,Ne‐Yo
Ye,Ne‐Yo
Keri Hilson,Ye
Keri Hilson,Ne‐Yo
Ye,Ne‐Yo
Keri Hilson,Ye
Keri Hilson,Ne‐Yo
Ye,Ne‐Yo
Keri Hilson,Ye
Keri Hilson,Ne‐Yo
Ye,Ne‐Yo
Red Storm,J. Ivy
Red Storm,Ye
Red Storm,Malik Yusef
Red Storm,Fatin Dantzler
J. Ivy,Ye
J. Ivy,Malik Yusef
J. Ivy,Fatin Dantzler
Ye,Malik Yusef
Ye,Fatin Dantzler
Malik Yusef,Fatin Dantzler
Ye,Swizz Beatz
Ye,Monica
Ye,Ol’ Dirty Bastard
Ye,Bun B
Ye,Clipse
Bun B,Clipse
Ye,Ol’ Dirty Bastard
Ye,Pusha T
Katy Perry,Ye
JAY‐Z,Ye
JAY‐Z,T‐Pain
JAY‐Z,Pharrell Williams
Ye,T‐Pain
Ye,Pharrell Williams
T‐Pain,Pharrell Williams
Keri Hilson,Ye
Keri Hilson,Ne‐Yo
Ye,Ne‐Yo
Keri Hilson,Ye
Keri Hilson,Ne‐Yo
Ye,Ne‐Yo
Ye,The Game
Keri Hilson,Ye
Keri Hilson,Ne‐Yo
Ye,Ne‐Yo
Ant Clemons,Ye
Ye,Clipse
Gucci Mane,Ye
Gucci Mane,MF DOOM
Gucci Mane,Lil K
Ye,MF DOOM
Ye,Lil K
MF DOOM,Lil K
Lil Wayne,Ye
Lil Wayne,Static Major
Lil Wayne,Ye
Static Major,Ye
Ye,Fabolous
Ye,Talib Kweli
Ye,Yasiin Bey
Talib Kweli,Yasiin Bey
Ye,Theophilus London
Ye,Rick Ross
Ye,Trae
Rick Ross,Trae
Pusha T,Ye
Pusha T,J. Cole
Pusha T,Cyhi
Pusha T,Big Sean
Ye,J. Cole
Ye,Cyhi
Ye,Big Sean
J. Cole,Cyhi
J. Cole,Big Sean
Cyhi,Big Sean
JAY‐Z,Ye
JAY‐Z,Beyoncé
Ye,Beyoncé
Ye,Malik Yusef
Ye,Grav
Lil Wayne,Ye
Ye,Bktherula
Ye,DJ Clue?
Ye,Fabolous
DJ Clue?,Fabolous
Ye,André 3000
Ye,Tony Williams
Ye,Rick Ross
Ye,GLC
Tony Williams,Rick Ross
Tony Williams,GLC
Rick Ross,GLC
Brandy,Ye
Ye,Rick Ross
JAY‐Z,Ye
Ye,André 3000
Ye,Jagged Edge
Jermaine Dupri,Jagged Edge
Jermaine Dupri,Ye
Jermaine Dupri,Da Brat
Jagged Edge,Ye
Jagged Edge,Da Brat
Ye,Da Brat
Ye,Sunday Service Choir
Ye,Denzel Curry
Sunday Service Choir,Denzel Curry
Pusha T,Ye
Pusha T,J. Cole
Pusha T,Cyhi
Pusha T,Big Sean
Ye,J. Cole
Ye,Cyhi
Ye,Big Sean
J. Cole,Cyhi
J. Cole,Big Sean
Cyhi,Big Sean
Ye,André 3000
Future,Ye
Lil Wayne,Static Major
Lil Wayne,Ye
Static Major,Ye
Lil Wayne,Ye
Kenny G,Ye
Kenny G,Dua Lipa
Ye,Dua Lipa
Ant Clemons,Ye
Ye,Fabolous
Ye,Talib Kweli
Ye,Rick Ross
Ye,Rick Ross
Ye,JAAS
Ye,King Combs
Ye,North West
JAAS,King Combs
JAAS,North West
King Combs,North West
Ye,Rick Ross
Metro Boomin,DaBaby
Metro Boomin,Ye
Metro Boomin,Kendrick Lamar
Metro Boomin,Future
DaBaby,Ye
DaBaby,Kendrick Lamar
DaBaby,Future
Ye,Kendrick Lamar
Ye,Future
Kendrick Lamar,Future
Ye,Rick Ross
Ye,André 3000
Ye,Common
Ye,Malik Yusef
Common,Malik Yusef
Lil Wayne,Static Major
Lil Wayne,Ye
Static Major,Ye
Lil Wayne,Ye
Lil Wayne,Ye
Ant Clemons,Ye
JAY‐Z,Ye
JAY‐Z,Beyoncé
Ye,Beyoncé
JAY‐Z,Ye
JAY‐Z,J. Ivy
Ye,J. Ivy
Kenny G,Ye
Kenny G,Dua Lipa
Kenny G,Ant Clemons
Kenny G,Sunday Service Choir
Ye,Dua Lipa
Ye,Ant Clemons
Ye,Sunday Service Choir
Dua Lipa,Ant Clemons
Dua Lipa,Sunday Service Choir
Ant Clemons,Sunday Service Choir
Ye,André 3000
Ye,André 3000
Ye,Vory
50 Cent,Tony Yayo
50 Cent,Ye
50 Cent,Styles P
50 Cent,J‐Hood
50 Cent,Lloyd Banks
Tony Yayo,Ye
Tony Yayo,Styles P
Tony Yayo,J‐Hood
Tony Yayo,Lloyd Banks
Ye,Styles P
Ye,J‐Hood
Ye,Lloyd Banks
Styles P,J‐Hood
Styles P,Lloyd Banks
J‐Hood,Lloyd Banks
Swizz Beatz,Ye
Swizz Beatz,Charlie Wilson
Swizz Beatz,Yasiin Bey
Swizz Beatz,Raekwon
Ye,Charlie Wilson
Ye,Yasiin Bey
Ye,Raekwon
Charlie Wilson,Yasiin Bey
Charlie Wilson,Raekwon
Yasiin Bey,Raekwon
Eminem,Ye
Eminem,Beanie Sigel
Ye,Beanie Sigel
Lil Wayne,Ye
Lil Wayne,Joe Budden
Ye,Joe Budden
STALONE,Ye
Mary J. Blige,Ye
Ye,Justin Vernon
Ye,MF DOOM
Mary J. Blige,Ye
Ye,Metallica
Ye,XXXTENTACION
Ye,Jack Harlow
XXXTENTACION,Jack Harlow
Ye,LMFAO
Ye,Justin Vernon
Ye,Bon Iver
Ye,Tony Williams
Ye,Bon Iver
¥$,Ty Dolla $ign
¥$,Ye
Ty Dolla $ign,Ye
Busta Rhymes,Ye
The‐Dream,Ye
The‐Dream,A$AP Rocky
The‐Dream,Pusha T
Ye,A$AP Rocky
Ye,Pusha T
A$AP Rocky,Pusha T
R. Kelly,Ye
Ye,D‐Block
Ye,G‐Unit
D‐Block,G‐Unit
Ye,Donna Summer
The‐Dream,Ye
The‐Dream,A$AP Rocky
The‐Dream,Pusha T
Ye,A$AP Rocky
Ye,Pusha T
A$AP Rocky,Pusha T
Ye,Pusha T
Swizz Beatz,Ye
Swizz Beatz,Charlie Wilson
Swizz Beatz,Yasiin Bey
Swizz Beatz,Raekwon
Ye,Charlie Wilson
Ye,Yasiin Bey
Ye,Raekwon
Charlie Wilson,Yasiin Bey
Charlie Wilson,Raekwon
Yasiin Bey,Raekwon
The‐Dream,Ye
The‐Dream,A$AP Rocky
The‐Dream,Pusha T
Ye,A$AP Rocky
Ye,Pusha T
A$AP Rocky,Pusha T
Ye,LMFAO
Mary J. Blige,Ye
Ye,Big Sean
Ye,Talib Kweli
Ye,Rhymefest
Ye,Common
Ye,Q‐Tip
Talib Kweli,Rhymefest
Talib Kweli,Common
Talib Kweli,Q‐Tip
Rhymefest,Common
Rhymefest,Q‐Tip
Common,Q‐Tip
Duffy,Ye
Ye,Really Doe
Ye,Teairra Marí
Ye,Common
Future,Ye
Future,toasty digital
Ye,toasty digital
JAY‐Z,Ye
JAY‐Z,Ye
JAY‐Z,Frank Ocean
Ye,Frank Ocean
JPEGMAFIA,Ye
JPEGMAFIA,Ghostface Killah
Ye,Ghostface Killah
Ye,Kid Cudi
Ye,Common
Kid Cudi,Common
Ye,Kid Cudi
Ye,Common
Kid Cudi,Common
Lil Wayne,Ye
Lil Wayne,T‐Pain
Lil Wayne,Rick Ross
Ye,T‐Pain
Ye,Rick Ross
T‐Pain,Rick Ross
Ye,Rick Ross
Tiara Marie,Ye
Ye,2 Chainz
Ye,Big Sean
Ye,Pusha T
2 Chainz,Big Sean
2 Chainz,Pusha T
Big Sean,Pusha T
Future,Ye
Future,Yung Lean
Ye,Yung Lean
JAY‐Z,Ye
JAY‐Z,Teairra Marí
Ye,Teairra Marí
Young Thug,Ye
Roscoe Dash,Ye
Roscoe Dash,Big Sean
Ye,Big Sean
Ye,Rick Ross
Nicki Minaj,Ye
Ye,Kid Cudi
Ye,Lady Gaga
Ye,Common
Kid Cudi,Lady Gaga
Kid Cudi,Common
Lady Gaga,Common
Ye,Kid Cudi
Ye,Common
Kid Cudi,Common
Ye,Kid Cudi
Ye,Common
Kid Cudi,Common
Ye,Consequence
JAY‐Z,Ye
JAY‐Z,Rick Ross
JAY‐Z,Nicki Minaj
Ye,Rick Ross
Ye,Nicki Minaj
Rick Ross,Nicki Minaj
Ye,Kid Cudi
Ye,Common
Kid Cudi,Common
Ye,Vaughn Anthony
Ye,Malik Yusef
Vaughn Anthony,Malik Yusef
Ye,2 Chainz
Ye,Big Sean
Ye,Pusha T
2 Chainz,Big Sean
2 Chainz,Pusha T
Big Sean,Pusha T
John Legend,Ye
John Legend,Common
John Legend,Malik Yusef
Ye,Common
Ye,Malik Yusef
Common,Malik Yusef
Ye,Nas
6ix9ine,Nicki Minaj
6ix9ine,Ye
Nicki Minaj,Ye
Young Thug,Ye
JAY‐Z,Ye
Ye,Kid Cudi
Ye,Common
Kid Cudi,Common
Ye,Kid Cudi
Ye,Common
Ye,Trackademicks
Kid Cudi,Common
Kid Cudi,Trackademicks
Common,Trackademicks
Ye,2 Chainz
Ye,Big Sean
Ye,Pusha T
2 Chainz,Big Sean
2 Chainz,Pusha T
Big Sean,Pusha T
Future,Ye
Future,2 Chainz
Ye,2 Chainz
6ix9ine,Nicki Minaj
6ix9ine,Ye
Nicki Minaj,Ye
Ye,2 Chainz
Ye,Big Sean
Ye,Pusha T
2 Chainz,Big Sean
2 Chainz,Pusha T
Big Sean,Pusha T
John Legend,Ye
John Legend,Common
John Legend,Malik Yusef
Ye,Common
Ye,Malik Yusef
Common,Malik Yusef
Lil Wayne,Ye
Lil Wayne,Rick Ross
Lil Wayne,T‐Pain
Ye,Rick Ross
Ye,T‐Pain
Rick Ross,T‐Pain
Ye,MF DOOM
Nicki Minaj,Bon Iver
Nicki Minaj,JAY‐Z
Nicki Minaj,Ye
Nicki Minaj,Rick Ross
Bon Iver,JAY‐Z
Bon Iver,Ye
Bon Iver,Rick Ross
JAY‐Z,Ye
JAY‐Z,Rick Ross
Ye,Rick Ross
Ye,2 Chainz
Ye,Big Sean
Ye,Pusha T
2 Chainz,Big Sean
2 Chainz,Pusha T
Big Sean,Pusha T
Roscoe Dash,Ye
Roscoe Dash,Big Sean
Ye,Big Sean
Ye,Kid Cudi
Ye,Common
Kid Cudi,Common
Ye,T‐Pain
Lil Wayne,Ye
Lil Wayne,Rick Ross
Lil Wayne,T‐Pain
Ye,Rick Ross
Ye,T‐Pain
Rick Ross,T‐Pain
Ye,2 Chainz
Ye,Big Sean
Ye,Pusha T
2 Chainz,Big Sean
2 Chainz,Pusha T
Big Sean,Pusha T
Roscoe Dash,Ye
Roscoe Dash,Big Sean
Ye,Big Sean
JAY‐Z,Ye
JAY‐Z,Frank Ocean
Ye,Frank Ocean
Ye,Kid Cudi
Ye,Common
Kid Cudi,Common
Roscoe Dash,Ye
Roscoe Dash,Big Sean
Ye,Big Sean
Ye,Vory
Ye,YNW Melly
John Legend,Ye
JAY‐Z,Ye
JAY‐Z,J. Ivy
Ye,J. Ivy
John Legend,Ye
Ye,Francis and the Lights
Ye,Little Brother
JAY‐Z,Ye
JAY‐Z,Nicki Minaj
Ye,Nicki Minaj
Cassidy,Ye
Cassidy,Ne‐Yo
Ye,Ne‐Yo
Ye,Malik Yusef
Nicki Minaj,Bon Iver
Nicki Minaj,JAY‐Z
Nicki Minaj,Ye
Nicki Minaj,Rick Ross
Bon Iver,JAY‐Z
Bon Iver,Ye
Bon Iver,Rick Ross
JAY‐Z,Ye
JAY‐Z,Rick Ross
Ye,Rick Ross
JAY‐Z,Ye
JAY‐Z,Saul Williams
Ye,Saul Williams
Ye,The Game
JAY‐Z,Ye
Rhymefest,Ye
JAY‐Z,Ye
JAY‐Z,J. Ivy
Ye,J. Ivy
JAY‐Z,Ye
JAY‐Z,Saul Williams
Ye,Saul Williams
JAY‐Z,Ye
Ye,Consequence
Ye,Little Brother
Consequence,Little Brother
Ye,Common
Future,Ye
Future,Playboi Carti
Ye,Playboi Carti
Cassidy,Ye
Cassidy,Ne‐Yo
Ye,Ne‐Yo
Ye,Common
Ye,Don Toliver
Ye,Kid Cudi
Don Toliver,Kid Cudi
JAY‐Z,Ye
Ye,Don Toliver
Ye,Bon Iver
Ye,The Go Getters
JAY‐Z,Ye
JAY‐Z,J. Ivy
Ye,J. Ivy
JAY‐Z,Ye
JAY‐Z,Ye
Janet Jackson,Ye
Nicki Minaj,Bon Iver
Nicki Minaj,JAY‐Z
Nicki Minaj,Ye
Nicki Minaj,Rick Ross
Bon Iver,JAY‐Z
Bon Iver,Ye
Bon Iver,Rick Ross
JAY‐Z,Ye
JAY‐Z,Rick Ross
Ye,Rick Ross
Akon,Ye
Akon,The Notorious B.I.G.
Ye,The Notorious B.I.G.
JAY‐Z,Ye
JAY‐Z,Ye
Ye,DaBaby
Ye,2 Chainz
DaBaby,2 Chainz
JAY‐Z,Ye
JAY‐Z,Ye
Ye,Rick Ross
Ye,Go Getters
JAY‐Z,Ye
Ye,The Game
Cassidy,Ye
Cassidy,Ne‐Yo
Ye,Ne‐Yo
Janet Jackson,Ye
Nicki Minaj,Bon Iver
Nicki Minaj,JAY‐Z
Nicki Minaj,Ye
Nicki Minaj,Rick Ross
Bon Iver,JAY‐Z
Bon Iver,Ye
Bon Iver,Rick Ross
JAY‐Z,Ye
JAY‐Z,Rick Ross
Ye,Rick Ross
Ye,J.V.
Ye,Malik Yusef
Ye,Paul Wall
J.V.,Malik Yusef
J.V.,Paul Wall
Malik Yusef,Paul Wall
Charlie Wilson,JAY‐Z
Charlie Wilson,Ye
Charlie Wilson,Bon Iver
JAY‐Z,Ye
JAY‐Z,Bon Iver
Ye,Bon Iver
Ye,Don Toliver
Ty Dolla $ign,Ye
Ty Dolla $ign,Nicki Minaj
Ye,Nicki Minaj
Ye,Sunday Service Choir
Ye,Chris Brown
Ye,Ghostface Killah
Ye,Pusha T
Ghostface Killah,Pusha T
JAY‐Z,Ye
JAY‐Z,Ye
¥$,Ty Dolla $ign
¥$,Ye
Ty Dolla $ign,Ye
JAY‐Z,Ye
2 Chainz,Pusha T
2 Chainz,JAY‐Z
2 Chainz,Ye
2 Chainz,Big Sean
Pusha T,JAY‐Z
Pusha T,Ye
Pusha T,Big Sean
JAY‐Z,Ye
JAY‐Z,Big Sean
Ye,Big Sean
Ye,Dem Jointz
JAY‐Z,Ye
JAY‐Z,Rohff
Ye,Rohff
Charlie Wilson,Ye
JAY‐Z,Ye
JAY‐Z,Ye
6ix9ine,Ye
6ix9ine,Ty Dolla $ign
6ix9ine,Nicki Minaj
Ye,Ty Dolla $ign
Ye,Nicki Minaj
Ty Dolla $ign,Nicki Minaj
JAY‐Z,Ye
Ye,Ghostface Killah
Ye,Pusha T
Ghostface Killah,Pusha T
JAY‐Z,Ye
Ty Dolla $ign,Ye
Ty Dolla $ign,Nicki Minaj
Ye,Nicki Minaj
Ye,Pusha T
JAY‐Z,Ye
Ye,Pusha T
Ye,Consequence
JAY‐Z,Ye
JAY‐Z,Ye
Ant Clemons,Ye
Ant Clemons,6ix9ine
Ye,6ix9ine
Ye,Travis Scott
Ye,KIRBY
Travis Scott,KIRBY
JAY‐Z,Ye
JAY‐Z,Ye
Ty Dolla $ign,Ye
Ty Dolla $ign,Nicki Minaj
Ye,Nicki Minaj
Ty Dolla $ign,Ye
Ty Dolla $ign,Nicki Minaj
Ye,Nicki Minaj
JAY‐Z,Ye
Ty Dolla $ign,Ye
Ty Dolla $ign,Nicki Minaj
Ye,Nicki Minaj
JAY‐Z,Ye
Ye,toasty digital
Ty Dolla $ign,Ye
Ty Dolla $ign,Nicki Minaj
Ye,Nicki Minaj
Ye,Frank Ocean
¥$,Ty Dolla $ign
¥$,Ye
Ty Dolla $ign,Ye
Ye,Fonzworth Bentley
Ye,Twista
Fonzworth Bentley,Twista
JAY‐Z,Ye
Young Thug,Ye
Young Thug,Swizz Beatz
Young Thug,Rihanna
Ye,Swizz Beatz
Ye,Rihanna
Swizz Beatz,Rihanna
Ye,Teyana Taylor
Westside Gunn,Ye
Westside Gunn,Conway
Westside Gunn,Frank Ocean
Westside Gunn,toasty digital
Ye,Conway
Ye,Frank Ocean
Ye,toasty digital
Conway,Frank Ocean
Conway,toasty digital
Frank Ocean,toasty digital
Cordae,Ye
Ye,Consequence
JAY‐Z,Ye
Pharrell Williams,Ye
Pharrell Williams,Ye
John Legend,Ye
Ye,Pharrell Williams
Ye,The Go Getters
Alicia Keys,Ye
JAY‐Z,Ye
JAY‐Z,Mitski
Ye,Mitski
The‐Dream,JAY‐Z
The‐Dream,Ye
The‐Dream,Frank Ocean
JAY‐Z,Ye
JAY‐Z,Frank Ocean
Ye,Frank Ocean
Ye,Playboi Carti
Ye,Fivio Foreign
Playboi Carti,Fivio Foreign
Ye,Playboi Carti
Ye,Fivio Foreign
Playboi Carti,Fivio Foreign
The‐Dream,JAY‐Z
The‐Dream,Ye
The‐Dream,Frank Ocean
JAY‐Z,Ye
JAY‐Z,Frank Ocean
Ye,Frank Ocean
Ghostface Killah,Ye
Ye,Vory
Rhymefest,Ye
Ye,MF DOOM
John Legend,Ye
Ye,Thurz
Ye,Chief Keef
Ye,Dua Lipa
Pharrell Williams,Ye
Pharrell Williams,Ye
Pharrell Williams,Ye
Ye,Vory
The‐Dream,JAY‐Z
The‐Dream,Ye
The‐Dream,Frank Ocean
JAY‐Z,Ye
JAY‐Z,Frank Ocean
Ye,Frank Ocean
Ye,Justin Bieber
Ye,Post Malone
Justin Bieber,Post Malone
Ye,Chief Keef
John Legend,Ye
Ye,Dua Lipa
Reverend Terry K. Anderson,Ye
Pharrell Williams,Ye
Ye,Vory
Charlie Wilson,Ye
Charlie Wilson,Elon Rutberg
Charlie Wilson,John Legend
Ye,Elon Rutberg
Ye,John Legend
Elon Rutberg,John Legend
Rhymefest,Ye
Ye,Kendrick Lamar
Alicia Keys,Ye
Ye,Mark Spitz
Pharrell Williams,Ye
J.U.S.T.I.C.E. League,Ye
J.U.S.T.I.C.E. League,Stige
Ye,Stige
Ghostface Killah,Ye
Smokepurpp,Ye
The‐Dream,JAY‐Z
The‐Dream,Ye
The‐Dream,Frank Ocean
JAY‐Z,Ye
JAY‐Z,Frank Ocean
Ye,Frank Ocean
John Legend,Ye
Ye,Pharrell Williams
Ye,Pusha T
Ye,Playboi Carti
Ye,Fivio Foreign
Pusha T,Playboi Carti
Pusha T,Fivio Foreign
Playboi Carti,Fivio Foreign
Pharrell Williams,Ye
Ye,Stat Quo
Ye,Malik Yusef
Pharrell Williams,Ye
Twista,Ye
Ye,Consequence
Ye,Sean Leon
Ye,Do or Die
Ye,Mark Spitz
Ye,Perajok
Joyner Lucas,Montana of 300
Joyner Lucas,Ye
Joyner Lucas,Lupe Fiasco
Joyner Lucas,Meek Mill
Joyner Lucas,Sia
Joyner Lucas,Desiigner
Montana of 300,Ye
Montana of 300,Lupe Fiasco
Montana of 300,Meek Mill
Montana of 300,Sia
Montana of 300,Desiigner
Ye,Lupe Fiasco
Ye,Meek Mill
Ye,Sia
Ye,Desiigner
Lupe Fiasco,Meek Mill
Lupe Fiasco,Sia
Lupe Fiasco,Desiigner
Meek Mill,Sia
Meek Mill,Desiigner
Sia,Desiigner
Ye,Bumpy J
Ye,Cam’ron
Ye,Twista
Bumpy J,Cam’ron
Bumpy J,Twista
Cam’ron,Twista
Ye,Consequence
Paul McCartney,Ye
JAY‐Z,Ye
Playboi Carti,Ye
Playboi Carti,Frank Ocean
Playboi Carti,toasty digital
Playboi Carti,Fivio Foreign
Ye,Frank Ocean
Ye,toasty digital
Ye,Fivio Foreign
Frank Ocean,toasty digital
Frank Ocean,Fivio Foreign
toasty digital,Fivio Foreign
Ye,Mark Spitz
Ye,toasty digital
Ye,Frank Ocean
toasty digital,Frank Ocean
Ye,XXXTENTACION
Ye,Travis Barker
XXXTENTACION,Travis Barker
Tapemasters Inc.,Ye
Ye,Stat Quo
JAY‐Z,Ye
JAY‐Z,Otis Redding
Ye,Otis Redding
Ye,Mr Hudson
John Legend,Ye
John Legend,Big Sean
Ye,Big Sean
Paul McCartney,Ye
Ye,Stat Quo
John Legend,Ye
John Legend,Consequence
Ye,Consequence
JAY‐Z,Ye
T.I.,Ye
T.I.,B.o.B
Ye,B.o.B
Paul McCartney,Ye
JAY‐Z,Ye
Ye,Sean Leon
Tim G,Ye
Tim G,Sly Polaroid
Ye,Sly Polaroid
JAY‐Z,Ye
¥$,Ty Dolla $ign
¥$,Ye
Ty Dolla $ign,Ye
Gucci Mane,Ye
Future,Ye
Future,Travis Scott
Ye,Travis Scott
Ye,King Combs
Ye,Do or Die
Ye,Kid Cudi
Ye,Big Sean
Ye,Mr Hudson
Kid Cudi,Big Sean
Kid Cudi,Mr Hudson
Big Sean,Mr Hudson
Ye,XXXTENTACION
Ye,Travis Barker
XXXTENTACION,Travis Barker
Ye,Mr Hudson
JAY‐Z,Ye
JAY‐Z,Otis Redding
Ye,Otis Redding
Ye,Mr Hudson
Paul McCartney,Ty Dolla $ign
Paul McCartney,Ye
Paul McCartney,Caroline Shaw
Ty Dolla $ign,Ye
Ty Dolla $ign,Caroline Shaw
Ye,Caroline Shaw
JAY‐Z,Ye
Ye,Caroline Shaw
JAY‐Z,Ye
Ye,toasty digital
Ye,Playboi Carti
toasty digital,Playboi Carti
Ye,Jamie Foxx
JAY‐Z,Ye
JAY‐Z,Otis Redding
Ye,Otis Redding
JAY‐Z,Ye
Ye,Mr Hudson
¥$,Ty Dolla $ign
¥$,Ye
Ty Dolla $ign,Ye
Ye,Mr Hudson
Keri Hilson,Ye
Ye,Travis Scott
Ye,Baby Keem
Travis Scott,Baby Keem
JAY‐Z,Ye
Ye,Travis Scott
Ye,KayCyy
Travis Scott,KayCyy
Kid Sister,Ye
Ye,Common
Ye,Adam Levine
Kid Sister,Ye
Ye,Travis Scott
Ye,Baby Keem
Ye,KayCyy
Travis Scott,Baby Keem
Travis Scott,KayCyy
Baby Keem,KayCyy
Ye,The Game
Ye,Travis Scott
Ye,Malik Yusef
Ye,SAINt JHN
Ye,Adam Levine
Kid Sister,Ye
Ye,Travis Scott
Ye,Baby Keem
Travis Scott,Baby Keem
Ye,Really Doe
Ty Dolla $ign,Ye
Ty Dolla $ign,toasty digital
Ty Dolla $ign,Lil Durk
Ye,toasty digital
Ye,Lil Durk
toasty digital,Lil Durk
Ye,Adam Levine
Ye,Malik Yusef
Adam Levine,Malik Yusef
Kid Sister,Ye
Ye,Common
Kid Sister,Ye
Ye,Dwele
KIRBY,Ty Dolla $ign
KIRBY,Ye
KIRBY,Lil Uzi Vert
KIRBY,Travis Scott
Ty Dolla $ign,Ye
Ty Dolla $ign,Lil Uzi Vert
Ty Dolla $ign,Travis Scott
Ye,Lil Uzi Vert
Ye,Travis Scott
Lil Uzi Vert,Travis Scott
Kid Sister,Ye
JAY‐Z,Ye
Travis Scott,Ye
Ye,Kid Cudi
Ye,Common
Kid Cudi,Common
Drake,JAY‐Z
Drake,Ye
JAY‐Z,Ye
Ye,Really Doe
Ye,Really Doe
Drake,JAY‐Z
Drake,Ye
JAY‐Z,Ye
Kid Sister,Ye
Ye,Travis Scott
Ye,Baby Keem
Travis Scott,Baby Keem
JAY‐Z,Ye
Fat Joe,DJ Khaled
Fat Joe,Ye
Fat Joe,Busta Rhymes
Fat Joe,Roscoe Dash
Fat Joe,Miguel
Fat Joe,Yasiin Bey
Fat Joe,Jadakiss
DJ Khaled,Ye
DJ Khaled,Busta Rhymes
DJ Khaled,Roscoe Dash
DJ Khaled,Miguel
DJ Khaled,Yasiin Bey
DJ Khaled,Jadakiss
Ye,Busta Rhymes
Ye,Roscoe Dash
Ye,Miguel
Ye,Yasiin Bey
Ye,Jadakiss
Busta Rhymes,Roscoe Dash
Busta Rhymes,Miguel
Busta Rhymes,Yasiin Bey
Busta Rhymes,Jadakiss
Roscoe Dash,Miguel
Roscoe Dash,Yasiin Bey
Roscoe Dash,Jadakiss
Miguel,Yasiin Bey
Miguel,Jadakiss
Yasiin Bey,Jadakiss
Drake,JAY‐Z
Drake,Ye
JAY‐Z,Ye
Kid Sister,Ye
Kid Sister,Ye
Kid Sister,Ye
Desiigner,Ye
Kid Sister,Ye
KIRBY,Ty Dolla $ign
KIRBY,Ye
KIRBY,Lil Uzi Vert
KIRBY,Travis Scott
Ty Dolla $ign,Ye
Ty Dolla $ign,Lil Uzi Vert
Ty Dolla $ign,Travis Scott
Ye,Lil Uzi Vert
Ye,Travis Scott
Lil Uzi Vert,Travis Scott
Rich the Kid,Ye
JAY‐Z,Ye
JAY‐Z,Swizz Beatz
Ye,Swizz Beatz
Kid Sister,Ye
JAY‐Z,Ye
JAY‐Z,Swizz Beatz
Ye,Swizz Beatz
Chance the Rapper,Ye
Ye,Kid Cudi
Ye,Common
Kid Cudi,Common
Keyshia Cole,Ye
Young Thug,Ye
Young Thug,Globglogabgalab
Ye,Globglogabgalab
Ye,Jeezy
Ye,Bump J
JAY‐Z,Ye
Ye,James Blake
Gucci Mane,Ye
JAY‐Z,Ye
JAY‐Z,Memphis Bleek
Ye,Memphis Bleek
Ye,Adam Levine
Ty Dolla $ign,Ye
Ty Dolla $ign,Kendrick Lamar
Ye,Kendrick Lamar
Ye,Kid Cudi
Ye,Pusha T
Kid Cudi,Pusha T
Ye,Jeezy
¥$,Ty Dolla $ign
¥$,Ye
Ty Dolla $ign,Ye
Young Thug,Ye
Paul Wall,Ye
Paul Wall,Slim Thug
Paul Wall,Trae
Paul Wall,Z‐Ro
Paul Wall,The Game
Ye,Slim Thug
Ye,Trae
Ye,Z‐Ro
Ye,The Game
Slim Thug,Trae
Slim Thug,Z‐Ro
Slim Thug,The Game
Trae,Z‐Ro
Trae,The Game
Z‐Ro,The Game
Ye,Tyga
Shenseea,Ye
Shenseea,Roddy Ricch
Ye,Roddy Ricch
Gucci Mane,Ye
Young Thug,Ye
Young Thug,Kid Cudi
Ye,Kid Cudi
Ye,Jeezy
Ye,Jeezy
Ye,James Blake
Rhymefest,Ye
Rhymefest,Bump J
Ye,Bump J
Ye,Roddy Ricch
Ye,Jeezy
Paul Wall,Ye
Paul Wall,Slim Thug
Paul Wall,Trae
Paul Wall,Z‐Ro
Paul Wall,The Game
Ye,Slim Thug
Ye,Trae
Ye,Z‐Ro
Ye,The Game
Slim Thug,Trae
Slim Thug,Z‐Ro
Slim Thug,The Game
Trae,Z‐Ro
Trae,The Game
Z‐Ro,The Game
Ye,Jeezy
Ye,Bump J
Ye,Bump J
Ye,Jeezy
Ye,Rell
Ye,Consequence
Rell,Consequence
DJ Shadow,Lateef
DJ Shadow,Ye
DJ Shadow,Jeezy
DJ Shadow,Q‐Tip
Lateef,Ye
Lateef,Jeezy
Lateef,Q‐Tip
Ye,Jeezy
Ye,Q‐Tip
Jeezy,Q‐Tip
Ye,Jeezy
Ty Dolla $ign,Ye
Ye,MF DOOM
Ye,Jeezy
Ye,Jeezy
Ye,Pusha T
Cano & Valence,Ye
Cano & Valence,Lil Tecca
Cano & Valence,Playboi Carti
Ye,Lil Tecca
Ye,Playboi Carti
Lil Tecca,Playboi Carti
Ye,Jeezy
Ye,Jeezy
Ye,Kidz in the Hall
Ye,Roddy Ricch
Ye,Bump J
Ye,Pusha T
Ye,Jeezy
Ye,Jeezy
Scratch,Ye
Scratch,Consequence
Ye,Consequence
Shenseea,Ye
Shenseea,Roddy Ricch
Ye,Roddy Ricch
Ye,toasty digital
Teefa,Ye
JAY‐Z,Ye
JAY‐Z,Jeezy
Ye,Jeezy
Ye,Rell
Ye,Consequence
Rell,Consequence
Ye,Jeezy
JAY‐Z,Ye
JAY‐Z,Rihanna
Ye,Rihanna
Ye,Rick Ross
Ye,Big Sean
Rick Ross,Big Sean
Ye,Pusha T
Ye,Rick Ross
Ye,Big Sean
Rick Ross,Big Sean
Ye,Justin Bieber
Ye,Raekwon
Justin Bieber,Raekwon
Ye,Pusha T
JAY‐Z,Ye
JAY‐Z,Rihanna
Ye,Rihanna
Ye,Rick Ross
Ye,Big Sean
Rick Ross,Big Sean
Drake,Ye
Drake,Jeezy
Drake,Timbaland
Ye,Jeezy
Ye,Timbaland
Jeezy,Timbaland
JAY‐Z,Ye
JAY‐Z,Rihanna
Ye,Rihanna
JAY‐Z,Ye
JAY‐Z,Rihanna
Ye,Rihanna
The Very Best,Ye
The Very Best,Marvelous Macc Mello
Ye,Marvelous Macc Mello
JAY‐Z,Ye
JAY‐Z,Rihanna
Ye,Rihanna
Ye,Pusha T
Ye,Pusha T
JAY‐Z,Ye
JAY‐Z,Rihanna
Ye,Rihanna
Ye,Jhené Aiko
JAY‐Z,Ye
JAY‐Z,Rihanna
Ye,Rihanna
JAY‐Z,Ye
JAY‐Z,Rihanna
Ye,Rihanna
Ye,Pusha T
Ye,DaBaby
Ye,Baby Keem
DaBaby,Baby Keem
Ye,Pusha T
Ye,Rick Ross
Ye,Big Sean
Rick Ross,Big Sean
JAY‐Z,Ye
JAY‐Z,Rihanna
Ye,Rihanna
JAY‐Z,Ye
JAY‐Z,Rihanna
Ye,Rihanna
Ye,Pusha T
Ye,Caroline Shaw
Ye,Pusha T
Ye,Sampha
JAY‐Z,Ye
JAY‐Z,Rihanna
Ye,Rihanna
Ye,Pusha T
Ye,Caroline Shaw
JAY‐Z,Ye
JAY‐Z,Rihanna
Ye,Rihanna
JAY‐Z,Ye
JAY‐Z,Rihanna
Ye,Rihanna
Lil Wayne,JAY‐Z
Lil Wayne,Ye
Lil Wayne,Ludacris
JAY‐Z,Ye
JAY‐Z,Ludacris
Ye,Ludacris
JAY‐Z,Ye
JAY‐Z,Rihanna
Ye,Rihanna
Ye,Lupe Fiasco
Ye,Kenna
Lupe Fiasco,Kenna
Ye,Caroline Shaw
JAY‐Z,Ye
JAY‐Z,Rihanna
Ye,Rihanna
Ye,Kendrick Lamar
JAY‐Z,Ye
JAY‐Z,Rihanna
Ye,Rihanna
Ye,Slum Village
Charlie Wilson,Ye
Charlie Wilson,Big Sean
Charlie Wilson,Beyoncé
Ye,Big Sean
Ye,Beyoncé
Big Sean,Beyoncé
Ye,Slum Village
Ant Clemons,Ye
Ye,A$AP Rocky
Ye,Pardison Fontaine
A$AP Rocky,Pardison Fontaine
Ye,Slum Village
Ant Clemons,Ye
Ant Clemons,Jeremih
Ant Clemons,070 Shake
Ye,Jeremih
Ye,070 Shake
Jeremih,070 Shake
Ant Clemons,Ye
The‐Dream,Kid Cudi
The‐Dream,Ty Dolla $ign
The‐Dream,Ye
The‐Dream,Desiigner
The‐Dream,070 Shake
Kid Cudi,Ty Dolla $ign
Kid Cudi,Ye
Kid Cudi,Desiigner
Kid Cudi,070 Shake
Ty Dolla $ign,Ye
Ty Dolla $ign,Desiigner
Ty Dolla $ign,070 Shake
Ye,Desiigner
Ye,070 Shake
Desiigner,070 Shake
John Legend,Ye
John Legend,Slum Village
Ye,Slum Village
Ye,MF DOOM
will.i.am,Ye
will.i.am,XXXTENTACION
will.i.am,Ski Mask the Slump God
Ye,XXXTENTACION
Ye,Ski Mask the Slump God
XXXTENTACION,Ski Mask the Slump God
Eminem,DJ Mariano
Eminem,Ye
DJ Mariano,Ye
John Legend,Ye
John Legend,Slum Village
Ye,Slum Village
Ant Clemons,Ye
The‐Dream,Kid Cudi
The‐Dream,Ty Dolla $ign
The‐Dream,Ye
The‐Dream,Desiigner
The‐Dream,070 Shake
Kid Cudi,Ty Dolla $ign
Kid Cudi,Ye
Kid Cudi,Desiigner
Kid Cudi,070 Shake
Ty Dolla $ign,Ye
Ty Dolla $ign,Desiigner
Ty Dolla $ign,070 Shake
Ye,Desiigner
Ye,070 Shake
Desiigner,070 Shake
Ye,Slum Village
Ye,Project Pat
Ye,Three 6 Mafia
Project Pat,Three 6 Mafia
John Legend,Ye
John Legend,Slum Village
Ye,Slum Village
John Legend,Ye
John Legend,Slum Village
Ye,Slum Village
Ye,MF DOOM
Lil Wayne,Ye
Ye,toasty digital
John Legend,Ye
John Legend,Slum Village
Ye,Slum Village
John Legend,Ye
John Legend,Slum Village
Ye,Slum Village
Ye,Syleena Johnson
Ye,Malik Yusef
Future,Ye
Future,Lil Durk
Ye,Lil Durk
Eminem,Ye
Eminem,Bobby Creekwater
Ye,Bobby Creekwater
Eminem,Ye
Eminem,Bobby Creekwater
Ye,Bobby Creekwater
Kid Cudi,Ty Dolla $ign
Kid Cudi,Ye
Kid Cudi,Desiigner
Kid Cudi,070 Shake
Ty Dolla $ign,Ye
Ty Dolla $ign,Desiigner
Ty Dolla $ign,070 Shake
Ye,Desiigner
Ye,070 Shake
Desiigner,070 Shake
Ye,Project Pat
Ye,Three 6 Mafia
Project Pat,Three 6 Mafia
John Legend,Ye
John Legend,Slum Village
Ye,Slum Village
Santigold,Ye
Santigold,Bon Iver
Ye,Bon Iver
Ye,Slum Village
"Tyler, The Creator",Ye
"Tyler, The Creator",A$AP Rocky
"Tyler, The Creator",Pardison Fontaine
Ye,A$AP Rocky
Ye,Pardison Fontaine
A$AP Rocky,Pardison Fontaine
Ye,Lil Durk
Ye,Vory
Lil Durk,Vory
Ye,Kid Cudi
Charlie Wilson,Ye
Charlie Wilson,Big Sean
Charlie Wilson,Beyoncé
Ye,Big Sean
Ye,Beyoncé
Big Sean,Beyoncé
Ye,Lauryn Hill
Ye,King Louie
Ye,Consequence
Ye,Tony Williams
Lil Wayne,Ye
Ye,Jamie Foxx
Ye,Twista
Jamie Foxx,Twista
The Beatles,Ye
The Beatles,Common
Ye,Common
Ty Dolla $ign,Ye
Ty Dolla $ign,Juicy J
Ty Dolla $ign,Playboi Carti
Ye,Juicy J
Ye,Playboi Carti
Juicy J,Playboi Carti
John Legend,Ye
John Legend,Consequence
Ye,Consequence
Ye,Common
Twista,Ye
Twista,Jamie Foxx
Ye,Jamie Foxx
Chance the Rapper,Ye
Ye,GLC
Ye,Consequence
GLC,Consequence
Swizz Beatz,Pusha T
Swizz Beatz,JAY‐Z
Swizz Beatz,Ye
Swizz Beatz,RZA
Swizz Beatz,Cyhi
Pusha T,JAY‐Z
Pusha T,Ye
Pusha T,RZA
Pusha T,Cyhi
JAY‐Z,Ye
JAY‐Z,RZA
JAY‐Z,Cyhi
Ye,RZA
Ye,Cyhi
RZA,Cyhi
Ye,Pusha T
Twista,Ye
Twista,Jamie Foxx
Ye,Jamie Foxx
Twista,Ye
Twista,Jamie Foxx
Ye,Jamie Foxx
Ye,Lupe Fiasco
Ye,Common
Lupe Fiasco,Common
Swizz Beatz,Pusha T
Swizz Beatz,JAY‐Z
Swizz Beatz,Ye
Swizz Beatz,RZA
Swizz Beatz,Cyhi
Pusha T,JAY‐Z
Pusha T,Ye
Pusha T,RZA
Pusha T,Cyhi
JAY‐Z,Ye
JAY‐Z,RZA
JAY‐Z,Cyhi
Ye,RZA
Ye,Cyhi
RZA,Cyhi
Ye,Jamie Foxx
Ye,Twista
Jamie Foxx,Twista
Twista,Ye
Twista,Jamie Foxx
Ye,Jamie Foxx
Lil Wayne,"Tyler, The Creator"
Lil Wayne,Ye
"Tyler, The Creator",Ye
Twista,Ye
Twista,Jamie Foxx
Ye,Jamie Foxx
Ye,Jamie Foxx
Ye,Twista
Jamie Foxx,Twista
JAY‐Z,Ye
JAY‐Z,Swizz Beatz
Ye,Swizz Beatz
T.I.,Ye
Lil Wayne,"Tyler, The Creator"
Lil Wayne,Ye
"Tyler, The Creator",Ye
¥$,Ty Dolla $ign
¥$,Ye
Ty Dolla $ign,Ye
Ye,Common
Ye,Consequence
Ye,Khayree
Consequence,Khayree
Ye,Jamie Foxx
Ye,Twista
Jamie Foxx,Twista
Ye,Common
Ye,Amerigo Gazaway
Ye,Jamie Foxx
Ye,Twista
Jamie Foxx,Twista
Twista,Ye
Twista,Jamie Foxx
Ye,Jamie Foxx
Ye,Common
Swizz Beatz,Pusha T
Swizz Beatz,JAY‐Z
Swizz Beatz,Ye
Swizz Beatz,RZA
Swizz Beatz,Cyhi
Pusha T,JAY‐Z
Pusha T,Ye
Pusha T,RZA
Pusha T,Cyhi
JAY‐Z,Ye
JAY‐Z,RZA
JAY‐Z,Cyhi
Ye,RZA
Ye,Cyhi
RZA,Cyhi
¥$,Ty Dolla $ign
¥$,Ye
Ty Dolla $ign,Ye
Ye,Jamie Foxx
Ye,Twista
Jamie Foxx,Twista
Ye,SAINt JHN
Twista,Ye
Twista,Jamie Foxx
Ye,Jamie Foxx
JAY‐Z,Ye
JAY‐Z,Consequence
JAY‐Z,John Legend
Ye,Consequence
Ye,John Legend
Consequence,John Legend
Ye,Jamie Foxx
Ye,Twista
Jamie Foxx,Twista
Ye,Jamie Foxx
Ye,Twista
Jamie Foxx,Twista
Violet Nine,Ye
Violet Nine,Malik Yusef
Ye,Malik Yusef
Ye,Common
Ye,Pusha T
Ye,The World Famous Tony Williams
Pusha T,The World Famous Tony Williams
Twista,Ye
Twista,Jamie Foxx
Ye,Jamie Foxx
Ye,Common
Ye,Twista
Ye,GLC
Ye,Consequence
GLC,Consequence
Twista,Ye
Twista,Jamie Foxx
Ye,Jamie Foxx
Ye,Pusha T
Ye,Sunday Service Choir
Pusha T,Sunday Service Choir
Ye,Jamie Foxx
Ye,Twista
Jamie Foxx,Twista
Ye,Jamie Foxx
Ye,Twista
Jamie Foxx,Twista
Twista,Ye
Twista,Jamie Foxx
Ye,Jamie Foxx
John Legend,Ye
John Legend,GLC
Ye,GLC
Ye,Common
Ye,GLC
Ye,Consequence
GLC,Consequence
Ye,Amerigo Gazaway
Ye,Common
John Legend,Ye
John Legend,Consequence
Ye,Consequence
Lil Wayne,"Tyler, The Creator"
Lil Wayne,Ye
"Tyler, The Creator",Ye
JAY‐Z,Ye
JAY‐Z,Consequence
Ye,Consequence
Twista,Ye
Ye,Consequence
Ye,Khayree
Consequence,Khayree
Ye,GLC
Ye,Consequence
GLC,Consequence
Ye,GLC
Ye,Consequence
GLC,Consequence
Ye,Common
Ye,James Blake
Ye,Common
Ye,Nas
Swizz Beatz,Fabolous
Swizz Beatz,Ryan Leslie
Swizz Beatz,Ye
Swizz Beatz,Lloyd Banks
Fabolous,Ryan Leslie
Fabolous,Ye
Fabolous,Lloyd Banks
Ryan Leslie,Ye
Ryan Leslie,Lloyd Banks
Ye,Lloyd Banks
Ye,Ludacris
Daft Punk,Ye
Ye,Chrisette Michele
Ye,Nas
Chrisette Michele,Nas
JAY‐Z,Ye
Swizz Beatz,Fabolous
Swizz Beatz,Pusha T
Swizz Beatz,Ryan Leslie
Swizz Beatz,Ye
Swizz Beatz,Lloyd Banks
Fabolous,Pusha T
Fabolous,Ryan Leslie
Fabolous,Ye
Fabolous,Lloyd Banks
Pusha T,Ryan Leslie
Pusha T,Ye
Pusha T,Lloyd Banks
Ryan Leslie,Ye
Ryan Leslie,Lloyd Banks
Ye,Lloyd Banks
Ye,MF DOOM
Ye,Nas
Ye,Chrisette Michele
Ye,Nas
Chrisette Michele,Nas
Future,Ye
Future,King Blow
Ye,King Blow
Slique,Ye
Slique,Malik Yusef
Slique,Brando Gordon
Slique,J.V.
Slique,Spike Rebel
Ye,Malik Yusef
Ye,Brando Gordon
Ye,J.V.
Ye,Spike Rebel
Malik Yusef,Brando Gordon
Malik Yusef,J.V.
Malik Yusef,Spike Rebel
Brando Gordon,J.V.
Brando Gordon,Spike Rebel
J.V.,Spike Rebel
88‐Keys,Ye
Ye,toasty digital
Ye,Buju Banton
toasty digital,Buju Banton
The Beatles,Ye
The Beatles,88‐Keys
Ye,88‐Keys
Swizz Beatz,Fabolous
Swizz Beatz,Ryan Leslie
Swizz Beatz,Ye
Swizz Beatz,Lloyd Banks
Fabolous,Ryan Leslie
Fabolous,Ye
Fabolous,Lloyd Banks
Ryan Leslie,Ye
Ryan Leslie,Lloyd Banks
Ye,Lloyd Banks
Ye,Bon Iver
Ye,SAINt JHN
Ye,French Montana
Ye,Buju Banton
SAINt JHN,French Montana
SAINt JHN,Buju Banton
French Montana,Buju Banton
Swizz Beatz,Pusha T
Swizz Beatz,Fabolous
Swizz Beatz,Ryan Leslie
Swizz Beatz,Ye
Swizz Beatz,Lloyd Banks
Pusha T,Fabolous
Pusha T,Ryan Leslie
Pusha T,Ye
Pusha T,Lloyd Banks
Fabolous,Ryan Leslie
Fabolous,Ye
Fabolous,Lloyd Banks
Ryan Leslie,Ye
Ryan Leslie,Lloyd Banks
Ye,Lloyd Banks
Shawnna,Ye
Shawnna,Ludacris
Ye,Ludacris
88‐Keys,Ye
Ye,Nas
88‐Keys,Ye
88‐Keys,Malik Yusef
Ye,Malik Yusef
Yung Lean,Vic Mensa
Yung Lean,Ye
Vic Mensa,Ye
Ye,Chrisette Michele
Ye,Nas
Chrisette Michele,Nas
JAY‐Z,Ye
Freddie Gibbs,Ye
Freddie Gibbs,Chip tha Ripper
Freddie Gibbs,Tony Williams
Ye,Chip tha Ripper
Ye,Tony Williams
Chip tha Ripper,Tony Williams
Ye,Chrisette Michele
Ye,Nas
Chrisette Michele,Nas
Ye,Nas
Ye,Ludacris
Ye,Mr Hudson
Ye,André 3000
Ye,Lil Baby
Ye,Frank Ocean
Ye,toasty digital
André 3000,Lil Baby
André 3000,Frank Ocean
André 3000,toasty digital
Lil Baby,Frank Ocean
Lil Baby,toasty digital
Frank Ocean,toasty digital
Brandy,Ye
Ice Cube,Ye
Ice Cube,E‐40
Ice Cube,The Game
Ye,E‐40
Ye,The Game
E‐40,The Game
Ye,Cam’ron
Cano & Valence,Ye
Cano & Valence,MF DOOM
Cano & Valence,Pusha T
Ye,MF DOOM
Ye,Pusha T
MF DOOM,Pusha T
Ye,Mr Hudson
Lil Wayne,JAY‐Z
Lil Wayne,Ye
Lil Wayne,T.I.
JAY‐Z,Ye
JAY‐Z,T.I.
Ye,T.I.
Ye,Consequence
Ye,Bon Iver
Ye,Assassin
Bon Iver,Assassin
Ye,Mr Hudson
Ye,Mr Hudson
Brandy,Ye
Brandy,Ye
Ye,Mr Hudson
T.I.,JAY‐Z
T.I.,Ye
T.I.,Lil Wayne
JAY‐Z,Ye
JAY‐Z,Lil Wayne
Ye,Lil Wayne
Ye,E‐40
Ye,Sam Smith
Ye,Mr Hudson
Keri Hilson,Ye
Keri Hilson,Pusha T
Keri Hilson,Cyhi
Ye,Pusha T
Ye,Cyhi
Pusha T,Cyhi
Brandy,Ye
Bon Iver,Ye
Bon Iver,Francis and the Lights
Ye,Francis and the Lights
Ye,Jarreau Vandal
Young Money,Ye
Young Money,The Weeknd
Ye,The Weeknd
Ye,Pop Smoke
Ye,Pusha T
Pop Smoke,Pusha T
Lil Wayne,Busta Rhymes
Lil Wayne,Ye
Lil Wayne,Q‐Tip
Busta Rhymes,Ye
Busta Rhymes,Q‐Tip
Ye,Q‐Tip
Kibou,Ye
Kibou,Gorillaz
Ye,Gorillaz
Jessica Shores,Ye
Lil Wayne,Busta Rhymes
Lil Wayne,Ye
Lil Wayne,Q‐Tip
Busta Rhymes,Ye
Busta Rhymes,Q‐Tip
Ye,Q‐Tip
Keri Hilson,Ye
Keri Hilson,Pusha T
Keri Hilson,Cyhi
Ye,Pusha T
Ye,Cyhi
Pusha T,Cyhi
Ye,James Blake
Keri Hilson,Ye
Keri Hilson,Pusha T
Keri Hilson,Cyhi
Ye,Pusha T
Ye,Cyhi
Pusha T,Cyhi
Drake,Ye
Drake,The Weeknd
Ye,The Weeknd
Ye,Mr Hudson
Lil Wayne,Busta Rhymes
Lil Wayne,Ye
Lil Wayne,Q‐Tip
Busta Rhymes,Ye
Busta Rhymes,Q‐Tip
Ye,Q‐Tip
Ye,Consequence
Brandy,Ye
Lil Wayne,Busta Rhymes
Lil Wayne,Ye
Lil Wayne,Q‐Tip
Busta Rhymes,Ye
Busta Rhymes,Q‐Tip
Ye,Q‐Tip
Lil Wayne,T.I.
Lil Wayne,JAY‐Z
Lil Wayne,Ye
Lil Wayne,Trae
T.I.,JAY‐Z
T.I.,Ye
T.I.,Trae
JAY‐Z,Ye
JAY‐Z,Trae
Ye,Trae
Ye,Big Sean
Ye,TERIYAKI BOYZ
Big Sean,TERIYAKI BOYZ
Ye,James Blake
Ye,Denzel Curry
Keri Hilson,Ye
Keri Hilson,Pusha T
Keri Hilson,Cyhi
Ye,Pusha T
Ye,Cyhi
Pusha T,Cyhi
Lil Wayne,Busta Rhymes
Lil Wayne,Ye
Lil Wayne,Q‐Tip
Busta Rhymes,Ye
Busta Rhymes,Q‐Tip
Ye,Q‐Tip
Drake,Ye
Drake,The Weeknd
Ye,The Weeknd
Ye,A$AP Rocky
T.I.,JAY‐Z
T.I.,Ye
T.I.,Lil Wayne
JAY‐Z,Ye
JAY‐Z,Lil Wayne
Ye,Lil Wayne
Ye,Mr Hudson
The Game,Ye
The Game,E‐40
Ye,E‐40
M.I.A.,Ye
Brandy,Ye
Ye,Big Sean
Ye,TERIYAKI BOYZ
Big Sean,TERIYAKI BOYZ
Ye,Big Sean
Ye,TERIYAKI BOYZ
Big Sean,TERIYAKI BOYZ
Ye,Mr Hudson
Brandy,Ye
Ye,Pop Smoke
Ye,2 Chainz
Pop Smoke,2 Chainz
Ye,ScHoolboy Q
Ye,Consequence
Ye,Pop Smoke
Ye,Pusha T
Pop Smoke,Pusha T
Ye,Mr Hudson
Ye,Jarreau Vandal
Ye,Denzel Curry
Jarreau Vandal,Denzel Curry
Ye,Mr Hudson
Ye,Mr Hudson
Ye,Mr Hudson
Lil Wayne,JAY‐Z
Lil Wayne,T.I.
Lil Wayne,Ye
JAY‐Z,T.I.
JAY‐Z,Ye
T.I.,Ye
Ye,Consequence
JAY‐Z,Ye
The‐Dream,Ty Dolla $ign
The‐Dream,Ye
The‐Dream,Ant Clemons
The‐Dream,Teyana Taylor
Ty Dolla $ign,Ye
Ty Dolla $ign,Ant Clemons
Ty Dolla $ign,Teyana Taylor
Ye,Ant Clemons
Ye,Teyana Taylor
Ant Clemons,Teyana Taylor
JAY‐Z,Ye
Ye,Talib Kweli
Kid Cudi,Pete Rock
Kid Cudi,JAY‐Z
Kid Cudi,Ye
Kid Cudi,Curtis Mayfield
Kid Cudi,Charlie Wilson
Pete Rock,JAY‐Z
Pete Rock,Ye
Pete Rock,Curtis Mayfield
Pete Rock,Charlie Wilson
JAY‐Z,Ye
JAY‐Z,Curtis Mayfield
JAY‐Z,Charlie Wilson
Ye,Curtis Mayfield
Ye,Charlie Wilson
Curtis Mayfield,Charlie Wilson
The‐Dream,Ty Dolla $ign
The‐Dream,Ye
The‐Dream,Ant Clemons
Ty Dolla $ign,Ye
Ty Dolla $ign,Ant Clemons
Ye,Ant Clemons
JAY‐Z,Ye
JAY‐Z,Ye
Ye,Yaw
Ye,Malik Yusef
Ye,Mr Hudson
Yaw,Malik Yusef
Yaw,Mr Hudson
Malik Yusef,Mr Hudson
Ye,ScHoolboy Q
Ye,Common
Ye,Common
The‐Dream,Ty Dolla $ign
The‐Dream,Ye
Ty Dolla $ign,Ye
Ye,Prinz Pi
Ye,ScHoolboy Q
JAY‐Z,Ye
Ye,Cassius Henry
Ye,Common
Drake,Ye
Drake,ScHoolboy Q
Ye,ScHoolboy Q
Ye,Consequence
Freeway,Ye
Freeway,Cassius Henry
Ye,Cassius Henry
Cam’ron,Ye
Cam’ron,Young Chris
Cam’ron,Damon Dash
Cam’ron,Beans
Cam’ron,Twista
Ye,Young Chris
Ye,Damon Dash
Ye,Beans
Ye,Twista
Young Chris,Damon Dash
Young Chris,Beans
Young Chris,Twista
Damon Dash,Beans
Damon Dash,Twista
Beans,Twista
Ye,Consequence
Ye,2 Chainz
Ye,Marsha Ambrosius
Ye,Big Sean
2 Chainz,Marsha Ambrosius
2 Chainz,Big Sean
Marsha Ambrosius,Big Sean
Ye,Fonzworth Bentley
Ye,Common
Ye,Consequence
The Last Poets,Ye
The Last Poets,Common
Ye,Common
Lil Wayne,JAY‐Z
Lil Wayne,Ye
Lil Wayne,T.I.
JAY‐Z,Ye
JAY‐Z,T.I.
Ye,T.I.
Ye,Kid Cudi
Ye,XXXTENTACION
Kid Cudi,XXXTENTACION
JAY‐Z,Ye
JAY‐Z,Ye
Kid Cudi,Pete Rock
Kid Cudi,JAY‐Z
Kid Cudi,Ye
Kid Cudi,Curtis Mayfield
Kid Cudi,Charlie Wilson
Pete Rock,JAY‐Z
Pete Rock,Ye
Pete Rock,Curtis Mayfield
Pete Rock,Charlie Wilson
JAY‐Z,Ye
JAY‐Z,Curtis Mayfield
JAY‐Z,Charlie Wilson
Ye,Curtis Mayfield
Ye,Charlie Wilson
Curtis Mayfield,Charlie Wilson
Luke,Ye
Luke,Fonzworth Bentley
Luke,Twista
Ye,Fonzworth Bentley
Ye,Twista
Fonzworth Bentley,Twista
The‐Dream,Ty Dolla $ign
The‐Dream,Ye
The‐Dream,Ant Clemons
The‐Dream,Teyana Taylor
Ty Dolla $ign,Ye
Ty Dolla $ign,Ant Clemons
Ty Dolla $ign,Teyana Taylor
Ye,Ant Clemons
Ye,Teyana Taylor
Ant Clemons,Teyana Taylor
JAY‐Z,Ye
JAY‐Z,Curtis Mayfield
Ye,Curtis Mayfield
JAY‐Z,Ye
JAY‐Z,Elly Jackson
Ye,Elly Jackson
Kid Cudi,Pete Rock
Kid Cudi,JAY‐Z
Kid Cudi,Ye
Kid Cudi,Curtis Mayfield
Kid Cudi,Charlie Wilson
Pete Rock,JAY‐Z
Pete Rock,Ye
Pete Rock,Curtis Mayfield
Pete Rock,Charlie Wilson
JAY‐Z,Ye
JAY‐Z,Curtis Mayfield
JAY‐Z,Charlie Wilson
Ye,Curtis Mayfield
Ye,Charlie Wilson
Curtis Mayfield,Charlie Wilson
Ye,2 Chainz
Ye,Marsha Ambrosius
Ye,Big Sean
2 Chainz,Marsha Ambrosius
2 Chainz,Big Sean
Marsha Ambrosius,Big Sean
Ye,Common
Ye,Consequence
Ye,Cassius Henry
Ye,Ne‐Yo
Ye,2 Chainz
Ye,Marsha Ambrosius
Ye,Big Sean
2 Chainz,Marsha Ambrosius
2 Chainz,Big Sean
Marsha Ambrosius,Big Sean
Ty Dolla $ign,Ye
Ty Dolla $ign,XXXTENTACION
Ty Dolla $ign,Kid Cudi
Ye,XXXTENTACION
Ye,Kid Cudi
XXXTENTACION,Kid Cudi
Luke,Ye
Luke,Fonzworth Bentley
Luke,Twista
Ye,Fonzworth Bentley
Ye,Twista
Fonzworth Bentley,Twista
JAY‐Z,Ye
Ye,Consequence
Ty Dolla $ign,Ye
Ty Dolla $ign,XXXTENTACION
Ty Dolla $ign,Ant Clemons
Ye,XXXTENTACION
Ye,Ant Clemons
XXXTENTACION,Ant Clemons
Gonzoe,Scarface
Gonzoe,Ye
Gonzoe,Poppa LQ
Scarface,Ye
Scarface,Poppa LQ
Ye,Poppa LQ
Ye,Consequence
Ty Dolla $ign,Ye
Ty Dolla $ign,XXXTENTACION
Ty Dolla $ign,Kid Cudi
Ye,XXXTENTACION
Ye,Kid Cudi
XXXTENTACION,Kid Cudi
Ye,Common
Abstract Mindstate,Ye
Ye,Talib Kweli
Ye,Common
Talib Kweli,Common
JAY‐Z,Ye
JAY‐Z,Curtis Mayfield
Ye,Curtis Mayfield
Ye,T‐Pain
Ye,Consequence
Kid Cudi,Ty Dolla $ign
Kid Cudi,Ye
Kid Cudi,Ant Clemons
Kid Cudi,XXXTENTACION
Ty Dolla $ign,Ye
Ty Dolla $ign,Ant Clemons
Ty Dolla $ign,XXXTENTACION
Ye,Ant Clemons
Ye,XXXTENTACION
Ant Clemons,XXXTENTACION
Ye,ScHoolboy Q
Ye,Dilated Peoples
Drake,Lil Wayne
Drake,Metallica
Drake,Ye
Drake,Eminem
Lil Wayne,Metallica
Lil Wayne,Ye
Lil Wayne,Eminem
Metallica,Ye
Metallica,Eminem
Ye,Eminem
Ye,Consequence
Ye,Common
Consequence,Common
Wale,Ty Dolla $ign
Wale,Ye
Ty Dolla $ign,Ye
Lil Wayne,Ye
Lil Wayne,Eminem
Ye,Eminem
Wale,Ty Dolla $ign
Wale,Ye
Ty Dolla $ign,Ye
Ye,Dilated Peoples
Ye,The Game
Ye,Ludacris
The Game,Ludacris
Ye,T‐Pain
Ye,Dilated Peoples
Maroon 5,Ye
Ye,Dilated Peoples
John Legend,Ye
John Legend,Common
Ye,Common
Ye,Carl Thomas
Dr. Dre,Ye
Dr. Dre,Snoop Dogg
Ye,Snoop Dogg
John Legend,Ye
John Legend,Dilated Peoples
Ye,Dilated Peoples
Ye,The Go Getters
Ye,Carl Thomas
Ye,Dilated Peoples
Eminem,Ye
Eminem,Lil Wayne
Ye,Lil Wayne
Ye,Carl Thomas
Ye,Dilated Peoples
Ye,Lil Peep
Ye,Common
Ye,Dilated Peoples
Ye,James Blake
Ty Dolla $ign,Ye
Ye,Momo Boyd
Ye,Dilated Peoples
Wale,Ty Dolla $ign
Wale,Ye
Ty Dolla $ign,Ye
Ye,Dilated Peoples
Lil Wayne,Ye
Lil Wayne,Lupe Fiasco
Lil Wayne,Travie McCoy
Ye,Lupe Fiasco
Ye,Travie McCoy
Lupe Fiasco,Travie McCoy
John Legend,Ye
John Legend,Common
Ye,Common
Ye,Dilated Peoples
Ye,James Blake
Ye,Malik Yusef
Sen City,Jim Jones
Sen City,Ye
Sen City,Cam’ron
Jim Jones,Ye
Jim Jones,Cam’ron
Ye,Cam’ron
Ye,Lupe Fiasco
Ye,Big Sean
Lil Wayne,Ye
Lil Wayne,Pitbull
Lil Wayne,Kesha
Ye,Pitbull
Ye,Kesha
Pitbull,Kesha
Ye,Lupe Fiasco
R. Kelly,Ye
R. Kelly,Teyana Taylor
Ye,Teyana Taylor
Ye,Lupe Fiasco
Ye,Lupe Fiasco
Ye,Lupe Fiasco
Ye,Lupe Fiasco
Desiigner,Ye
Ye,XXXTENTACION
ZZAJÉ,Ye
ZZAJÉ,Jennifer Hudson
ZZAJÉ,Malik Yusef
Ye,Jennifer Hudson
Ye,Malik Yusef
Jennifer Hudson,Malik Yusef
Ty Dolla $ign,Ye
Ty Dolla $ign,Anderson .Paak
Ty Dolla $ign,Thundercat
Ye,Anderson .Paak
Ye,Thundercat
Anderson .Paak,Thundercat
¥$,Ty Dolla $ign
¥$,Ye
Ty Dolla $ign,Ye
YG,Ye
YG,toasty digital
YG,Ty Dolla $ign
Ye,toasty digital
Ye,Ty Dolla $ign
toasty digital,Ty Dolla $ign
Kid Cudi,Ty Dolla $ign
Kid Cudi,Ye
Kid Cudi,Ant Clemons
Kid Cudi,XXXTENTACION
Ty Dolla $ign,Ye
Ty Dolla $ign,Ant Clemons
Ty Dolla $ign,XXXTENTACION
Ye,Ant Clemons
Ye,XXXTENTACION
Ant Clemons,XXXTENTACION
Ye,Lupe Fiasco
Ye,Pusha T
Ty Dolla $ign,Ye
Ty Dolla $ign,Anderson .Paak
Ty Dolla $ign,Thundercat
Ye,Anderson .Paak
Ye,Thundercat
Anderson .Paak,Thundercat
Ye,Lupe Fiasco
Chaka Khan,Ye
Chaka Khan,Elton John
Ye,Elton John
Ye,XXXTENTACION
Ye,Bump J
Ye,Sly Polaroid
Bump J,Sly Polaroid
Ye,Lupe Fiasco
John Legend,Bon Iver
John Legend,Ye
John Legend,Elly Jackson
John Legend,The WRLDFMS Tony Williams
Bon Iver,Ye
Bon Iver,Elly Jackson
Bon Iver,The WRLDFMS Tony Williams
Ye,Elly Jackson
Ye,The WRLDFMS Tony Williams
Elly Jackson,The WRLDFMS Tony Williams
Ye,Lupe Fiasco
Ye,Lupe Fiasco
Ye,Lupe Fiasco
Ye,Rich Boy
Ye,Rich Boy
Ye,Common
Ye,Lupe Fiasco
Ye,Lupe Fiasco
Ye,The LOX
Lupe Fiasco,The LOX
R. Kelly,Ye
Ye,Cage & Aviary
Desiigner,Ye
Ye,Lupe Fiasco
Ye,Lupe Fiasco
Ye,The Boys Choir of Harlem
Ye,Stat Quo
Ye,Talib Kweli
Freeway,Ye
Chance the Rapper,Ye
Chance the Rapper,Kirk Franklin
Ye,Kirk Franklin
DJ Scratch,Ye
Ye,Talib Kweli
Freeway,Ye
Freeway,The Boys Choir of Harlem
Freeway,Yasiin Bey
Ye,The Boys Choir of Harlem
Ye,Yasiin Bey
The Boys Choir of Harlem,Yasiin Bey
Freeway,Ye
Freeway,Yasiin Bey
Ye,Yasiin Bey
Ye,The Go Getters
Ye,Lupe Fiasco
Ye,Pharrell Williams
Lupe Fiasco,Pharrell Williams
Ye,Lupe Fiasco
Ye,Pharrell Williams
Lupe Fiasco,Pharrell Williams
Ye,Sunday Service Choir
Vic Mensa,Ye
Freeway,Ye
Freeway,The Boys Choir of Harlem
Freeway,Yasiin Bey
Ye,The Boys Choir of Harlem
Ye,Yasiin Bey
The Boys Choir of Harlem,Yasiin Bey
Ty Dolla $ign,Ye
Kenny G,Ye
Kenny G,Clipse
Ye,Clipse
Ye,Lupe Fiasco
Ye,Pharrell Williams
Lupe Fiasco,Pharrell Williams
Ye,Lupe Fiasco
Ye,Pharrell Williams
Lupe Fiasco,Pharrell Williams
Ye,The Boys Choir of Harlem
Ye,Yasiin Bey
The Boys Choir of Harlem,Yasiin Bey
Vic Mensa,Ye
Ye,Talib Kweli
Vic Mensa,Ye
Freeway,Ye
Freeway,Yasiin Bey
Ye,Yasiin Bey
Vic Mensa,Ye
Ye,Talib Kweli
Ye,Consequence
Ye,Common
Talib Kweli,Consequence
Talib Kweli,Common
Consequence,Common
Vic Mensa,Ye
Ye,Malik Yusef
Ye,White Boy
Ye,B‐Lo
White Boy,B‐Lo
Ye,Lupe Fiasco
Ye,Pharrell Williams
Lupe Fiasco,Pharrell Williams
Freeway,Ye
Freeway,The Boys Choir of Harlem
Freeway,Yasiin Bey
Ye,The Boys Choir of Harlem
Ye,Yasiin Bey
The Boys Choir of Harlem,Yasiin Bey
Freeway,Ye
Freeway,The Boys Choir of Harlem
Freeway,Yasiin Bey
Ye,The Boys Choir of Harlem
Ye,Yasiin Bey
The Boys Choir of Harlem,Yasiin Bey
Chance the Rapper,Ye
Chance the Rapper,DMX
Ye,DMX
Ye,Talib Kweli
Ye,Common
Talib Kweli,Common
Pharrell Williams,Ye
Eminem,DJ Khaled
Eminem,Ye
DJ Khaled,Ye
Ye,The Go Getters
Ye,Malik Yusef
Ye,Talib Kweli
Ye,Common
Ye,Consequence
Talib Kweli,Common
Talib Kweli,Consequence
Common,Consequence
Chance the Rapper,Ye
Chance the Rapper,Kirk Franklin
Ye,Kirk Franklin
Vic Mensa,Ye
Ye,Talib Kweli
Ye,Consequence
Ye,Common
Talib Kweli,Consequence
Talib Kweli,Common
Consequence,Common
Ye,Talib Kweli
Ye,Consequence
Ye,Common
Talib Kweli,Consequence
Talib Kweli,Common
Consequence,Common
Eminem,Ye
Vic Mensa,Ye
Ye,Amerigo Gazaway
Chance the Rapper,Ye
Chance the Rapper,Kirk Franklin
Ye,Kirk Franklin
Vic Mensa,Ye
Vic Mensa,Ye
Ye,Stat Quo
Freeway,Ye
Freeway,The Boys Choir of Harlem
Freeway,Yasiin Bey
Ye,The Boys Choir of Harlem
Ye,Yasiin Bey
The Boys Choir of Harlem,Yasiin Bey
Ye,Consequence
Ye,Common
Consequence,Common
Ye,Talib Kweli
Consequence,Ye
Consequence,Talib Kweli
Consequence,Common
Ye,Talib Kweli
Ye,Common
Talib Kweli,Common
Ye,toasty digital
JAY‐Z,Ye
JAY‐Z,Nas
Ye,Nas
John Legend,Ye
Keyshia Cole,Ye
Ye,Pop Smoke
The‐Dream,Ye
Ye,Teyana Taylor
Lauryn Hill,Ye
Lauryn Hill,Teyana Taylor
Ye,Teyana Taylor
Ye,Travis Scott
Ant Clemons,Ye
Ant Clemons,Ye
Ant Clemons,Victory Boyd
Ye,Victory Boyd
Ye,Consequence
Ye,Q‐Tip
Consequence,Q‐Tip
Ye,Talib Kweli
Ye,Rhymefest
Ye,Common
Ye,Q‐Tip
Talib Kweli,Rhymefest
Talib Kweli,Common
Talib Kweli,Q‐Tip
Rhymefest,Common
Rhymefest,Q‐Tip
Common,Q‐Tip
Ye,Travis Scott
Ye,Pop Smoke
The‐Dream,Ye
Ye,Pop Smoke
Travis Scott,Ye
Travis Scott,Lil Uzi Vert
Ye,Lil Uzi Vert
Ye,Really Doe
Ye,Nas
Really Doe,Nas
The‐Dream,Ye
Ye,Really Doe
Ye,Nas
Really Doe,Nas
The‐Dream,Ye
Ye,Ol’ Dirty Bastard
Ye,Really Doe
Ye,Nas
Really Doe,Nas
Keyshia Cole,Ye
Monica Martin,Ye
Monica Martin,James Blake
Ye,James Blake
DJ Khaled,Ye
DJ Khaled,DJ Pharris
Ye,DJ Pharris
JR,Ye
JR,Malik Yusef
JR,Nia
JR,J.V.
JR,Chairman Fred Hampton
Ye,Malik Yusef
Ye,Nia
Ye,J.V.
Ye,Chairman Fred Hampton
Malik Yusef,Nia
Malik Yusef,J.V.
Malik Yusef,Chairman Fred Hampton
Nia,J.V.
Nia,Chairman Fred Hampton
J.V.,Chairman Fred Hampton
Lauryn Hill,Ye
Lauryn Hill,Teyana Taylor
Ye,Teyana Taylor
Queen YoNasDa,Trixie Fender
Queen YoNasDa,Ye
Queen YoNasDa,Malik Yusef
Trixie Fender,Ye
Trixie Fender,Malik Yusef
Ye,Malik Yusef
Offset,Ye
Offset,Quavo
Offset,Fivio Foreign
Offset,Baby Keem
Ye,Quavo
Ye,Fivio Foreign
Ye,Baby Keem
Quavo,Fivio Foreign
Quavo,Baby Keem
Fivio Foreign,Baby Keem
The‐Dream,Ye
The‐Dream,Ye
Ye,Talib Kweli
Ye,Rhymefest
Ye,Common
Ye,Q‐Tip
Talib Kweli,Rhymefest
Talib Kweli,Common
Talib Kweli,Q‐Tip
Rhymefest,Common
Rhymefest,Q‐Tip
Common,Q‐Tip
Ye,Nas
The‐Dream,Ye
The‐Dream,Ye
Ye,Common
Ye,Chris Brown
Ye,Chris Brown
The‐Dream,Ye
Ye,JPEGMAFIA
The‐Dream,Ye
Travis Scott,Ye
Travis Scott,Lil Uzi Vert
Travis Scott,K$upreme
Ye,Lil Uzi Vert
Ye,K$upreme
Lil Uzi Vert,K$upreme
The‐Dream,Ye
The‐Dream,Ye
The‐Dream,Ye
Ye,Consequence
Ye,Q‐Tip
Consequence,Q‐Tip
Ye,Travis Scott
Ye,Talib Kweli
Ye,Rhymefest
Ye,Common
Ye,Q‐Tip
Talib Kweli,Rhymefest
Talib Kweli,Common
Talib Kweli,Q‐Tip
Rhymefest,Common
Rhymefest,Q‐Tip
Common,Q‐Tip
The‐Dream,Ye
Travis Scott,Ye
Travis Scott,Lil Uzi Vert
Ye,Lil Uzi Vert
Ye,Teyana Taylor
T.I.,Ye
T.I.,Kid Cudi
Ye,Kid Cudi
Ye,Kid Cudi
Ye,Pusha T
Ye,Big Sean
S Tha Mogul,Ye
Ye,Kid Cudi
Ye,Ludacris
JAY‐Z,Ye
Ye,Lloyd Banks
Ye,The Game
Lloyd Banks,The Game
T.I.,Ye
T.I.,Kid Cudi
Ye,Kid Cudi
Ye,Kid Cudi
JAY‐Z,Ye
lil dza,Ye
lil dza,Playboi Carti
Ye,Playboi Carti
Pegboard Nerds,Ye
Pegboard Nerds,Jennifer Lawrence
Ye,Jennifer Lawrence
JAY‐Z,Ye
JAY‐Z,Mr Hudson
Ye,Mr Hudson
Ludacris,Ye
Ludacris,The Game
Ye,The Game
Ye,Talib Kweli
Ye,Consequence
Talib Kweli,Consequence
Ye,James Blake
Ye,Vory
James Blake,Vory
Damon Lamar,Ye
Damon Lamar,M. Taji
Ye,M. Taji
Ye,The Weeknd
Abstract Mindstate,Ye
JAY‐Z,Ye
Vic Mensa,Ye
Vic Mensa,Sia
Vic Mensa,Frank Ocean
Ye,Sia
Ye,Frank Ocean
Sia,Frank Ocean
Ye,Infamous Syndicate
JAY‐Z,Ye
JAY‐Z,Mr Hudson
Ye,Mr Hudson
JAY‐Z,Ye
Ye,Infamous Syndicate
T.I.,Ye
Ye,James Blake
Ye,The Game
Ye,Ludacris
The Game,Ludacris
Westside Gunn,Ye
Westside Gunn,French Montana
Ye,French Montana
Ye,Cutmaster C
Ye,Ludacris
Cutmaster C,Ludacris
Westside Gunn,Ye
Westside Gunn,French Montana
Ye,French Montana
Ye,Kid Cudi
John Legend,Kid Cudi
John Legend,Consequence
John Legend,Ye
John Legend,The LOX
John Legend,Common
John Legend,Diddy
John Legend,Big Sean
Kid Cudi,Consequence
Kid Cudi,Ye
Kid Cudi,The LOX
Kid Cudi,Common
Kid Cudi,Diddy
Kid Cudi,Big Sean
Consequence,Ye
Consequence,The LOX
Consequence,Common
Consequence,Diddy
Consequence,Big Sean
Ye,The LOX
Ye,Common
Ye,Diddy
Ye,Big Sean
The LOX,Common
The LOX,Diddy
The LOX,Big Sean
Common,Diddy
Common,Big Sean
Diddy,Big Sean
John Legend,Ye
John Legend,Consequence
Ye,Consequence
JAY‐Z,Ye
Ye,Big Sean
John Legend,Kid Cudi
John Legend,Consequence
John Legend,Ye
John Legend,Common
John Legend,Big Sean
Kid Cudi,Consequence
Kid Cudi,Ye
Kid Cudi,Common
Kid Cudi,Big Sean
Consequence,Ye
Consequence,Common
Consequence,Big Sean
Ye,Common
Ye,Big Sean
Common,Big Sean
JAY‐Z,Ye
John Legend,Kid Cudi
John Legend,Consequence
John Legend,Ye
John Legend,Common
John Legend,Diddy
Kid Cudi,Consequence
Kid Cudi,Ye
Kid Cudi,Common
Kid Cudi,Diddy
Consequence,Ye
Consequence,Common
Consequence,Diddy
Ye,Common
Ye,Diddy
Common,Diddy
Ye,Kid Cudi
Future,Billionaire B
Future,Ye
Billionaire B,Ye
Ty Dolla $ign,Ye
Ye,Kid Cudi
Ty Dolla $ign,Ye
JAY‐Z,Ye
Ye,Infamous Syndicate
Ye,Kid Cudi
Ye,Caroline Shaw
Ye,Frank Ocean
Caroline Shaw,Frank Ocean
Ye,Big Sean
JAY‐Z,Ye
JAY‐Z,Mr Hudson
Ye,Mr Hudson
Ye,Justin Bieber
Ye,toasty digital
Ye,Common
Justin Bieber,toasty digital
Justin Bieber,Common
toasty digital,Common
Common,Ye
Common,Malik Yusef
Common,JV
Ye,Malik Yusef
Ye,JV
Malik Yusef,JV
Ye,Malik Yusef
Ye,Common
Ye,Malik Yusef
Common,Malik Yusef
Ye,MeLa Machinko
Ye,Common
Ye,Malik Yusef
Common,Malik Yusef
Ye,Common
Ye,Malik Yusef
Common,Malik Yusef
Ye,toasty digital
Ye,Frank Ocean
toasty digital,Frank Ocean
Ye,GLC
Ye,JNan
GLC,JNan
Ye,Really Doe
Ye,GLC
Really Doe,GLC
Ye,Mela
Ye,Common
Ye,Malik Yusef
Common,Malik Yusef
Ye,The Game
Drake,Ye
Belo Zero,John Legend
Belo Zero,Ye
Belo Zero,White Boy
John Legend,Ye
John Legend,White Boy
Ye,White Boy
T.I.,Ye
Xavier Aeon,Ye
Xavier Aeon,Pharcity
Ye,Pharcity
JAY‐Z,Ye
JAY‐Z,The Game
Ye,The Game
Ye,The Game
Ye,White Boy
Common,Ye
Common,Malik Yusef
Common,JV
Ye,Malik Yusef
Ye,JV
Malik Yusef,JV
Ye,PARTYNEXTDOOR
Common,Ye
Common,Malik Yusef
Common,JV
Ye,Malik Yusef
Ye,JV
Malik Yusef,JV
John Legend,Ye
John Legend,Belo
John Legend,White Boy
Ye,Belo
Ye,White Boy
Belo,White Boy
Ye,Common
Ye,Malik Yusef
Ye,JV
Common,Malik Yusef
Common,JV
Malik Yusef,JV
Common,Ye
Common,Malik Yusef
Ye,Malik Yusef
Common,Ye
Common,Malik Yusef
Common,JV
Ye,Malik Yusef
Ye,JV
Malik Yusef,JV
Ye,Really Doe
Ye,GLC
Really Doe,GLC
Ye,The Game
Ye,Common
Ye,Malik Yusef
Common,Malik Yusef
Ye,The Game
Common,Ye
Common,Malik Yusef
Common,JV
Ye,Malik Yusef
Ye,JV
Malik Yusef,JV
Ye,Common
T.I.,Ye
Ye,The Game
Ye,GLC
Ye,Common
Ye,Malik Yusef
Common,Malik Yusef
Ye,MF DOOM
Ye,MeLa Machinko
Ye,The Game
Ty Dolla $ign,Ye
Ty Dolla $ign,Cyhi
Ye,Cyhi
Ye,The Game
Big Nastee,Ye
Big Nastee,K-Love
Big Nastee,Malik Yusef
Ye,K-Love
Ye,Malik Yusef
K-Love,Malik Yusef
Ye,Mela
¥$,Ty Dolla $ign
¥$,Ye
Ty Dolla $ign,Ye
Ye,Malik
Ye,Common
Malik,Common
Ye,The Go Getters
Ye,Common
Ye,Malik Yusef
Common,Malik Yusef
Drake,Lil Wayne
Drake,Rihanna
Drake,JAY‐Z
Drake,Ye
Drake,Steve Porter
Drake,Beyoncé
Lil Wayne,Rihanna
Lil Wayne,JAY‐Z
Lil Wayne,Ye
Lil Wayne,Steve Porter
Lil Wayne,Beyoncé
Rihanna,JAY‐Z
Rihanna,Ye
Rihanna,Steve Porter
Rihanna,Beyoncé
JAY‐Z,Ye
JAY‐Z,Steve Porter
JAY‐Z,Beyoncé
Ye,Steve Porter
Ye,Beyoncé
Steve Porter,Beyoncé
Ye,toasty digital
Ye,Frank Ocean
toasty digital,Frank Ocean
Ye,PARTYNEXTDOOR
Luke,Ye
Lil Wayne,JAY‐Z
Lil Wayne,Ye
Lil Wayne,T.I.
JAY‐Z,Ye
JAY‐Z,T.I.
Ye,T.I.
Ye,Mela
Common,Ye
Common,Malik Yusef
Common,JV
Ye,Malik Yusef
Ye,JV
Malik Yusef,JV
Ye,Kid Cudi
Kurse,Pitbull
Nick Cannon,Pitbull
A‐Roma,Pitbull
A‐Roma,Play‐N‐Skillz
A‐Roma,R.J.
Pitbull,Play‐N‐Skillz
Pitbull,R.J.
Play‐N‐Skillz,R.J.
Cypress Hill,Pitbull
Cypress Hill,Marc Anthony
Pitbull,Marc Anthony
Pitbull,Play‐N‐Skillz
Pitbull,Paul Wall
Play‐N‐Skillz,Paul Wall
Machel Montano,Pitbull
David Rush,Pitbull
A‐Roma,Pitbull
A‐Roma,Play‐N‐Skillz
A‐Roma,R.J.
Pitbull,Play‐N‐Skillz
Pitbull,R.J.
Play‐N‐Skillz,R.J.
DJ Felli Fel,Akon
DJ Felli Fel,Pitbull
Akon,Pitbull
Pitbull,Vein
Pitbull,Michel Teló
IAmChino,Akon
IAmChino,Chacal
IAmChino,Pitbull
IAmChino,Wisin
Akon,Chacal
Akon,Pitbull
Akon,Wisin
Chacal,Pitbull
Chacal,Wisin
Pitbull,Wisin
Tony Touch,Q‐Unique
Tony Touch,Pitbull
Q‐Unique,Pitbull
Cypress Hill,Pitbull
Cypress Hill,Marc Anthony
Pitbull,Marc Anthony
Pitbull,Michel Teló
Papayo,Pitbull
Pitbull,Michael Jackson
Basto,Akon
Basto,Jermaine Dupri
Basto,Pitbull
Akon,Jermaine Dupri
Akon,Pitbull
Jermaine Dupri,Pitbull
Pitbull,Michel Teló
Prince Royce,Jennifer Lopez
Prince Royce,Pitbull
Jennifer Lopez,Pitbull
Pitbull,Michel Teló
Yo Gotti,Easy Lantana
Yo Gotti,Pusha T
Yo Gotti,Bun B
Yo Gotti,Pitbull
Easy Lantana,Pusha T
Easy Lantana,Bun B
Easy Lantana,Pitbull
Pusha T,Bun B
Pusha T,Pitbull
Bun B,Pitbull
Nicola Fasano,Mohombi
Nicola Fasano,Pitbull
Mohombi,Pitbull
INNA,Pitbull
Pitbull,B.o.B
Pitbull,Alexandra Burke
Hitmaka,K‐Young
Hitmaka,Pitbull
Hitmaka,Hot Dolla
K‐Young,Pitbull
K‐Young,Hot Dolla
Pitbull,Hot Dolla
Nicola Fasano,Mohombi
Nicola Fasano,Pitbull
Mohombi,Pitbull
Pitbull,Jorge Gómez
Prince Royce,Pitbull
Pitbull,Alexandra Burke
Pitbull,Michel Teló
Pitbull,Michel Teló
Prince Royce,Jennifer Lopez
Prince Royce,Pitbull
Jennifer Lopez,Pitbull
David Rush,Pitbull
David Rush,Vein
Pitbull,Vein
David Rush,Team Pitbull
David Rush,Pitbull
Team Pitbull,Pitbull
Prince Royce,Pitbull
A‐Roma,Pitbull
A‐Roma,Play‐N‐Skillz
Pitbull,Play‐N‐Skillz
Pitbull,Michel Teló
Pitbull,Vein
Machel Montano,Pitbull
TAG,Pitbull
TAG,Μιχάλης Τσαουσόπουλος
TAG,Arcade
Pitbull,Μιχάλης Τσαουσόπουλος
Pitbull,Arcade
Μιχάλης Τσαουσόπουλος,Arcade
Pitbull,Cris Cab
K‐Young,Yung Berg
K‐Young,Pitbull
K‐Young,Hot Dolla
Yung Berg,Pitbull
Yung Berg,Hot Dolla
Pitbull,Hot Dolla
Romeo Santos,Pitbull
Pitbull,Michel Teló
Pitbull,B.o.B
A‐Roma,Pitbull
A‐Roma,Play‐N‐Skillz
Pitbull,Play‐N‐Skillz
Pitbull,Team Pitbull
Pitbull,David Rush
Team Pitbull,David Rush
Pitbull,Yandel
Pitbull,Michel Teló
A‐Roma,Pitbull
A‐Roma,Play‐N‐Skillz
A‐Roma,R.J.
Pitbull,Play‐N‐Skillz
Pitbull,R.J.
Play‐N‐Skillz,R.J.
Sean Paul,Pitbull
Leona Lewis,Pitbull
Tony Touch,Q‐Unique
Tony Touch,Pitbull
Q‐Unique,Pitbull
Lil Jon,Pitbull
DJ Buddha,Ne‐Yo
DJ Buddha,Pitbull
DJ Buddha,Afrojack
Ne‐Yo,Pitbull
Ne‐Yo,Afrojack
Pitbull,Afrojack
Romeo Santos,Pitbull
Lil Jon,Pitbull
Nicola Fasano,Mohombi
Nicola Fasano,Pitbull
Nicola Fasano,Alex Guesta
Mohombi,Pitbull
Mohombi,Alex Guesta
Pitbull,Alex Guesta
David Rush,Pitbull
Pitbull,Vein
Lil Jon,Pitbull
Lil Jon,Daddy Yankee
Lil Jon,N.O.R.E.
Pitbull,Daddy Yankee
Pitbull,N.O.R.E.
Daddy Yankee,N.O.R.E.
Pitbull,Michael Jackson
Nicola Fasano,Mohombi
Nicola Fasano,Pitbull
Nicola Fasano,Alex Guesta
Mohombi,Pitbull
Mohombi,Alex Guesta
Pitbull,Alex Guesta
Pitbull,IAmChino
Lil Jon,Pitbull
Pitbull,Alexandra Burke
Pitbull,Chacal
Pitbull,IAmChino
Pitbull,Yandel
Chacal,IAmChino
Chacal,Yandel
IAmChino,Yandel
Gabry Ponte,Sophia del Carmen
Gabry Ponte,Pitbull
Sophia del Carmen,Pitbull
Gabry Ponte,Sophia del Carmen
Gabry Ponte,Pitbull
Sophia del Carmen,Pitbull
Qwote,Pitbull
Qwote,Redd
Pitbull,Redd
Gabry Ponte,Sophia del Carmen
Gabry Ponte,Pitbull
Sophia del Carmen,Pitbull
Gabry Ponte,Sophia del Carmen
Gabry Ponte,Pitbull
Sophia del Carmen,Pitbull
Lil Jon,Ying Yang Twins
Lil Jon,Pitbull
Ying Yang Twins,Pitbull
Ty Dolla $ign,Pitbull
Lil Jon,Ying Yang Twins
Lil Jon,Pitbull
Ying Yang Twins,Pitbull
Qwote,Pitbull
Qwote,Redd
Pitbull,Redd
Gabry Ponte,Sophia del Carmen
Gabry Ponte,Pitbull
Sophia del Carmen,Pitbull
Qwote,Pitbull
Qwote,Redd
Pitbull,Redd
Nicky Jam,Pitbull
Nicky Jam,Loud Luxury
Nicky Jam,Brando
Pitbull,Loud Luxury
Pitbull,Brando
Loud Luxury,Brando
Gabry Ponte,Sophia del Carmen
Gabry Ponte,Pitbull
Sophia del Carmen,Pitbull
Juan Magán,El Cata
Juan Magán,Pitbull
El Cata,Pitbull
Gabry Ponte,Sophia del Carmen
Gabry Ponte,Pitbull
Sophia del Carmen,Pitbull
Pitbull,IAmChino
Pitbull,Yandel
IAmChino,Yandel
Qwote,Pitbull
Qwote,Redd
Pitbull,Redd
Qwote,Pitbull
Qwote,Redd
Pitbull,Redd
Qwote,Pitbull
Qwote,Redd
Pitbull,Redd
Gabry Ponte,Sophia del Carmen
Gabry Ponte,Pitbull
Sophia del Carmen,Pitbull
Gipsy Kings,Pitbull
Lil Jon,Ying Yang Twins
Lil Jon,Pitbull
Ying Yang Twins,Pitbull
Lil Jon,Ying Yang Twins
Lil Jon,Pitbull
Ying Yang Twins,Pitbull
Gabry Ponte,Sophia del Carmen
Gabry Ponte,Pitbull
Sophia del Carmen,Pitbull
Gabry Ponte,Sophia del Carmen
Gabry Ponte,Pitbull
Sophia del Carmen,Pitbull
Dhrruv Yogi,Neeraj Shridhar
Dhrruv Yogi,Pritam
Dhrruv Yogi,Tanishk Bagchi
Dhrruv Yogi,Sameer
Dhrruv Yogi,Pitbull
Dhrruv Yogi,Diljit Dosanjh
Neeraj Shridhar,Pritam
Neeraj Shridhar,Tanishk Bagchi
Neeraj Shridhar,Sameer
Neeraj Shridhar,Pitbull
Neeraj Shridhar,Diljit Dosanjh
Pritam,Tanishk Bagchi
Pritam,Sameer
Pritam,Pitbull
Pritam,Diljit Dosanjh
Tanishk Bagchi,Sameer
Tanishk Bagchi,Pitbull
Tanishk Bagchi,Diljit Dosanjh
Sameer,Pitbull
Sameer,Diljit Dosanjh
Pitbull,Diljit Dosanjh
Pitbull,MONSTA X
Gabry Ponte,Sophia del Carmen
Gabry Ponte,Pitbull
Sophia del Carmen,Pitbull
Gabry Ponte,Sophia del Carmen
Gabry Ponte,Pitbull
Sophia del Carmen,Pitbull
Nicky Jam,Pitbull
Nicky Jam,Loud Luxury
Nicky Jam,Brando
Pitbull,Loud Luxury
Pitbull,Brando
Loud Luxury,Brando
Qwote,Pitbull
Qwote,Redd
Pitbull,Redd
Frankie J,Pitbull
Gabry Ponte,Sophia del Carmen
Gabry Ponte,Pitbull
Sophia del Carmen,Pitbull
Gabry Ponte,Sophia del Carmen
Gabry Ponte,Pitbull
Sophia del Carmen,Pitbull
Gabry Ponte,Sophia del Carmen
Gabry Ponte,Pitbull
Sophia del Carmen,Pitbull
Ty Dolla $ign,Pitbull
Gabry Ponte,Sophia del Carmen
Gabry Ponte,Pitbull
Sophia del Carmen,Pitbull
Gabry Ponte,Sophia del Carmen
Gabry Ponte,Pitbull
Sophia del Carmen,Pitbull
Mohombi,Pitbull
Mohombi,Wisin
Pitbull,Wisin
Gabry Ponte,Sophia del Carmen
Gabry Ponte,Pitbull
Sophia del Carmen,Pitbull
Gabry Ponte,Sophia del Carmen
Gabry Ponte,Pitbull
Sophia del Carmen,Pitbull
Gabry Ponte,Sophia del Carmen
Gabry Ponte,Pitbull
Sophia del Carmen,Pitbull
Gabry Ponte,Sophia del Carmen
Gabry Ponte,Pitbull
Sophia del Carmen,Pitbull
Gabry Ponte,Sophia del Carmen
Gabry Ponte,Pitbull
Sophia del Carmen,Pitbull
Gipsy Kings,Pitbull
Gabry Ponte,Sophia del Carmen
Gabry Ponte,Pitbull
Sophia del Carmen,Pitbull
Qwote,Pitbull
Qwote,Redd
Pitbull,Redd
Juan Magán,El Cata
Juan Magán,Pitbull
El Cata,Pitbull
Gabry Ponte,Sophia del Carmen
Gabry Ponte,Pitbull
Sophia del Carmen,Pitbull
Gabry Ponte,Sophia del Carmen
Gabry Ponte,Pitbull
Sophia del Carmen,Pitbull
Mohombi,Pitbull
Mohombi,Wisin
Pitbull,Wisin
Gabry Ponte,Sophia del Carmen
Gabry Ponte,Pitbull
Sophia del Carmen,Pitbull
El Cata,Jencarlos Canela
El Cata,Pitbull
Jencarlos Canela,Pitbull
Gabry Ponte,Sophia del Carmen
Gabry Ponte,Pitbull
Sophia del Carmen,Pitbull
Gabry Ponte,Sophia del Carmen
Gabry Ponte,Pitbull
Sophia del Carmen,Pitbull
Gabry Ponte,Sophia del Carmen
Gabry Ponte,Pitbull
Sophia del Carmen,Pitbull
Lil Jon,Ying Yang Twins
Lil Jon,Pitbull
Ying Yang Twins,Pitbull
Gabry Ponte,Sophia del Carmen
Gabry Ponte,Pitbull
Sophia del Carmen,Pitbull
Gabry Ponte,Sophia del Carmen
Gabry Ponte,Pitbull
Sophia del Carmen,Pitbull
Gabry Ponte,Sophia del Carmen
Gabry Ponte,Pitbull
Sophia del Carmen,Pitbull
Gabry Ponte,Sophia del Carmen
Gabry Ponte,Pitbull
Sophia del Carmen,Pitbull
Pharrell Williams,Pitbull
Nicky Jam,Pitbull
Nicky Jam,Loud Luxury
Nicky Jam,Brando
Pitbull,Loud Luxury
Pitbull,Brando
Loud Luxury,Brando
Gabry Ponte,Pitbull
Gabry Ponte,Sophia del Carmen
Pitbull,Sophia del Carmen
Qwote,Pitbull
Qwote,Redd
Pitbull,Redd
Pharrell Williams,Pitbull
Gabry Ponte,Sophia del Carmen
Gabry Ponte,Pitbull
Sophia del Carmen,Pitbull
Qwote,Pitbull
Qwote,Redd
Pitbull,Redd
Pitbull,Elvis Crespo
Pitbull,Deorro
Elvis Crespo,Deorro
Redd Eyezz,Pitbull
Qwote,Pitbull
Qwote,Redd
Pitbull,Redd
Gabry Ponte,Sophia del Carmen
Gabry Ponte,Pitbull
Sophia del Carmen,Pitbull
Gabry Ponte,Sophia del Carmen
Gabry Ponte,Pitbull
Sophia del Carmen,Pitbull
Robin Thicke,Pitbull
Qwote,Pitbull
Qwote,Redd
Pitbull,Redd
Gabry Ponte,Sophia del Carmen
Gabry Ponte,Pitbull
Sophia del Carmen,Pitbull
Gabry Ponte,Sophia del Carmen
Gabry Ponte,Pitbull
Sophia del Carmen,Pitbull
Gabry Ponte,Sophia del Carmen
Gabry Ponte,Pitbull
Sophia del Carmen,Pitbull
Qwote,Pitbull
Qwote,Redd
Pitbull,Redd
Juan Magán,El Cata
Juan Magán,Pitbull
El Cata,Pitbull
Pitbull,MONSTA X
Robin Thicke,Pitbull
Robin Thicke,Joe Perry
Robin Thicke,Travis Barker
Pitbull,Joe Perry
Pitbull,Travis Barker
Joe Perry,Travis Barker
Pitbull,Michael Jackson
Ty Dolla $ign,Pitbull
Pitbull,Elvis Crespo
Pitbull,Deorro
Elvis Crespo,Deorro
Pharrell Williams,Pitbull
Pharrell Williams,Pitbull
Inner Circle,Pitbull
Gabry Ponte,Sophia del Carmen
Gabry Ponte,Pitbull
Sophia del Carmen,Pitbull
Qwote,Pitbull
Qwote,Redd
Pitbull,Redd
Pitbull,Rick Ross
Pitbull,DJ Keyz
Pitbull,Trick Daddy
Rick Ross,DJ Keyz
Rick Ross,Trick Daddy
DJ Keyz,Trick Daddy
Flo Rida,Pitbull
Claudia Leitte,Pitbull
DJ Felli Fel,Akon
DJ Felli Fel,Jermaine Dupri
DJ Felli Fel,Pitbull
Akon,Jermaine Dupri
Akon,Pitbull
Jermaine Dupri,Pitbull
Don Miguelo,Pitbull
IAmChino,Pitbull
IAmChino,Vikina
Pitbull,Vikina
Osmani García,Pitbull
Lil Jon,Ying Yang Twins
Lil Jon,Pitbull
Ying Yang Twins,Pitbull
DJ Khaled,Trick Daddy
DJ Khaled,Pitbull
DJ Khaled,Rick Ross
Trick Daddy,Pitbull
Trick Daddy,Rick Ross
Pitbull,Rick Ross
Flo Rida,Pitbull
Mohombi,Pitbull
Pitbull,Far East Movement
DJ Felli Fel,Akon
DJ Felli Fel,Jermaine Dupri
DJ Felli Fel,Pitbull
Akon,Jermaine Dupri
Akon,Pitbull
Jermaine Dupri,Pitbull
Knowa Knowone,Pitbull
Lil Jon,Ying Yang Twins
Lil Jon,Pitbull
Ying Yang Twins,Pitbull
Jennifer Lopez,Pitbull
Zac Brown,Pitbull
DJ Felli Fel,Akon
DJ Felli Fel,Jermaine Dupri
DJ Felli Fel,Pitbull
Akon,Jermaine Dupri
Akon,Pitbull
Jermaine Dupri,Pitbull
Flo Rida,Pitbull
DJ Felli Fel,Akon
DJ Felli Fel,Jermaine Dupri
DJ Felli Fel,Pitbull
Akon,Jermaine Dupri
Akon,Pitbull
Jermaine Dupri,Pitbull
Pitbull,Florida
Pitbull,Marco V
Florida,Marco V
Flo Rida,Pitbull
Lea Michele,Ellie Goulding
Lea Michele,Katy Perry
Lea Michele,Enrique Iglesias
Lea Michele,Pitbull
Lea Michele,Kylie Minogue
Lea Michele,Juicy J
Ellie Goulding,Katy Perry
Ellie Goulding,Enrique Iglesias
Ellie Goulding,Pitbull
Ellie Goulding,Kylie Minogue
Ellie Goulding,Juicy J
Katy Perry,Enrique Iglesias
Katy Perry,Pitbull
Katy Perry,Kylie Minogue
Katy Perry,Juicy J
Enrique Iglesias,Pitbull
Enrique Iglesias,Kylie Minogue
Enrique Iglesias,Juicy J
Pitbull,Kylie Minogue
Pitbull,Juicy J
Kylie Minogue,Juicy J
Pitbull,T‐Pain
Pitbull,Trick Daddy
Enrique Iglesias,Pitbull
Pitbull,J Balvin
Pitbull,O.T. Genasis
J Balvin,O.T. Genasis
Chesca,Lil Jon
Chesca,Pitbull
Lil Jon,Pitbull
DJ Felli Fel,Akon
DJ Felli Fel,Jermaine Dupri
DJ Felli Fel,Pitbull
Akon,Jermaine Dupri
Akon,Pitbull
Jermaine Dupri,Pitbull
Akon,Jermaine Dupri
Akon,Pitbull
Jermaine Dupri,Pitbull
Osmani García,Pitbull
Pitbull,Christina Aguilera
Pitbull,Jorge Gómez
Jamie Drastik,Pitbull
Jamie Drastik,Kelly Rowland
Pitbull,Kelly Rowland
Sam Smith,Enrique Iglesias
Sam Smith,Example
Sam Smith,Tiësto
Sam Smith,Pitbull
Enrique Iglesias,Example
Enrique Iglesias,Tiësto
Enrique Iglesias,Pitbull
Example,Tiësto
Example,Pitbull
Tiësto,Pitbull
Pitbull,Lenier
Trazz,Red Café
Trazz,Murphy Lee
Trazz,Hot Rod
Trazz,DJ Noodles
Trazz,Jay Rock
Trazz,Pitbull
Red Café,Murphy Lee
Red Café,Hot Rod
Red Café,DJ Noodles
Red Café,Jay Rock
Red Café,Pitbull
Murphy Lee,Hot Rod
Murphy Lee,DJ Noodles
Murphy Lee,Jay Rock
Murphy Lee,Pitbull
Hot Rod,DJ Noodles
Hot Rod,Jay Rock
Hot Rod,Pitbull
DJ Noodles,Jay Rock
DJ Noodles,Pitbull
Jay Rock,Pitbull
Rick Ross,DJ Khaled
Rick Ross,Pitbull
Rick Ross,Trick Daddy
DJ Khaled,Pitbull
DJ Khaled,Trick Daddy
Pitbull,Trick Daddy
Becky G,Pitbull
Zac Brown,Pitbull
Ying Yang Twins,Pitbull
Trazz,Red Café
Trazz,Murphy Lee
Trazz,Hot Rod
Trazz,DJ Noodles
Trazz,Jay Rock
Trazz,Pitbull
Red Café,Murphy Lee
Red Café,Hot Rod
Red Café,DJ Noodles
Red Café,Jay Rock
Red Café,Pitbull
Murphy Lee,Hot Rod
Murphy Lee,DJ Noodles
Murphy Lee,Jay Rock
Murphy Lee,Pitbull
Hot Rod,DJ Noodles
Hot Rod,Jay Rock
Hot Rod,Pitbull
DJ Noodles,Jay Rock
DJ Noodles,Pitbull
Jay Rock,Pitbull
Becky G,Pitbull
Nicola Fasano,Pitbull
DJ Felli Fel,Akon
DJ Felli Fel,Jermaine Dupri
DJ Felli Fel,Pitbull
Akon,Jermaine Dupri
Akon,Pitbull
Jermaine Dupri,Pitbull
Katy Perry,Jennifer Lopez
Katy Perry,Britney Spears
Katy Perry,Adele
Katy Perry,Pitbull
Katy Perry,Lady Gaga
Katy Perry,Beyoncé
Jennifer Lopez,Britney Spears
Jennifer Lopez,Adele
Jennifer Lopez,Pitbull
Jennifer Lopez,Lady Gaga
Jennifer Lopez,Beyoncé
Britney Spears,Adele
Britney Spears,Pitbull
Britney Spears,Lady Gaga
Britney Spears,Beyoncé
Adele,Pitbull
Adele,Lady Gaga
Adele,Beyoncé
Pitbull,Lady Gaga
Pitbull,Beyoncé
Lady Gaga,Beyoncé
Lil Jon,Ying Yang Twins
Lil Jon,Pitbull
Ying Yang Twins,Pitbull
Havana Brown,Pitbull
Havana Brown,Jamie Drastik
Pitbull,Jamie Drastik
David Guetta,Usher
David Guetta,Nicki Minaj
David Guetta,Lil Wayne
David Guetta,New Boyz
David Guetta,Ne‐Yo
David Guetta,Nayer
David Guetta,Afrojack
David Guetta,Black Eyed Peas
David Guetta,Enrique Iglesias
David Guetta,Flo Rida
David Guetta,DEV
David Guetta,Pitbull
David Guetta,The Cataracs
Usher,Nicki Minaj
Usher,Lil Wayne
Usher,New Boyz
Usher,Ne‐Yo
Usher,Nayer
Usher,Afrojack
Usher,Black Eyed Peas
Usher,Enrique Iglesias
Usher,Flo Rida
Usher,DEV
Usher,Pitbull
Usher,The Cataracs
Nicki Minaj,Lil Wayne
Nicki Minaj,New Boyz
Nicki Minaj,Ne‐Yo
Nicki Minaj,Nayer
Nicki Minaj,Afrojack
Nicki Minaj,Black Eyed Peas
Nicki Minaj,Enrique Iglesias
Nicki Minaj,Flo Rida
Nicki Minaj,DEV
Nicki Minaj,Pitbull
Nicki Minaj,The Cataracs
Lil Wayne,New Boyz
Lil Wayne,Ne‐Yo
Lil Wayne,Nayer
Lil Wayne,Afrojack
Lil Wayne,Black Eyed Peas
Lil Wayne,Enrique Iglesias
Lil Wayne,Flo Rida
Lil Wayne,DEV
Lil Wayne,Pitbull
Lil Wayne,The Cataracs
New Boyz,Ne‐Yo
New Boyz,Nayer
New Boyz,Afrojack
New Boyz,Black Eyed Peas
New Boyz,Enrique Iglesias
New Boyz,Flo Rida
New Boyz,DEV
New Boyz,Pitbull
New Boyz,The Cataracs
Ne‐Yo,Nayer
Ne‐Yo,Afrojack
Ne‐Yo,Black Eyed Peas
Ne‐Yo,Enrique Iglesias
Ne‐Yo,Flo Rida
Ne‐Yo,DEV
Ne‐Yo,Pitbull
Ne‐Yo,The Cataracs
Nayer,Afrojack
Nayer,Black Eyed Peas
Nayer,Enrique Iglesias
Nayer,Flo Rida
Nayer,DEV
Nayer,Pitbull
Nayer,The Cataracs
Afrojack,Black Eyed Peas
Afrojack,Enrique Iglesias
Afrojack,Flo Rida
Afrojack,DEV
Afrojack,Pitbull
Afrojack,The Cataracs
Black Eyed Peas,Enrique Iglesias
Black Eyed Peas,Flo Rida
Black Eyed Peas,DEV
Black Eyed Peas,Pitbull
Black Eyed Peas,The Cataracs
Enrique Iglesias,Flo Rida
Enrique Iglesias,DEV
Enrique Iglesias,Pitbull
Enrique Iglesias,The Cataracs
Flo Rida,DEV
Flo Rida,Pitbull
Flo Rida,The Cataracs
DEV,Pitbull
DEV,The Cataracs
Pitbull,The Cataracs
Jennifer Lopez,Pitbull
Flo Rida,Pitbull
DJ Felli Fel,Akon
DJ Felli Fel,Jermaine Dupri
DJ Felli Fel,Pitbull
Akon,Jermaine Dupri
Akon,Pitbull
Jermaine Dupri,Pitbull
The New Royales,Pitbull
Flo Rida,Pitbull
Pitbull,Far East Movement
DJ Felli Fel,Akon
DJ Felli Fel,Jermaine Dupri
DJ Felli Fel,Pitbull
Akon,Jermaine Dupri
Akon,Pitbull
Jermaine Dupri,Pitbull
Enrique Iglesias,Pitbull
Pitbull,A Plus D
Pitbull,Kool & the Gang
A Plus D,Kool & the Gang
Ape Drums,Pitbull
Ape Drums,Steven A. Clark
Pitbull,Steven A. Clark
Flo Rida,Pitbull
Pitbull,Far East Movement
Ape Drums,Pitbull
Ape Drums,Steven A. Clark
Pitbull,Steven A. Clark
Twista,Pitbull
Jamie Drastik,Pitbull
Jamie Drastik,Kelly Rowland
Pitbull,Kelly Rowland
Pitbull,Flo Rida
Pitbull,IAmChino
Flo Rida,IAmChino
Lil Jon,Ying Yang Twins
Lil Jon,Pitbull
Ying Yang Twins,Pitbull
Pitbull,Chaze the Chat
Sak Noel,Pitbull
Sak Noel,Sensato
Pitbull,Sensato
Lil Jon,Pitbull
Steve Forest,Nicola Fasano
Steve Forest,Pitbull
Steve Forest,Lumidee
Nicola Fasano,Pitbull
Nicola Fasano,Lumidee
Pitbull,Lumidee
Steve Forest,Nicola Fasano
Steve Forest,Pitbull
Steve Forest,Lumidee
Nicola Fasano,Pitbull
Nicola Fasano,Lumidee
Pitbull,Lumidee
Pitbull,Jorge Gómez
Lil Jon,Pitbull
Pitbull,Piccalo
Lil Jon,Pitbull
Lil Jon,Ivy Queen
Pitbull,Ivy Queen
Jennifer Lopez,Pitbull
Pitbull,Lumidee
Jennifer Lopez,Pitbull
Jennifer Lopez,Pitbull
Jencarlos Canela,Pitbull
Jennifer Lopez,Pitbull
Pitbull,T‐Pain
Pitbull,Lucenzo
Pitbull,Don Omar
Pitbull,Qwote
Lucenzo,Don Omar
Lucenzo,Qwote
Don Omar,Qwote
Jennifer Lopez,Pitbull
Jennifer Lopez,Pitbull
Sak Noel,Pitbull
Sak Noel,Sensato
Pitbull,Sensato
Jennifer Lopez,Pitbull
Jennifer Lopez,Pitbull
Jennifer Lopez,Pitbull
El Chombo,Pitbull
El Chombo,KAROL G
El Chombo,Cutty Ranks
Pitbull,KAROL G
Pitbull,Cutty Ranks
KAROL G,Cutty Ranks
Pitbull,Lil’ Flip
Jennifer Lopez,Pitbull
Lil Jon,Pitbull
Sak Noel,Pitbull
Sak Noel,Sensato
Pitbull,Sensato
Jennifer Lopez,Pitbull
Jennifer Lopez,Pitbull
Jennifer Lopez,Pitbull
Sak Noel,Pitbull
Sak Noel,Sensato
Pitbull,Sensato
Steve Forest,Nicola Fasano
Steve Forest,Pitbull
Steve Forest,Lumidee
Nicola Fasano,Pitbull
Nicola Fasano,Lumidee
Pitbull,Lumidee
Pitbull,Wisin
Pitbull,Chris Brown
Wisin,Chris Brown
Lil Jon,Pitbull
Sak Noel,Pitbull
Sak Noel,Sensato
Pitbull,Sensato
Lil Wayne,Pitbull
Lil Wayne,Lil’ Flip
Pitbull,Lil’ Flip
Steve Forest,Nicola Fasano
Steve Forest,Pitbull
Steve Forest,Lumidee
Nicola Fasano,Pitbull
Nicola Fasano,Lumidee
Pitbull,Lumidee
Lil Jon,Pitbull
Lil Jon,Mr. Vegas
Lil Jon,Pitbull
Mr. Vegas,Pitbull
Jennifer Lopez,Pitbull
Lil’ Kim,Pitbull
Jennifer Lopez,Pitbull
Sean Paul,Lil Jon
Sean Paul,Pitbull
Lil Jon,Pitbull
Jennifer Lopez,Pitbull
Pitbull,Lumidee
Lil Jon,Mr. Vegas
Lil Jon,Pitbull
Mr. Vegas,Pitbull
Lil Jon,Pitbull
Lil Jon,Pitbull
Jennifer Lopez,Pitbull
Jennifer Lopez,Pitbull
Pitbull,Lucenzo
Pitbull,El Cata
Pitbull,Don Omar
Lucenzo,El Cata
Lucenzo,Don Omar
El Cata,Don Omar
Pitbull,Piccalo
Jennifer Lopez,Pitbull
Jennifer Lopez,Pitbull
Sak Noel,Pitbull
Sak Noel,Sensato
Pitbull,Sensato
Jennifer Lopez,Pitbull
Lil Jon,Pitbull
Jennifer Lopez,Pitbull
Lil Jon,Pitbull
Pitbull,Lil’ Flip
Sak Noel,Pitbull
Sak Noel,Sensato
Pitbull,Sensato
Lil Jon,Pitbull
Slim,Pitbull
Lil Jon,Pitbull
Jennifer Lopez,Pitbull
Pitbull,Piccalo
Pitbull,Nina Sky
Pitbull,Rick Ross
Nina Sky,Rick Ross
Pitbull,Piccalo
Sean Paul,Lil Jon
Sean Paul,Pitbull
Lil Jon,Pitbull
Lil Jon,Pitbull
Pitbull,PeeWee
Pitbull,Lumidee
A. Rose Jackson,Grupo Extra
A. Rose Jackson,Pitbull
Grupo Extra,Pitbull
Jennifer Lopez,Pitbull
Jennifer Lopez,Pitbull
Lil Jon,Pitbull
Jennifer Lopez,Pitbull
Jennifer Lopez,Pitbull
Lil Jon,Pitbull
Pitbull,Lumidee
Jennifer Lopez,Pitbull
Pitbull,Lumidee
Jennifer Lopez,Pitbull
Sak Noel,Pitbull
Sak Noel,Sensato
Pitbull,Sensato
Lil Jon,Pitbull
Pitbull,Piccalo
Jennifer Lopez,Pitbull
Sak Noel,Pitbull
Sak Noel,Sensato
Pitbull,Sensato
Sak Noel,Pitbull
Sak Noel,Sensato
Pitbull,Sensato
Jennifer Lopez,Pitbull
Lil Jon,Mr. Vegas
Lil Jon,Pitbull
Mr. Vegas,Pitbull
Lil Jon,Pitbull
Usher,Pitbull
Qwote,Lucenzo
Qwote,Pitbull
Lucenzo,Pitbull
Usher,Pitbull
Usher,Pitbull
Usher,Pitbull
Sofla Kingz,Liza Quin
Sofla Kingz,Garcia
Sofla Kingz,DJ EFN
Sofla Kingz,Heckler
Sofla Kingz,Pitbull
Sofla Kingz,N.O.R.E.
Liza Quin,Garcia
Liza Quin,DJ EFN
Liza Quin,Heckler
Liza Quin,Pitbull
Liza Quin,N.O.R.E.
Garcia,DJ EFN
Garcia,Heckler
Garcia,Pitbull
Garcia,N.O.R.E.
DJ EFN,Heckler
DJ EFN,Pitbull
DJ EFN,N.O.R.E.
Heckler,Pitbull
Heckler,N.O.R.E.
Pitbull,N.O.R.E.
Lucenzo,Pitbull
Lucenzo,Don Omar
Lucenzo,Qwote
Pitbull,Don Omar
Pitbull,Qwote
Don Omar,Qwote
Usher,Pitbull
Usher,Pitbull
Pitbull,TJR
Pitbull,Jorge Gómez
Vybz Kartel,Pitbull
Usher,Pitbull
Pitbull,IAmChino
Lucenzo,Pitbull
Lucenzo,Qwote
Pitbull,Qwote
Usher,Pitbull
Usher,Pitbull
Lucenzo,Pitbull
Lucenzo,Qwote
Pitbull,Qwote
Pitbull,Muzik Junkies
Pitbull,DJ Morphius
Pitbull,IAmChino
Muzik Junkies,DJ Morphius
Muzik Junkies,IAmChino
DJ Morphius,IAmChino
Usher,Pitbull
Usher,Pitbull
Pitbull,TJR
Pitbull,DJ ICE
Usher,Pitbull
Usher,Pitbull
Pitbull,Kid Cudi
Pitbull,TJR
Usher,Pitbull
Pitbull,Don Omar
Usher,Pitbull
Usher,Pitbull
Pitbull,Bun B
Usher,Pitbull
Usher,Pitbull
Usher,Pitbull
Lucenzo,Pitbull
Lucenzo,Qwote
Pitbull,Qwote
Benny Benassi,Pitbull
Benny Benassi,IAmChino
Pitbull,IAmChino
Lucenzo,Pitbull
Lucenzo,Don Omar
Lucenzo,Qwote
Pitbull,Don Omar
Pitbull,Qwote
Don Omar,Qwote
Usher,Pitbull
Mayer Hawthorne,Pitbull
Usher,Pitbull
Pitbull,Tom Enzy
Pitbull,IAmChino
Tom Enzy,IAmChino
DJ Max Herrera,Pitbull
DJ Max Herrera,IAmChino
Pitbull,IAmChino
Pitbull,TJR
Pitbull,IAmChino
Usher,Pitbull
Usher,Pitbull
Usher,Pitbull
DJ Khaled,Casely
DJ Khaled,Pitbull
Casely,Pitbull
Usher,Pitbull
Usher,Pitbull
Machel Montano,Lil Jon
Machel Montano,Pitbull
Lil Jon,Pitbull
Usher,Stacy Mier
Usher,Pitbull
Stacy Mier,Pitbull
Lucenzo,Pitbull
Lucenzo,Qwote
Pitbull,Qwote
Pitbull,Bun B
Pitbull,TJR
Usher,Pitbull
Pitbull,Ken-Y
Lucenzo,Pitbull
Lucenzo,Don Omar
Lucenzo,Qwote
Pitbull,Don Omar
Pitbull,Qwote
Don Omar,Qwote
Usher,Pitbull
Usher,Pitbull
Pitbull,TJR
Usher,Pitbull
Pitbull,TJR
Pitbull,Deorro
Pitbull,IAmChino
Deorro,IAmChino
Usher,Pitbull
Jim Jones,Pitbull
Jim Jones,Kid Cudi
Jim Jones,Trey Songz
Pitbull,Kid Cudi
Pitbull,Trey Songz
Kid Cudi,Trey Songz
Pitbull,TJR
Lucenzo,Pitbull
Lucenzo,Qwote
Pitbull,Qwote
Usher,Pitbull
Pitbull,IAmChino
Pitbull,DJ Refresh
IAmChino,DJ Refresh
Pitbull,TJR
R. Kelly,Pitbull
R. Kelly,Austin Mahone
Pitbull,Austin Mahone
Pitbull,TJR
The Pussycat Dolls,Busta Rhymes
The Pussycat Dolls,Pitbull
Busta Rhymes,Pitbull
Lucenzo,Pitbull
Lucenzo,Don Omar
Lucenzo,Qwote
Pitbull,Don Omar
Pitbull,Qwote
Don Omar,Qwote
Pitbull,TJR
Pitbull,TJR
Usher,Pitbull
Lucenzo,Pitbull
Lucenzo,Don Omar
Lucenzo,Qwote
Pitbull,Don Omar
Pitbull,Qwote
Don Omar,Qwote
Usher,Pitbull
DJ Khaled,Casely
DJ Khaled,Pitbull
Casely,Pitbull
Usher,Pitbull
Lil Jon,Pitbull
Lil Jon,Gloria Velez
Pitbull,Gloria Velez
Heymous Molly,Pitbull
Juan Magán,Mokobé
Juan Magán,Pitbull
Juan Magán,Daddy Yankee
Mokobé,Pitbull
Mokobé,Daddy Yankee
Pitbull,Daddy Yankee
Usher,Katy Perry
Usher,Pitbull
Katy Perry,Pitbull
Pitbull,TJR
Usher,Pitbull
Zay,Pitbull
Pitbull,Lucenzo
Pitbull,El Cata
Pitbull,Don Omar
Lucenzo,El Cata
Lucenzo,Don Omar
El Cata,Don Omar
Usher,Pitbull
We Are Magonia,Usher
We Are Magonia,Pitbull
Usher,Pitbull
Pitbull,IAmChino
Usher,Pitbull
Pitbull,Jorge Gómez
Osmani García,Pitbull
Osmani García,Makassy
Pitbull,Makassy
Pitbull,Yan Kings
Pitbull,Jorge Gómez
Monkey Black,Pitbull
T‐Pain,DJ Felli Fel
T‐Pain,Flo Rida
T‐Pain,Sean Paul
T‐Pain,Pitbull
DJ Felli Fel,Flo Rida
DJ Felli Fel,Sean Paul
DJ Felli Fel,Pitbull
Flo Rida,Sean Paul
Flo Rida,Pitbull
Sean Paul,Pitbull
Dayami La Musa,Pitbull
Dayami La Musa,Osmani García
Dayami La Musa,Sensato
Pitbull,Osmani García
Pitbull,Sensato
Osmani García,Sensato
Ne‐Yo,Pitbull
Ne‐Yo,Nayer
Pitbull,Nayer
Priyanka Chopra,Pitbull
Pitbull,Christina Aguilera
Osmani García,Pitbull
Osmani García,Sensato
Pitbull,Sensato
Rich the Kid,RJ Word
Rich the Kid,Juan Magán
Rich the Kid,Pitbull
RJ Word,Juan Magán
RJ Word,Pitbull
Juan Magán,Pitbull
Nayer,Ne‐Yo
Nayer,Pitbull
Nayer,Afrojack
Ne‐Yo,Pitbull
Ne‐Yo,Afrojack
Pitbull,Afrojack
Pitbull,Christina Aguilera
David Rush,Pitbull
David Rush,Vein
Pitbull,Vein
Priyanka Chopra,Pitbull
Belinda,Pitbull
Osmani García,Pitbull
Osmani García,Makassy
Pitbull,Makassy
Osmani García,Pitbull
Osmani García,Makassy
Pitbull,Makassy
T‐Pain,DJ Felli Fel
T‐Pain,Flo Rida
T‐Pain,Sean Paul
T‐Pain,Pitbull
DJ Felli Fel,Flo Rida
DJ Felli Fel,Sean Paul
DJ Felli Fel,Pitbull
Flo Rida,Sean Paul
Flo Rida,Pitbull
Sean Paul,Pitbull
Matt Petrone,Pitbull
Matt Petrone,Yan Kings
Pitbull,Yan Kings
Rich the Kid,RJ Word
Rich the Kid,Juan Magán
Rich the Kid,Pitbull
RJ Word,Juan Magán
RJ Word,Pitbull
Juan Magán,Pitbull
Fergie,DJ Poet
Fergie,Pitbull
DJ Poet,Pitbull
Pitbull,Christina Aguilera
Jennifer Lopez,Ne‐Yo
Jennifer Lopez,Afrojack
Jennifer Lopez,Nayer
Jennifer Lopez,GoonRock
Jennifer Lopez,Lauren Bennett
Jennifer Lopez,Pitbull
Jennifer Lopez,LMFAO
Jennifer Lopez,Chris Brown
Ne‐Yo,Afrojack
Ne‐Yo,Nayer
Ne‐Yo,GoonRock
Ne‐Yo,Lauren Bennett
Ne‐Yo,Pitbull
Ne‐Yo,LMFAO
Ne‐Yo,Chris Brown
Afrojack,Nayer
Afrojack,GoonRock
Afrojack,Lauren Bennett
Afrojack,Pitbull
Afrojack,LMFAO
Afrojack,Chris Brown
Nayer,GoonRock
Nayer,Lauren Bennett
Nayer,Pitbull
Nayer,LMFAO
Nayer,Chris Brown
GoonRock,Lauren Bennett
GoonRock,Pitbull
GoonRock,LMFAO
GoonRock,Chris Brown
Lauren Bennett,Pitbull
Lauren Bennett,LMFAO
Lauren Bennett,Chris Brown
Pitbull,LMFAO
Pitbull,Chris Brown
LMFAO,Chris Brown
Pitbull,Christina Aguilera
Tito “El Bambino”,DJ Adoni
Tito “El Bambino”,Pitbull
Tito “El Bambino”,Lenier
DJ Adoni,Pitbull
DJ Adoni,Lenier
Pitbull,Lenier
David Rush,Pitbull
David Rush,Vein
Pitbull,Vein
Belinda,Pitbull
Osmani García,Pitbull
Osmani García,Sensato
Pitbull,Sensato
Pitbull,Osmani García
Pitbull,Sensato
Osmani García,Sensato
Akon,David Rush
Akon,Pitbull
David Rush,Pitbull
Lil Wayne,David Guetta
Lil Wayne,Jennifer Lopez
Lil Wayne,Nicki Minaj
Lil Wayne,Ne‐Yo
Lil Wayne,Bruno Mars
Lil Wayne,Nayer
Lil Wayne,Afrojack
Lil Wayne,Black Eyed Peas
Lil Wayne,Aloe Blacc
Lil Wayne,Flo Rida
Lil Wayne,Pitbull
Lil Wayne,Beyoncé
Lil Wayne,Alexis Jordan
David Guetta,Jennifer Lopez
David Guetta,Nicki Minaj
David Guetta,Ne‐Yo
David Guetta,Bruno Mars
David Guetta,Nayer
David Guetta,Afrojack
David Guetta,Black Eyed Peas
David Guetta,Aloe Blacc
David Guetta,Flo Rida
David Guetta,Pitbull
David Guetta,Beyoncé
David Guetta,Alexis Jordan
Jennifer Lopez,Nicki Minaj
Jennifer Lopez,Ne‐Yo
Jennifer Lopez,Bruno Mars
Jennifer Lopez,Nayer
Jennifer Lopez,Afrojack
Jennifer Lopez,Black Eyed Peas
Jennifer Lopez,Aloe Blacc
Jennifer Lopez,Flo Rida
Jennifer Lopez,Pitbull
Jennifer Lopez,Beyoncé
Jennifer Lopez,Alexis Jordan
Nicki Minaj,Ne‐Yo
Nicki Minaj,Bruno Mars
Nicki Minaj,Nayer
Nicki Minaj,Afrojack
Nicki Minaj,Black Eyed Peas
Nicki Minaj,Aloe Blacc
Nicki Minaj,Flo Rida
Nicki Minaj,Pitbull
Nicki Minaj,Beyoncé
Nicki Minaj,Alexis Jordan
Ne‐Yo,Bruno Mars
Ne‐Yo,Nayer
Ne‐Yo,Afrojack
Ne‐Yo,Black Eyed Peas
Ne‐Yo,Aloe Blacc
Ne‐Yo,Flo Rida
Ne‐Yo,Pitbull
Ne‐Yo,Beyoncé
Ne‐Yo,Alexis Jordan
Bruno Mars,Nayer
Bruno Mars,Afrojack
Bruno Mars,Black Eyed Peas
Bruno Mars,Aloe Blacc
Bruno Mars,Flo Rida
Bruno Mars,Pitbull
Bruno Mars,Beyoncé
Bruno Mars,Alexis Jordan
Nayer,Afrojack
Nayer,Black Eyed Peas
Nayer,Aloe Blacc
Nayer,Flo Rida
Nayer,Pitbull
Nayer,Beyoncé
Nayer,Alexis Jordan
Afrojack,Black Eyed Peas
Afrojack,Aloe Blacc
Afrojack,Flo Rida
Afrojack,Pitbull
Afrojack,Beyoncé
Afrojack,Alexis Jordan
Black Eyed Peas,Aloe Blacc
Black Eyed Peas,Flo Rida
Black Eyed Peas,Pitbull
Black Eyed Peas,Beyoncé
Black Eyed Peas,Alexis Jordan
Aloe Blacc,Flo Rida
Aloe Blacc,Pitbull
Aloe Blacc,Beyoncé
Aloe Blacc,Alexis Jordan
Flo Rida,Pitbull
Flo Rida,Beyoncé
Flo Rida,Alexis Jordan
Pitbull,Beyoncé
Pitbull,Alexis Jordan
Beyoncé,Alexis Jordan
Osmani García,Pitbull
Osmani García,Makassy
Pitbull,Makassy
Pitbull,Kesha
Osmani García,Pitbull
Osmani García,Makassy
Pitbull,Makassy
Osmani García,Pitbull
Osmani García,Sensato
Pitbull,Sensato
Osmani García,Pitbull
Osmani García,Sensato
Pitbull,Sensato
Fabo,Pitbull
Fabo,Trick Daddy
Pitbull,Trick Daddy
Dobarro,Pitbull
Dobarro,Indio
Pitbull,Indio
Osmani García,Pitbull
Osmani García,Makassy
Pitbull,Makassy
Osmani García,Pitbull
Osmani García,Makassy
Pitbull,Makassy
Travie McCoy,T‐Pain
Travie McCoy,Akon
Travie McCoy,Chromeo
Travie McCoy,Flo Rida
Travie McCoy,Elly Jackson
Travie McCoy,Pitbull
Travie McCoy,Taio Cruz
Travie McCoy,Kylie Minogue
T‐Pain,Akon
T‐Pain,Chromeo
T‐Pain,Flo Rida
T‐Pain,Elly Jackson
T‐Pain,Pitbull
T‐Pain,Taio Cruz
T‐Pain,Kylie Minogue
Akon,Chromeo
Akon,Flo Rida
Akon,Elly Jackson
Akon,Pitbull
Akon,Taio Cruz
Akon,Kylie Minogue
Chromeo,Flo Rida
Chromeo,Elly Jackson
Chromeo,Pitbull
Chromeo,Taio Cruz
Chromeo,Kylie Minogue
Flo Rida,Elly Jackson
Flo Rida,Pitbull
Flo Rida,Taio Cruz
Flo Rida,Kylie Minogue
Elly Jackson,Pitbull
Elly Jackson,Taio Cruz
Elly Jackson,Kylie Minogue
Pitbull,Taio Cruz
Pitbull,Kylie Minogue
Taio Cruz,Kylie Minogue
bLiNd,Pitbull
bLiNd,TJR
Pitbull,TJR
Pitbull,TJR
Pitbull,Christina Aguilera
Osmani García,Pitbull
Osmani García,Makassy
Pitbull,Makassy
Akon,David Rush
Akon,Pitbull
David Rush,Pitbull
Pitbull,Christina Aguilera
Matt Petrone,Pitbull
Matt Petrone,Yan Kings
Pitbull,Yan Kings
Pitbull,Christina Aguilera
David Rush,Pitbull
David Rush,Vein
Pitbull,Vein
Papayo,Pitbull
Jennifer Lopez,Pitbull
Jason Derulo,Pitbull
Jason Derulo,Juicy J
Pitbull,Juicy J
Pitbull,Christina Aguilera
Osmani García,Pitbull
Osmani García,Makassy
Pitbull,Makassy
Pitbull,Christina Aguilera
Rich the Kid,RJ Word
Rich the Kid,Juan Magán
Rich the Kid,Pitbull
RJ Word,Juan Magán
RJ Word,Pitbull
Juan Magán,Pitbull
Priyanka Chopra,Pitbull
David Rush,Pitbull
David Rush,Vein
Pitbull,Vein
Priyanka Chopra,Pitbull
Matt Petrone,Pitbull
Matt Petrone,Yan Kings
Pitbull,Yan Kings
Papayo,Pitbull
Pitbull,Christina Aguilera
Priyanka Chopra,Pitbull
El Micha,Pitbull
Pitbull,Pretty Ricky
Priyanka Chopra,Pitbull
Pitbull,Christina Aguilera
Osmani García,Pitbull
Osmani García,Sensato
Pitbull,Sensato
Pitbull,Christina Aguilera
Pitbull,TJR
Pitbull,Christina Aguilera
Akon,David Rush
Akon,Pitbull
David Rush,Pitbull
Priyanka Chopra,Pitbull
Pitbull,Christina Aguilera
Miri Ben‐Ari,Fatman Scoop
Miri Ben‐Ari,Zion & Lennox
Miri Ben‐Ari,Pitbull
Fatman Scoop,Zion & Lennox
Fatman Scoop,Pitbull
Zion & Lennox,Pitbull
Osmani García,Pitbull
Osmani García,Makassy
Pitbull,Makassy
Lil Jon,Pitbull
Priyanka Chopra,Pitbull
Pitbull,Christina Aguilera
David Rush,Pitbull
David Rush,Vein
Pitbull,Vein
Osmani García,Pitbull
Osmani García,Sensato
Pitbull,Sensato
Pitbull,TJR
Pitbull,Jorge Gómez
T‐Pain,DJ Felli Fel
T‐Pain,Flo Rida
T‐Pain,Sean Paul
T‐Pain,Pitbull
DJ Felli Fel,Flo Rida
DJ Felli Fel,Sean Paul
DJ Felli Fel,Pitbull
Flo Rida,Sean Paul
Flo Rida,Pitbull
Sean Paul,Pitbull
Jason Derulo,Pitbull
Pitbull,Chris Brown
Pitbull,Chris Brown
Jennifer Lopez,Pitbull
Jennifer Lopez,Pitbull
John Ryan,Pitbull
Pitbull,Bass III Euro
Pitbull,Nayer
Bass III Euro,Nayer
Pitbull,Christina Aguilera
Pitbull,Chris Brown
Pitbull,סטטיק ובן-אל תבורי
Jason Derulo,Pitbull
Krayzie Bone,Bun B
Krayzie Bone,Play‐N‐Skillz
Krayzie Bone,Pitbull
Krayzie Bone,Adina Howard
Bun B,Play‐N‐Skillz
Bun B,Pitbull
Bun B,Adina Howard
Play‐N‐Skillz,Pitbull
Play‐N‐Skillz,Adina Howard
Pitbull,Adina Howard
Jennifer Lopez,Pitbull
Pitbull,Chris Brown
Pitbull,Chris Brown
Pitbull,Chris Brown
Pitbull,Chris Brown
Jennifer Lopez,Pitbull
Pitbull,Chris Brown
Pitbull,Chris Brown
Pitbull,Chris Brown
Lil Jon,Pitbull
Pitbull,Bun B
Pitbull,Play‐N‐Skillz
Pitbull,Adina Howard
Bun B,Play‐N‐Skillz
Bun B,Adina Howard
Play‐N‐Skillz,Adina Howard
John Ryan,Pitbull
John Ryan,Pitbull
Pitbull,Christina Aguilera
Jennifer Lopez,Pitbull
Jennifer Lopez,Pitbull
Jennifer Lopez,Pitbull
Jimmie Allen,Pitbull
Jimmie Allen,teamwork.
Jimmie Allen,Vikina
Pitbull,teamwork.
Pitbull,Vikina
teamwork.,Vikina
Pitbull,Theron Theron
Nile Rodgers,Pitbull
Pitbull,Don Omar
Jennifer Lopez,Pitbull
Jennifer Lopez,Pitbull
Pitbull,Chris Brown
Jennifer Lopez,Pitbull
Pitbull,Chris Brown
Noriega,Lil Jon
Noriega,Pitbull
Noriega,Daddy Yankee
Lil Jon,Pitbull
Lil Jon,Daddy Yankee
Pitbull,Daddy Yankee
Jennifer Lopez,Pitbull
Pitbull,Christina Aguilera
Pitbull,Christina Aguilera
Jennifer Lopez,Pitbull
Jennifer Lopez,Pitbull
Phonat,Kid Sister
Phonat,Pitbull
Kid Sister,Pitbull
Pitbull,Chris Brown
Jennifer Lopez,Pitbull
Machel Montano,Lil Jon
Machel Montano,Pitbull
Lil Jon,Pitbull
Nile Rodgers,Vonzell Solomon
Nile Rodgers,Play‐N‐Skillz
Nile Rodgers,Hype Active
Nile Rodgers,Pitbull
Vonzell Solomon,Play‐N‐Skillz
Vonzell Solomon,Hype Active
Vonzell Solomon,Pitbull
Play‐N‐Skillz,Hype Active
Play‐N‐Skillz,Pitbull
Hype Active,Pitbull
Nile Rodgers,Pitbull
Jennifer Lopez,Pitbull
John Ryan,Pitbull
Ty,Pitbull
John Ryan,Pitbull
Nile Rodgers,Pitbull
John Ryan,Pitbull
Pitbull,Chris Brown
Nile Rodgers,Vonzell Solomon
Nile Rodgers,Play‐N‐Skillz
Nile Rodgers,Hype Active
Nile Rodgers,Pitbull
Vonzell Solomon,Play‐N‐Skillz
Vonzell Solomon,Hype Active
Vonzell Solomon,Pitbull
Play‐N‐Skillz,Hype Active
Play‐N‐Skillz,Pitbull
Hype Active,Pitbull
Nile Rodgers,Pitbull
John Ryan,Pitbull
John Ryan,Pitbull
Jennifer Lopez,Pitbull
Pitbull,Chris Brown
Dario G,Pitbull
Dario G,TKZee
Pitbull,TKZee
Pitbull,סטטיק ובן-אל תבורי
Pitbull,Chris Brown
Pitbull,Chris Brown
Pitbull,Chris Brown
John Ryan,Pitbull
Pitbull,Chris Brown
Ten Towns,Pitbull
Ten Towns,סטטיק ובן-אל תבורי
Pitbull,סטטיק ובן-אל תבורי
Dario G,Pitbull
Dario G,TKZee
Pitbull,TKZee
Nile Rodgers,Vonzell Solomon
Nile Rodgers,Play‐N‐Skillz
Nile Rodgers,Hype Active
Nile Rodgers,Pitbull
Vonzell Solomon,Play‐N‐Skillz
Vonzell Solomon,Hype Active
Vonzell Solomon,Pitbull
Play‐N‐Skillz,Hype Active
Play‐N‐Skillz,Pitbull
Hype Active,Pitbull
Jason Derulo,Pitbull
Pitbull,Chris Brown
John Ryan,Pitbull
Enrique Iglesias,Pitbull
Pitbull,Christina Aguilera
Pitbull,Chris Brown
Jason Derulo,Pitbull
Jennifer Lopez,Pitbull
Dirtbag,Pitbull
Pitbull,Chris Brown
Dario G,Pitbull
Dario G,TKZee
Pitbull,TKZee
Pitbull,Sean Kingston
Pitbull,Chris Brown
Pitbull,Chris Brown
Jennifer Lopez,Pitbull
Jennifer Lopez,Pitbull
John Ryan,Pitbull
C-Ride,Vedo-No Shake
C-Ride,Pitbull
Vedo-No Shake,Pitbull
DJ Buddha,Noriega
DJ Buddha,Lil Jon
DJ Buddha,Pitbull
DJ Buddha,Daddy Yankee
Noriega,Lil Jon
Noriega,Pitbull
Noriega,Daddy Yankee
Lil Jon,Pitbull
Lil Jon,Daddy Yankee
Pitbull,Daddy Yankee
Pitbull,Daddy Yankee
Arash,Blanco
Arash,Pitbull
Arash,Нюша
Blanco,Pitbull
Blanco,Нюша
Pitbull,Нюша
Nayer,Ne‐Yo
Nayer,Pitbull
Nayer,Afrojack
Ne‐Yo,Pitbull
Ne‐Yo,Afrojack
Pitbull,Afrojack
Nayer,Ne‐Yo
Nayer,Pitbull
Nayer,Afrojack
Ne‐Yo,Pitbull
Ne‐Yo,Afrojack
Pitbull,Afrojack
Young Boss,Trina
Young Boss,Pitbull
Trina,Pitbull
Baby Bash,Qwote
Baby Bash,Jump Smokers
Baby Bash,Pitbull
Qwote,Jump Smokers
Qwote,Pitbull
Jump Smokers,Pitbull
Flo Rida,Pitbull
Flo Rida,Lil Jon
Pitbull,Lil Jon
Nayer,Ne‐Yo
Nayer,Pitbull
Nayer,Afrojack
Ne‐Yo,Pitbull
Ne‐Yo,Afrojack
Pitbull,Afrojack
Nayer,Ne‐Yo
Nayer,Pitbull
Nayer,Afrojack
Ne‐Yo,Pitbull
Ne‐Yo,Afrojack
Pitbull,Afrojack
Nayer,Ne‐Yo
Nayer,Pitbull
Nayer,Afrojack
Ne‐Yo,Pitbull
Ne‐Yo,Afrojack
Pitbull,Afrojack
Pitbull,Shakira
Nayer,Ne‐Yo
Nayer,Pitbull
Nayer,Afrojack
Ne‐Yo,Pitbull
Ne‐Yo,Afrojack
Pitbull,Afrojack
DJ Buddha,Noriega
DJ Buddha,Lil Jon
DJ Buddha,Pitbull
DJ Buddha,Daddy Yankee
Noriega,Lil Jon
Noriega,Pitbull
Noriega,Daddy Yankee
Lil Jon,Pitbull
Lil Jon,Daddy Yankee
Pitbull,Daddy Yankee
Nayer,Ne‐Yo
Nayer,Pitbull
Nayer,Afrojack
Ne‐Yo,Pitbull
Ne‐Yo,Afrojack
Pitbull,Afrojack
Nayer,Ne‐Yo
Nayer,Pitbull
Nayer,Afrojack
Ne‐Yo,Pitbull
Ne‐Yo,Afrojack
Pitbull,Afrojack
Lil Jon & The East Side Boyz,Ying Yang Twins
Lil Jon & The East Side Boyz,Pitbull
Ying Yang Twins,Pitbull
Lary Over,IAmChino
Lary Over,Yomil y El Dany
Lary Over,Nino Freestyle
Lary Over,Pitbull
Lary Over,La Perversa
IAmChino,Yomil y El Dany
IAmChino,Nino Freestyle
IAmChino,Pitbull
IAmChino,La Perversa
Yomil y El Dany,Nino Freestyle
Yomil y El Dany,Pitbull
Yomil y El Dany,La Perversa
Nino Freestyle,Pitbull
Nino Freestyle,La Perversa
Pitbull,La Perversa
Pitbull,Joe Perry
Pitbull,Blake Shelton
Joe Perry,Blake Shelton
Pitbull,Sensato
Nayer,Ne‐Yo
Nayer,Pitbull
Nayer,Afrojack
Ne‐Yo,Pitbull
Ne‐Yo,Afrojack
Pitbull,Afrojack
Carolina Marquez,Pitbull
Ne‐Yo,Afrojack
Ne‐Yo,Pitbull
Ne‐Yo,Nayer
Afrojack,Pitbull
Afrojack,Nayer
Pitbull,Nayer
Pitbull,Shakira
Nayer,Ne‐Yo
Nayer,Pitbull
Nayer,Afrojack
Ne‐Yo,Pitbull
Ne‐Yo,Afrojack
Pitbull,Afrojack
Nile Rodgers,Daft Punk
Nile Rodgers,Pitbull
Nile Rodgers,Pharrell Williams
Daft Punk,Pitbull
Daft Punk,Pharrell Williams
Pitbull,Pharrell Williams
Pitbull,Kesha
Nayer,Ne‐Yo
Nayer,Pitbull
Nayer,Afrojack
Ne‐Yo,Pitbull
Ne‐Yo,Afrojack
Pitbull,Afrojack
Pitbull,Blake Shelton
Carolina Marquez,Dale Saunders
Carolina Marquez,Pitbull
Dale Saunders,Pitbull
Carolina Marquez,Dale Saunders
Carolina Marquez,Pitbull
Dale Saunders,Pitbull
Nayer,Ne‐Yo
Nayer,Pitbull
Nayer,Afrojack
Ne‐Yo,Pitbull
Ne‐Yo,Afrojack
Pitbull,Afrojack
Nayer,Ne‐Yo
Nayer,Pitbull
Nayer,Afrojack
Ne‐Yo,Pitbull
Ne‐Yo,Afrojack
Pitbull,Afrojack
Pitbull,Daddy Yankee
Pitbull,N.O.R.E.
Daddy Yankee,N.O.R.E.
Nayer,Ne‐Yo
Nayer,Pitbull
Nayer,Afrojack
Ne‐Yo,Pitbull
Ne‐Yo,Afrojack
Pitbull,Afrojack
Nayer,Ne‐Yo
Nayer,Pitbull
Nayer,Afrojack
Ne‐Yo,Pitbull
Ne‐Yo,Afrojack
Pitbull,Afrojack
Nayer,Ne‐Yo
Nayer,Pitbull
Nayer,Afrojack
Ne‐Yo,Pitbull
Ne‐Yo,Afrojack
Pitbull,Afrojack
Nayer,Ne‐Yo
Nayer,Pitbull
Nayer,Afrojack
Ne‐Yo,Pitbull
Ne‐Yo,Afrojack
Pitbull,Afrojack
Lil Jon,Cubo
Lil Jon,Pitbull
Cubo,Pitbull
Ne‐Yo,Afrojack
Ne‐Yo,Pitbull
Ne‐Yo,Nayer
Afrojack,Pitbull
Afrojack,Nayer
Pitbull,Nayer
Carolina Marquez,Dale Saunders
Carolina Marquez,Pitbull
Dale Saunders,Pitbull
Lil Jon,Pitbull
Lil Jon,Daddy Yankee
Lil Jon,N.O.R.E.
Pitbull,Daddy Yankee
Pitbull,N.O.R.E.
Daddy Yankee,N.O.R.E.
Carolina Marquez,Dale Saunders
Carolina Marquez,Pitbull
Dale Saunders,Pitbull
Nayer,Ne‐Yo
Nayer,Pitbull
Nayer,Afrojack
Ne‐Yo,Pitbull
Ne‐Yo,Afrojack
Pitbull,Afrojack
Lil Jon,Pitbull
Lil Jon,Daddy Yankee
Lil Jon,N.O.R.E.
Pitbull,Daddy Yankee
Pitbull,N.O.R.E.
Daddy Yankee,N.O.R.E.
Nile Rodgers,Pitbull
Nile Rodgers,Vikina
Pitbull,Vikina
David Rush,Qwote
David Rush,Pitbull
David Rush,Vein
Qwote,Pitbull
Qwote,Vein
Pitbull,Vein
Nayer,Ne‐Yo
Nayer,Pitbull
Nayer,Afrojack
Ne‐Yo,Pitbull
Ne‐Yo,Afrojack
Pitbull,Afrojack
Nayer,Ne‐Yo
Nayer,Pitbull
Nayer,Afrojack
Ne‐Yo,Pitbull
Ne‐Yo,Afrojack
Pitbull,Afrojack
Nayer,Ne‐Yo
Nayer,Pitbull
Nayer,Afrojack
Ne‐Yo,Pitbull
Ne‐Yo,Afrojack
Pitbull,Afrojack
Nayer,Ne‐Yo
Nayer,Pitbull
Nayer,Afrojack
Ne‐Yo,Pitbull
Ne‐Yo,Afrojack
Pitbull,Afrojack
Carolina Marquez,Dale Saunders
Carolina Marquez,Pitbull
Dale Saunders,Pitbull
Ne‐Yo,Afrojack
Ne‐Yo,Pitbull
Ne‐Yo,Nayer
Afrojack,Pitbull
Afrojack,Nayer
Pitbull,Nayer
Carolina Marquez,Dale Saunders
Carolina Marquez,Pitbull
Carolina Marquez,Roscoe Umali
Dale Saunders,Pitbull
Dale Saunders,Roscoe Umali
Pitbull,Roscoe Umali
Pitbull,Rich Boy
Nayer,Ne‐Yo
Nayer,Pitbull
Nayer,Afrojack
Ne‐Yo,Pitbull
Ne‐Yo,Afrojack
Pitbull,Afrojack
Lil Jon,Pitbull
Lil Jon,Daddy Yankee
Pitbull,Daddy Yankee
Young Boss,Trina
Young Boss,Pitbull
Trina,Pitbull
Young Boss,Trina
Young Boss,Pitbull
Trina,Pitbull
Pitbull,Sensato
Lil Jon & The East Side Boyz,Ying Yang Twins
Lil Jon & The East Side Boyz,Pitbull
Ying Yang Twins,Pitbull
Carolina Marquez,Dale Saunders
Carolina Marquez,Pitbull
Dale Saunders,Pitbull
Carolina Marquez,Dale Saunders
Carolina Marquez,Pitbull
Dale Saunders,Pitbull
Nayer,Ne‐Yo
Nayer,Pitbull
Nayer,Afrojack
Ne‐Yo,Pitbull
Ne‐Yo,Afrojack
Pitbull,Afrojack
Oobie,Pitbull
Carolina Marquez,Dale Saunders
Carolina Marquez,Pitbull
Carolina Marquez,Roscoe Umali
Dale Saunders,Pitbull
Dale Saunders,Roscoe Umali
Pitbull,Roscoe Umali
Carolina Marquez,Dale Saunders
Carolina Marquez,Pitbull
Dale Saunders,Pitbull
Pitbull,Sensato
Nayer,Ne‐Yo
Nayer,Pitbull
Nayer,Afrojack
Ne‐Yo,Pitbull
Ne‐Yo,Afrojack
Pitbull,Afrojack
Ne‐Yo,Pitbull
INNA,Pitbull
Ne‐Yo,Pitbull
Ne‐Yo,Nayer
Pitbull,Nayer
Nayer,Ne‐Yo
Nayer,Pitbull
Nayer,Afrojack
Ne‐Yo,Pitbull
Ne‐Yo,Afrojack
Pitbull,Afrojack
Carolina Marquez,Dale Saunders
Carolina Marquez,Pitbull
Dale Saunders,Pitbull
Carolina Marquez,Dale Saunders
Carolina Marquez,Pitbull
Dale Saunders,Pitbull
Carolina Marquez,Dale Saunders
Carolina Marquez,Pitbull
Dale Saunders,Pitbull
Carolina Marquez,Dale Saunders
Carolina Marquez,Pitbull
Dale Saunders,Pitbull
Nayer,Ne‐Yo
Nayer,Pitbull
Nayer,Afrojack
Ne‐Yo,Pitbull
Ne‐Yo,Afrojack
Pitbull,Afrojack
Pitbull,Yomil y El Dany
Pitbull,IAmChino
Yomil y El Dany,IAmChino
Pitbull,Shakira
Pitbull,Tim McGraw
Pitbull,Vikina
Tim McGraw,Vikina
Carolina Marquez,Dale Saunders
Carolina Marquez,Pitbull
Dale Saunders,Pitbull
Carolina Marquez,Dale Saunders
Carolina Marquez,Pitbull
Dale Saunders,Pitbull
Nayer,Ne‐Yo
Nayer,Pitbull
Nayer,Afrojack
Ne‐Yo,Pitbull
Ne‐Yo,Afrojack
Pitbull,Afrojack
Nayer,Ne‐Yo
Nayer,Pitbull
Nayer,Afrojack
Ne‐Yo,Pitbull
Ne‐Yo,Afrojack
Pitbull,Afrojack
Pitbull,T‐Pain
LunchMoney Lewis,Flo Rida
LunchMoney Lewis,Pitbull
Flo Rida,Pitbull
Pitbull,Chris Brown
Pitbull,The Wanted
Pitbull,Afrojack
The Wanted,Afrojack
Lil Wayne,Fat Joe
Lil Wayne,Paul Wall
Lil Wayne,DJ Khaled
Lil Wayne,Rick Ross
Lil Wayne,Pitbull
Fat Joe,Paul Wall
Fat Joe,DJ Khaled
Fat Joe,Rick Ross
Fat Joe,Pitbull
Paul Wall,DJ Khaled
Paul Wall,Rick Ross
Paul Wall,Pitbull
DJ Khaled,Rick Ross
DJ Khaled,Pitbull
Rick Ross,Pitbull
Kenza Farah,Pitbull
Kenza Farah,أحمد شوقي
Pitbull,أحمد شوقي
Pitbull,Kesha
Twista,Pitbull
Twista,Paul Wall
Pitbull,Paul Wall
DJ Felli Fel,Pitbull
DJ Felli Fel,CeeLo Green
DJ Felli Fel,Juicy J
Pitbull,CeeLo Green
Pitbull,Juicy J
CeeLo Green,Juicy J
Pitbull,T‐Pain
Pitbull,Chris Brown
Pitbull,T‐Pain
Pitbull,T‐Pain
Ricky Martin,Pitbull
LunchMoney Lewis,Flo Rida
LunchMoney Lewis,Pitbull
Flo Rida,Pitbull
DJ Felli Fel,Pitbull
DJ Felli Fel,CeeLo Green
DJ Felli Fel,Juicy J
Pitbull,CeeLo Green
Pitbull,Juicy J
CeeLo Green,Juicy J
Pitbull,T‐Pain
A‐WA,Pitbull
Pitbull,T‐Pain
Lil Wayne,Fat Joe
Lil Wayne,Paul Wall
Lil Wayne,Rick Ross
Lil Wayne,DJ Keyz
Lil Wayne,Pitbull
Fat Joe,Paul Wall
Fat Joe,Rick Ross
Fat Joe,DJ Keyz
Fat Joe,Pitbull
Paul Wall,Rick Ross
Paul Wall,DJ Keyz
Paul Wall,Pitbull
Rick Ross,DJ Keyz
Rick Ross,Pitbull
DJ Keyz,Pitbull
DJ Felli Fel,Pitbull
DJ Felli Fel,CeeLo Green
DJ Felli Fel,Juicy J
Pitbull,CeeLo Green
Pitbull,Juicy J
CeeLo Green,Juicy J
Pitbull,أحمد شوقي
Pitbull,The Wanted
Pitbull,Afrojack
The Wanted,Afrojack
Fat Joe,Lil Wayne
Fat Joe,Paul Wall
Fat Joe,DJ Khaled
Fat Joe,Rick Ross
Fat Joe,Pitbull
Lil Wayne,Paul Wall
Lil Wayne,DJ Khaled
Lil Wayne,Rick Ross
Lil Wayne,Pitbull
Paul Wall,DJ Khaled
Paul Wall,Rick Ross
Paul Wall,Pitbull
DJ Khaled,Rick Ross
DJ Khaled,Pitbull
Rick Ross,Pitbull
Pitbull,أحمد شوقي
LunchMoney Lewis,Flo Rida
LunchMoney Lewis,Pitbull
Flo Rida,Pitbull
Nadia Ali,Taio Cruz
Nadia Ali,Pitbull
Nadia Ali,Archie
Taio Cruz,Pitbull
Taio Cruz,Archie
Pitbull,Archie
LunchMoney Lewis,Flo Rida
LunchMoney Lewis,Pitbull
Flo Rida,Pitbull
Pitbull,The Wanted
Pitbull,Afrojack
The Wanted,Afrojack
Pitbull,Daddy Yankee
Pitbull,T‐Pain
Active Melody,David Guetta
Active Melody,Rihanna
Active Melody,Avicii
Active Melody,Adele
Active Melody,Taio Cruz
Active Melody,Pitbull
Active Melody,LMFAO
David Guetta,Rihanna
David Guetta,Avicii
David Guetta,Adele
David Guetta,Taio Cruz
David Guetta,Pitbull
David Guetta,LMFAO
Rihanna,Avicii
Rihanna,Adele
Rihanna,Taio Cruz
Rihanna,Pitbull
Rihanna,LMFAO
Avicii,Adele
Avicii,Taio Cruz
Avicii,Pitbull
Avicii,LMFAO
Adele,Taio Cruz
Adele,Pitbull
Adele,LMFAO
Taio Cruz,Pitbull
Taio Cruz,LMFAO
Pitbull,LMFAO
Twista,Pitbull
Twista,Mr. Collipark
Pitbull,Mr. Collipark
Twista,Pitbull
Pitbull,T‐Pain
Janet Jackson,Pitbull
Pitbull,T‐Pain
Luke,Pitbull
Luke,Petey Pablo
Pitbull,Petey Pablo
Pitbull,Chris Brown
DJ Felli Fel,Pitbull
DJ Felli Fel,CeeLo Green
DJ Felli Fel,Juicy J
Pitbull,CeeLo Green
Pitbull,Juicy J
CeeLo Green,Juicy J
LunchMoney Lewis,Flo Rida
LunchMoney Lewis,Pitbull
Flo Rida,Pitbull
Pitbull,T‐Pain
Khaled,Pitbull
Pitbull,Daddy Yankee
Pitbull,T‐Pain
LunchMoney Lewis,Flo Rida
LunchMoney Lewis,Pitbull
Flo Rida,Pitbull
Camila Cabello,Pitbull
Camila Cabello,J Balvin
Pitbull,J Balvin
Pitbull,Backstreet Boys
Pitbull,T‐Pain
DJ Felli Fel,Pitbull
DJ Felli Fel,CeeLo Green
DJ Felli Fel,Juicy J
Pitbull,CeeLo Green
Pitbull,Juicy J
CeeLo Green,Juicy J
Nicole Scherzinger,Pitbull
Pitbull,T‐Pain
LunchMoney Lewis,Flo Rida
LunchMoney Lewis,Pitbull
Flo Rida,Pitbull
Pitbull,T‐Pain
Pitbull,T‐Pain
Lil Wayne,Fat Joe
Lil Wayne,Paul Wall
Lil Wayne,DJ Khaled
Lil Wayne,Rick Ross
Lil Wayne,Pitbull
Fat Joe,Paul Wall
Fat Joe,DJ Khaled
Fat Joe,Rick Ross
Fat Joe,Pitbull
Paul Wall,DJ Khaled
Paul Wall,Rick Ross
Paul Wall,Pitbull
DJ Khaled,Rick Ross
DJ Khaled,Pitbull
Rick Ross,Pitbull
LunchMoney Lewis,Flo Rida
LunchMoney Lewis,Pitbull
Flo Rida,Pitbull
Fat Joe,Lil Wayne
Fat Joe,Paul Wall
Fat Joe,Rick Ross
Fat Joe,Pitbull
Lil Wayne,Paul Wall
Lil Wayne,Rick Ross
Lil Wayne,Pitbull
Paul Wall,Rick Ross
Paul Wall,Pitbull
Rick Ross,Pitbull
Camila Cabello,Pitbull
Camila Cabello,J Balvin
Pitbull,J Balvin
Fat Joe,Paul Wall
Fat Joe,Rick Ross
Fat Joe,DJ Ideal
Fat Joe,Pitbull
Paul Wall,Rick Ross
Paul Wall,DJ Ideal
Paul Wall,Pitbull
Rick Ross,DJ Ideal
Rick Ross,Pitbull
DJ Ideal,Pitbull
Veggi,Pitbull
Veggi,Boney M.
Pitbull,Boney M.
DJ Felli Fel,Pitbull
DJ Felli Fel,CeeLo Green
DJ Felli Fel,Juicy J
Pitbull,CeeLo Green
Pitbull,Juicy J
CeeLo Green,Juicy J
Chacal,Pitbull
Chacal,Sky Monroe
Pitbull,Sky Monroe
Pitbull,T‐Pain
Pitbull,Chris Brown
Lil Wayne,Fat Joe
Lil Wayne,Paul Wall
Lil Wayne,DJ Khaled
Lil Wayne,Rick Ross
Lil Wayne,Pitbull
Fat Joe,Paul Wall
Fat Joe,DJ Khaled
Fat Joe,Rick Ross
Fat Joe,Pitbull
Paul Wall,DJ Khaled
Paul Wall,Rick Ross
Paul Wall,Pitbull
DJ Khaled,Rick Ross
DJ Khaled,Pitbull
Rick Ross,Pitbull
Pitbull,IAmChino
Pitbull,Nio García
IAmChino,Nio García
DJ Felli Fel,Pitbull
DJ Felli Fel,CeeLo Green
DJ Felli Fel,Juicy J
Pitbull,CeeLo Green
Pitbull,Juicy J
CeeLo Green,Juicy J
Camila Cabello,Pitbull
Camila Cabello,J Balvin
Pitbull,J Balvin
Pitbull,T‐Pain
LunchMoney Lewis,Flo Rida
LunchMoney Lewis,Pitbull
Flo Rida,Pitbull
Pitbull,T‐Pain
DJ Felli Fel,Pitbull
DJ Felli Fel,CeeLo Green
DJ Felli Fel,Juicy J
Pitbull,CeeLo Green
Pitbull,Juicy J
CeeLo Green,Juicy J
Pitbull,Salvi
Pitbull,IAmChino
Pitbull,White Star
Salvi,IAmChino
Salvi,White Star
IAmChino,White Star
Nicole Scherzinger,Pitbull
Anthony Watts,DJ White Shadow
Anthony Watts,Pitbull
DJ White Shadow,Pitbull
Pitbull,DJ Footloose
Pitbull,Alex Gaudino
Pitbull,Jason Rooney
Alex Gaudino,Jason Rooney
Anthony Watts,DJ White Shadow
Anthony Watts,Pitbull
DJ White Shadow,Pitbull
Farruko,Pitbull
Pitbull,Refresh Money
Pitbull,Molotov
Refresh Money,Molotov
Nicole Scherzinger,Pitbull
Ciara,Pitbull
Ciara,Ludacris
Pitbull,Ludacris
Cubo,Pitbull
Cubo,AIM
Pitbull,AIM
Anthony Watts,DJ White Shadow
Anthony Watts,Pitbull
DJ White Shadow,Pitbull
The‐Dream,Rick Ross
The‐Dream,Ciara
The‐Dream,Ludacris
The‐Dream,Twista
The‐Dream,Pitbull
Rick Ross,Ciara
Rick Ross,Ludacris
Rick Ross,Twista
Rick Ross,Pitbull
Ciara,Ludacris
Ciara,Twista
Ciara,Pitbull
Ludacris,Twista
Ludacris,Pitbull
Twista,Pitbull
Ciara,Pitbull
Ciara,Ludacris
Pitbull,Ludacris
Pitbull,Jorge Gómez
Anthony Watts,DJ White Shadow
Anthony Watts,Pitbull
DJ White Shadow,Pitbull
Nicole Scherzinger,Pitbull
Ciara,Pitbull
Ciara,Ludacris
Pitbull,Ludacris
Ciara,Pitbull
Ciara,Ludacris
Pitbull,Ludacris
Pitbull,LMFAO
The WAV.s,Enrique Iglesias
The WAV.s,Pitbull
Enrique Iglesias,Pitbull
Pitbull,Chris Brown
Pitbull,Chris Brown
Pitbull,Chris Brown
Pitbull,Chris Brown
Pitbull,LMFAO
Pitbull,Chris Brown
Pitbull,Honorebel
Enrique Iglesias,Pitbull
Enrique Iglesias,Pitbull
Pitbull,Chris Brown
Pitbull,Chris Brown
Pitbull,Chris Brown
Honorabel,Jump Smokers
Honorabel,Pitbull
Jump Smokers,Pitbull
Vein,Selena Serrano
Vein,Ty
Vein,Baby Bash
Vein,Trina
Vein,Qwote
Vein,Jump Smokers
Vein,David Rush
Vein,Trick Daddy
Vein,Pitbull
Selena Serrano,Ty
Selena Serrano,Baby Bash
Selena Serrano,Trina
Selena Serrano,Qwote
Selena Serrano,Jump Smokers
Selena Serrano,David Rush
Selena Serrano,Trick Daddy
Selena Serrano,Pitbull
Ty,Baby Bash
Ty,Trina
Ty,Qwote
Ty,Jump Smokers
Ty,David Rush
Ty,Trick Daddy
Ty,Pitbull
Baby Bash,Trina
Baby Bash,Qwote
Baby Bash,Jump Smokers
Baby Bash,David Rush
Baby Bash,Trick Daddy
Baby Bash,Pitbull
Trina,Qwote
Trina,Jump Smokers
Trina,David Rush
Trina,Trick Daddy
Trina,Pitbull
Qwote,Jump Smokers
Qwote,David Rush
Qwote,Trick Daddy
Qwote,Pitbull
Jump Smokers,David Rush
Jump Smokers,Trick Daddy
Jump Smokers,Pitbull
David Rush,Trick Daddy
David Rush,Pitbull
Trick Daddy,Pitbull
Pitbull,Chris Brown
Tito “El Bambino”,El Alfa
Tito “El Bambino”,Pitbull
El Alfa,Pitbull
The WAV.s,Enrique Iglesias
The WAV.s,Pitbull
Enrique Iglesias,Pitbull
Pitbull,Chris Brown
Pitbull,Chris Brown
Stacks,Paul Wall
Stacks,8Ball
Stacks,MJG
Stacks,Pitbull
Paul Wall,8Ball
Paul Wall,MJG
Paul Wall,Pitbull
8Ball,MJG
8Ball,Pitbull
MJG,Pitbull
Pitbull,LMFAO
Enrique Iglesias,Pitbull
Pitbull,Chris Brown
Jay Sean,Pitbull
Pitbull,LMFAO
Pitbull,Chris Brown
Jay Sean,Pitbull
Enrique Iglesias,Pitbull
Pitbull,T‐Pain
Pitbull,Chuckie
T‐Pain,Chuckie
Pitbull,Vikina
Pitbull,LMFAO
Pitbull,Chris Brown
Pitbull,Nightcrawlers
Enrique Iglesias,Pitbull
Pitbull,Honorebel
Enrique Iglesias,Pitbull
Stevie B,Pitbull
The WAV.s,Enrique Iglesias
The WAV.s,Pitbull
Enrique Iglesias,Pitbull
Pitbull,Vikina
Jay Sean,Pitbull
Beenie Man,Pitbull
Beenie Man,T‐Pain
Pitbull,T‐Pain
Enrique Iglesias,Pitbull
Lil Jon,Pitbull
Lil Jon,Daddy Yankee
Lil Jon,N.O.R.E.
Pitbull,Daddy Yankee
Pitbull,N.O.R.E.
Daddy Yankee,N.O.R.E.
Pitbull,Chris Brown
Oobie,Pitbull
Enrique Iglesias,Pitbull
Pitbull,LMFAO
Enrique Iglesias,Pitbull
Pitbull,Del the Funky Homosapien
Pitbull,LMFAO
Enrique Iglesias,Pitbull
Enrique Iglesias,Pitbull
Belinda,Pitbull
Lil Jon,DJ Noodles
Lil Jon,Pitbull
Lil Jon,LMFAO
DJ Noodles,Pitbull
DJ Noodles,LMFAO
Pitbull,LMFAO
The WAV.s,Enrique Iglesias
The WAV.s,Pitbull
Enrique Iglesias,Pitbull
Nicki Minaj,Pitbull
DJ Class,Lil Jon
DJ Class,Pitbull
Lil Jon,Pitbull
Stacks,8Ball & MJG
Stacks,Paul Wall
Stacks,Pitbull
Stacks,Michael “5000” Watts
8Ball & MJG,Paul Wall
8Ball & MJG,Pitbull
8Ball & MJG,Michael “5000” Watts
Paul Wall,Pitbull
Paul Wall,Michael “5000” Watts
Pitbull,Michael “5000” Watts
Pitbull,Chris Brown
Pitbull,Stat Quo
Pitbull,T‐Pain
Stat Quo,T‐Pain
Pitbull,LMFAO
Sinful,Pitbull
Sinful,Beyoncé
Pitbull,Beyoncé
Pitbull,Stat Quo
Pitbull,T‐Pain
Stat Quo,T‐Pain
Enrique Iglesias,Pitbull
Enrique Iglesias,Afrojack
Pitbull,Afrojack
Enrique Iglesias,Pitbull
Pitbull,Chris Brown
Enrique Iglesias,Pitbull
Pitbull,Shakira
Lil Jon,Pitbull
El Micha,Pitbull
El Micha,T‐Pain
Pitbull,T‐Pain
Pitbull,DJ Laz
Pitbull,Kumbia Kings
DJ Laz,Kumbia Kings
Pitbull,Austin Mahone
Pitbull,Jacob Forever
Pitbull,DJ Shorty
Pitbull,Fuego
Jacob Forever,DJ Shorty
Jacob Forever,Fuego
DJ Shorty,Fuego
Pitbull,Vikina
Pitbull,Austin Mahone
Pitbull,Three 6 Mafia
Pitbull,Adassa
Pitbull,R.J.
Pitbull,Tito “El Bambino”
Pitbull,IAmChino
Tito “El Bambino”,IAmChino
David Guetta,Usher
David Guetta,Jennifer Lopez
David Guetta,Nicki Minaj
David Guetta,Rihanna
David Guetta,Sean Kingston
David Guetta,Britney Spears
David Guetta,will.i.am
David Guetta,Pitbull
David Guetta,Lady Gaga
David Guetta,Alexis Jordan
Usher,Jennifer Lopez
Usher,Nicki Minaj
Usher,Rihanna
Usher,Sean Kingston
Usher,Britney Spears
Usher,will.i.am
Usher,Pitbull
Usher,Lady Gaga
Usher,Alexis Jordan
Jennifer Lopez,Nicki Minaj
Jennifer Lopez,Rihanna
Jennifer Lopez,Sean Kingston
Jennifer Lopez,Britney Spears
Jennifer Lopez,will.i.am
Jennifer Lopez,Pitbull
Jennifer Lopez,Lady Gaga
Jennifer Lopez,Alexis Jordan
Nicki Minaj,Rihanna
Nicki Minaj,Sean Kingston
Nicki Minaj,Britney Spears
Nicki Minaj,will.i.am
Nicki Minaj,Pitbull
Nicki Minaj,Lady Gaga
Nicki Minaj,Alexis Jordan
Rihanna,Sean Kingston
Rihanna,Britney Spears
Rihanna,will.i.am
Rihanna,Pitbull
Rihanna,Lady Gaga
Rihanna,Alexis Jordan
Sean Kingston,Britney Spears
Sean Kingston,will.i.am
Sean Kingston,Pitbull
Sean Kingston,Lady Gaga
Sean Kingston,Alexis Jordan
Britney Spears,will.i.am
Britney Spears,Pitbull
Britney Spears,Lady Gaga
Britney Spears,Alexis Jordan
will.i.am,Pitbull
will.i.am,Lady Gaga
will.i.am,Alexis Jordan
Pitbull,Lady Gaga
Pitbull,Alexis Jordan
Lady Gaga,Alexis Jordan
Sean Paul,Pitbull
Sean Paul,DJ Snake
Pitbull,DJ Snake
Enrique Iglesias,Pitbull
Lil Jon,Pitbull
Abraham Mateo,Pitbull
Abraham Mateo,E‐40
Abraham Mateo,The Stereotypes
Pitbull,E‐40
Pitbull,The Stereotypes
E‐40,The Stereotypes
Roscoe Umali,Pitbull
Roscoe Umali,Taboo
Roscoe Umali,Diva
Pitbull,Taboo
Pitbull,Diva
Taboo,Diva
Pitbull,Vikina
Psirico,Pitbull
DJ Ideal,Pitbull
Pitbull,Adassa
Havana Brown,Pitbull
Havana Brown,Afrojack
Pitbull,Afrojack
Pitbull,Austin Mahone
Lil Jon,Pitbull
Pitbull,Jacob Forever
Pitbull,DJ Shorty
Pitbull,Fuego
Jacob Forever,DJ Shorty
Jacob Forever,Fuego
DJ Shorty,Fuego
Lil Jon,Pitbull
Jeremy Green,Pitbull
Jeremy Green,Courtney Argue
Pitbull,Courtney Argue
Pitbull,Austin Mahone
DJ EFN,Heckler
DJ EFN,Garcia
DJ EFN,Pitbull
Heckler,Garcia
Heckler,Pitbull
Garcia,Pitbull
Lil Jon,Pitbull
Heckler,Garcia
Heckler,Pitbull
Garcia,Pitbull
Lil Jon,Pitbull
Miri Ben‐Ari,Pitbull
Miri Ben‐Ari,Zion & Lennox
Miri Ben‐Ari,Fatman Scoop
Pitbull,Zion & Lennox
Pitbull,Fatman Scoop
Zion & Lennox,Fatman Scoop
Petrona Martínez,Pitbull
Lil Jon,Pitbull
Sophia del Carmen,Pitbull
Jennifer Lopez,Pitbull
DJ EFN,Heckler
DJ EFN,Garcia
DJ EFN,Pitbull
Heckler,Garcia
Heckler,Pitbull
Garcia,Pitbull
Bang,Vedo-No Shake
Bang,Pitbull
Vedo-No Shake,Pitbull
Noelle Scaggs,Pitbull
Tego,Pitbull
Tego,The Game
Pitbull,The Game
Qwote,Pitbull
Lil Jon,Pitbull
Lil Jon,Pitbull
Pitbull,Austin Mahone
Pitbull,R.J.
Lil Jon,Pitbull
Sophia del Carmen,Pitbull
Jeremy Greene,Pitbull
Jeremy Greene,Courtney Argue
Pitbull,Courtney Argue
Roscoe Umali,Pitbull
Roscoe Umali,Taboo
Roscoe Umali,Diva
Pitbull,Taboo
Pitbull,Diva
Taboo,Diva
Jeremy Greene,Pitbull
Jeremy Greene,Courtney Argue
Pitbull,Courtney Argue
Enrique Iglesias,Pitbull
Jeremy Greene,Pitbull
Jeremy Greene,Courtney Argue
Pitbull,Courtney Argue
Chesca,Raney Shockne
Chesca,Pitbull
Chesca,Giorgio Moroder
Raney Shockne,Pitbull
Raney Shockne,Giorgio Moroder
Pitbull,Giorgio Moroder
Miri Ben‐Ari,Fatman Scoop
Miri Ben‐Ari,Zion & Lennox
Miri Ben‐Ari,Pitbull
Fatman Scoop,Zion & Lennox
Fatman Scoop,Pitbull
Zion & Lennox,Pitbull
Pitbull,Wyclef Jean
Santigold,Ying Yang Twins
Santigold,Pitbull
Ying Yang Twins,Pitbull
Jeremy Greene,Pitbull
Jeremy Greene,Courtney Argue
Pitbull,Courtney Argue
Jennifer Lopez,Pitbull
Pitbull,R.J.
David Guetta,Usher
David Guetta,Travie McCoy
David Guetta,GoonRock
David Guetta,Black Eyed Peas
David Guetta,Lauren Bennett
David Guetta,Kesha
David Guetta,Snoop Dogg
David Guetta,Flo Rida
David Guetta,CeeLo Green
David Guetta,Pitbull
David Guetta,LMFAO
David Guetta,Taio Cruz
David Guetta,Kylie Minogue
David Guetta,Lady Gaga
Usher,Travie McCoy
Usher,GoonRock
Usher,Black Eyed Peas
Usher,Lauren Bennett
Usher,Kesha
Usher,Snoop Dogg
Usher,Flo Rida
Usher,CeeLo Green
Usher,Pitbull
Usher,LMFAO
Usher,Taio Cruz
Usher,Kylie Minogue
Usher,Lady Gaga
Travie McCoy,GoonRock
Travie McCoy,Black Eyed Peas
Travie McCoy,Lauren Bennett
Travie McCoy,Kesha
Travie McCoy,Snoop Dogg
Travie McCoy,Flo Rida
Travie McCoy,CeeLo Green
Travie McCoy,Pitbull
Travie McCoy,LMFAO
Travie McCoy,Taio Cruz
Travie McCoy,Kylie Minogue
Travie McCoy,Lady Gaga
GoonRock,Black Eyed Peas
GoonRock,Lauren Bennett
GoonRock,Kesha
GoonRock,Snoop Dogg
GoonRock,Flo Rida
GoonRock,CeeLo Green
GoonRock,Pitbull
GoonRock,LMFAO
GoonRock,Taio Cruz
GoonRock,Kylie Minogue
GoonRock,Lady Gaga
Black Eyed Peas,Lauren Bennett
Black Eyed Peas,Kesha
Black Eyed Peas,Snoop Dogg
Black Eyed Peas,Flo Rida
Black Eyed Peas,CeeLo Green
Black Eyed Peas,Pitbull
Black Eyed Peas,LMFAO
Black Eyed Peas,Taio Cruz
Black Eyed Peas,Kylie Minogue
Black Eyed Peas,Lady Gaga
Lauren Bennett,Kesha
Lauren Bennett,Snoop Dogg
Lauren Bennett,Flo Rida
Lauren Bennett,CeeLo Green
Lauren Bennett,Pitbull
Lauren Bennett,LMFAO
Lauren Bennett,Taio Cruz
Lauren Bennett,Kylie Minogue
Lauren Bennett,Lady Gaga
Kesha,Snoop Dogg
Kesha,Flo Rida
Kesha,CeeLo Green
Kesha,Pitbull
Kesha,LMFAO
Kesha,Taio Cruz
Kesha,Kylie Minogue
Kesha,Lady Gaga
Snoop Dogg,Flo Rida
Snoop Dogg,CeeLo Green
Snoop Dogg,Pitbull
Snoop Dogg,LMFAO
Snoop Dogg,Taio Cruz
Snoop Dogg,Kylie Minogue
Snoop Dogg,Lady Gaga
Flo Rida,CeeLo Green
Flo Rida,Pitbull
Flo Rida,LMFAO
Flo Rida,Taio Cruz
Flo Rida,Kylie Minogue
Flo Rida,Lady Gaga
CeeLo Green,Pitbull
CeeLo Green,LMFAO
CeeLo Green,Taio Cruz
CeeLo Green,Kylie Minogue
CeeLo Green,Lady Gaga
Pitbull,LMFAO
Pitbull,Taio Cruz
Pitbull,Kylie Minogue
Pitbull,Lady Gaga
LMFAO,Taio Cruz
LMFAO,Kylie Minogue
LMFAO,Lady Gaga
Taio Cruz,Kylie Minogue
Taio Cruz,Lady Gaga
Kylie Minogue,Lady Gaga
Pitbull,Taboo
Pitbull,Diva
Taboo,Diva
Roscoe Umali,Pitbull
Roscoe Umali,Taboo
Roscoe Umali,Diva
Pitbull,Taboo
Pitbull,Diva
Taboo,Diva
Enrique Iglesias,Pitbull
Qwote,Pitbull
Sinful,Pitbull
Sinful,Chino XL
Sinful,Sick Jacken
Pitbull,Chino XL
Pitbull,Sick Jacken
Chino XL,Sick Jacken
Pitbull,Soulja Boy
Pitbull,Sammie
Soulja Boy,Sammie
Jennifer Lopez,Pitbull
Roscoe,Pitbull
Roscoe,Taboo
Roscoe,Diva
Pitbull,Taboo
Pitbull,Diva
Taboo,Diva
El Micha,Pitbull
El Micha,T‐Pain
Pitbull,T‐Pain
Pitbull,R.J.
Jacob Forever,Pitbull
Jacob Forever,Shorty
Jacob Forever,Fuego
Pitbull,Shorty
Pitbull,Fuego
Shorty,Fuego
Havana Brown,Pitbull
Havana Brown,Afrojack
Pitbull,Afrojack
Pitbull,Jessica Mauboy
Havana Brown,Pitbull
Havana Brown,Afrojack
Pitbull,Afrojack
Jeremy Greene,Pitbull
Jeremy Greene,Courtney Argue
Pitbull,Courtney Argue
Qwote,Pitbull
Pitbull,Shakira
Pitbull,Jacob Forever
Pitbull,DJ Shorty
Pitbull,Fuego
Jacob Forever,DJ Shorty
Jacob Forever,Fuego
DJ Shorty,Fuego
Pitbull,R.J.
Qwote,Pitbull
Pitbull,Jacob Forever
Pitbull,DJ Shorty
Pitbull,Fuego
Jacob Forever,DJ Shorty
Jacob Forever,Fuego
DJ Shorty,Fuego
Qwote,Pitbull
Enrique Iglesias,Pitbull
Pitbull,Trick Daddy
Jason Derulo,Pitbull
Enrique Iglesias,Pitbull
El Micha,Pitbull
Pitbull,Yandel
Enrique Iglesias,Pitbull
Pitbull,Trick Daddy
Pitbull,Trick Daddy
Yaga & Mackie,Pitbull
Paulina Rubio,Pitbull
Enrique Iglesias,Pitbull
Scribble1k,Jp
Scribble1k,Pitbull
Scribble1k,wolfman1405
Jp,Pitbull
Jp,wolfman1405
Pitbull,wolfman1405
Jarvis,Pitbull
Paulina Rubio,Pitbull
Enrique Iglesias,Pitbull
Jussie Smollett,Pitbull
Master Joe & O.G. Black,Pitbull
Pitbull,Ricky Martin
Pacheko,Pitbull
Pacheko,6Blocc
Pitbull,6Blocc
Pitbull,Diana Gordon
Pitbull,Afrojack
Flo Rida,Pitbull
Flo Rida,DJ Laz
Pitbull,DJ Laz
Brisco,Pitbull
Tego,Pitbull
Pitbull,Ricky Martin
Pitbull,Natti Natasha
Pitbull,Daddy Yankee
Natti Natasha,Daddy Yankee
Pitbull,Ricky Martin
Brisco,Smitty
Brisco,Gunplay
Brisco,DJ Khaled
Brisco,Cubo
Brisco,Flo Rida
Brisco,Garcia
Brisco,Heckler
Brisco,Pitbull
Smitty,Gunplay
Smitty,DJ Khaled
Smitty,Cubo
Smitty,Flo Rida
Smitty,Garcia
Smitty,Heckler
Smitty,Pitbull
Gunplay,DJ Khaled
Gunplay,Cubo
Gunplay,Flo Rida
Gunplay,Garcia
Gunplay,Heckler
Gunplay,Pitbull
DJ Khaled,Cubo
DJ Khaled,Flo Rida
DJ Khaled,Garcia
DJ Khaled,Heckler
DJ Khaled,Pitbull
Cubo,Flo Rida
Cubo,Garcia
Cubo,Heckler
Cubo,Pitbull
Flo Rida,Garcia
Flo Rida,Heckler
Flo Rida,Pitbull
Garcia,Heckler
Garcia,Pitbull
Heckler,Pitbull
Brisco,Smitty
Brisco,Gunplay
Brisco,DJ Khaled
Brisco,Cubo
Brisco,Flo Rida
Brisco,Garcia
Brisco,DJ EFN
Brisco,Heckler
Brisco,Pitbull
Smitty,Gunplay
Smitty,DJ Khaled
Smitty,Cubo
Smitty,Flo Rida
Smitty,Garcia
Smitty,DJ EFN
Smitty,Heckler
Smitty,Pitbull
Gunplay,DJ Khaled
Gunplay,Cubo
Gunplay,Flo Rida
Gunplay,Garcia
Gunplay,DJ EFN
Gunplay,Heckler
Gunplay,Pitbull
DJ Khaled,Cubo
DJ Khaled,Flo Rida
DJ Khaled,Garcia
DJ Khaled,DJ EFN
DJ Khaled,Heckler
DJ Khaled,Pitbull
Cubo,Flo Rida
Cubo,Garcia
Cubo,DJ EFN
Cubo,Heckler
Cubo,Pitbull
Flo Rida,Garcia
Flo Rida,DJ EFN
Flo Rida,Heckler
Flo Rida,Pitbull
Garcia,DJ EFN
Garcia,Heckler
Garcia,Pitbull
DJ EFN,Heckler
DJ EFN,Pitbull
Heckler,Pitbull
Pitbull,Vein
Pitbull,Omega
Pitbull,Fuego
Omega,Fuego
Pitbull,Ricky Martin
Pitbull,Omar Courtz
Becky G,Pitbull
Guru Randhawa,Tito “El Bambino”
Guru Randhawa,Pitbull
Tito “El Bambino”,Pitbull
Pitbull,DJ Laz
Pitbull,Vein
Pitbull,Fuego
El Micha,Ne‐Yo
El Micha,Pitbull
El Micha,Lenier
Ne‐Yo,Pitbull
Ne‐Yo,Lenier
Pitbull,Lenier
Enrique Iglesias,Pitbull
Pitbull,Jorge Gómez
Wisin & Yandel,Pitbull
Brisco,Smitty
Brisco,Gunplay
Brisco,DJ Khaled
Brisco,Cubo
Brisco,Flo Rida
Brisco,Garcia
Brisco,DJ EFN
Brisco,Heckler
Brisco,Pitbull
Smitty,Gunplay
Smitty,DJ Khaled
Smitty,Cubo
Smitty,Flo Rida
Smitty,Garcia
Smitty,DJ EFN
Smitty,Heckler
Smitty,Pitbull
Gunplay,DJ Khaled
Gunplay,Cubo
Gunplay,Flo Rida
Gunplay,Garcia
Gunplay,DJ EFN
Gunplay,Heckler
Gunplay,Pitbull
DJ Khaled,Cubo
DJ Khaled,Flo Rida
DJ Khaled,Garcia
DJ Khaled,DJ EFN
DJ Khaled,Heckler
DJ Khaled,Pitbull
Cubo,Flo Rida
Cubo,Garcia
Cubo,DJ EFN
Cubo,Heckler
Cubo,Pitbull
Flo Rida,Garcia
Flo Rida,DJ EFN
Flo Rida,Heckler
Flo Rida,Pitbull
Garcia,DJ EFN
Garcia,Heckler
Garcia,Pitbull
DJ EFN,Heckler
DJ EFN,Pitbull
Heckler,Pitbull
Becky G,Pitbull
Becky G,De La Ghetto
Pitbull,De La Ghetto
Casely,Pitbull
Flo Rida,Casely
Flo Rida,Pitbull
Flo Rida,DJ Laz
Casely,Pitbull
Casely,DJ Laz
Pitbull,DJ Laz
El Micha,Ne‐Yo
El Micha,Pitbull
El Micha,Lenier
Ne‐Yo,Pitbull
Ne‐Yo,Lenier
Pitbull,Lenier
Akon,Pitbull
Farruko,El Micha
Farruko,Pitbull
El Micha,Pitbull
Wisin & Yandel,El Alfa
Wisin & Yandel,Pitbull
El Alfa,Pitbull
AgusFortnite2008,Pitbull
Enrique Iglesias,Pitbull
Pitbull,Austin Mahone
Lil Jon,Pitbull
Flo Rida,Casely
Flo Rida,Pitbull
Flo Rida,DJ Laz
Casely,Pitbull
Casely,DJ Laz
Pitbull,DJ Laz
El Micha,Ne‐Yo
El Micha,Pitbull
El Micha,Lenier
Ne‐Yo,Pitbull
Ne‐Yo,Lenier
Pitbull,Lenier
Pitbull,Ricky Martin
Pitbull,Austin Mahone
Pitbull,B.o.B
Pitbull,Sensato
Enrique Iglesias,Pitbull
Enrique Iglesias,Pitbull
Gloria Estefan,Pitbull
Akon,Pitbull
Becky G,Pitbull
Becky G,De La Ghetto
Pitbull,De La Ghetto
Pitbull,DJ Laz
Nayer,Pitbull
Nayer,Jean‐Roch
Pitbull,Jean‐Roch
Pitbull,Crookers
Enrique Iglesias,Pitbull
Enrique Iglesias,Pitbull
Enrique Iglesias,Darell
Pitbull,Darell
Omega,Pitbull
Omega,Fuego
Pitbull,Fuego
Pitbull,Ricky Martin
Pitbull,Omega
Pitbull,Fuego
Omega,Fuego
Pitbull,Austin Mahone
Pitbull,Maffio
Enrique Iglesias,Pitbull
Farruko,Pitbull
Paulina Rubio,Pitbull
Pitbull,Nelly
Casely,Pitbull
Pitbull,Quevedo
Omega,Pitbull
Omega,Fuego
Pitbull,Fuego
Pitbull,Omar Courtz
Enrique Iglesias,Pitbull
Pitbull,Ricky Martin
Pitbull,Ricky Martin
Pitbull,Afrojack
JLo,Pitbull
JLo,Zutzut
Pitbull,Zutzut
Pitbull,Jump Smokers
Pitbull,Honorebel
Jump Smokers,Honorebel
Pitbull,Jump Smokers
Pitbull,Honorebel
Jump Smokers,Honorebel
Jennifer Lopez,Pitbull
Pitbull,DJ Laz
Pitbull,Jump Smokers
Pitbull,Honorebel
Jump Smokers,Honorebel
Pitbull,Jump Smokers
Pitbull,Honorebel
Jump Smokers,Honorebel
Pitbull,Jump Smokers
Pitbull,Honorebel
Jump Smokers,Honorebel
Leona Lewis,Pitbull
Candelita,Silvestre Dangond
Candelita,Pitbull
Silvestre Dangond,Pitbull
Flo Rida,Yomil y El Dany
Flo Rida,Pitbull
Yomil y El Dany,Pitbull
Pitbull,Jump Smokers
Pitbull,Honorebel
Jump Smokers,Honorebel
Pitbull,Bon Jovi
Pitbull,Jump Smokers
Pitbull,Honorebel
Jump Smokers,Honorebel
Jennifer Lopez,Pitbull
Gene Noble,Pitbull
Gene Noble,Shaggy
Pitbull,Shaggy
Pitbull,Jump Smokers
Pitbull,Honorebel
Jump Smokers,Honorebel
Jennifer Lopez,Pitbull
Jennifer Lopez,Pitbull
Pitbull,Jump Smokers
Pitbull,Honorebel
Jump Smokers,Honorebel
Pitbull,Jump Smokers
Pitbull,Honorebel
Jump Smokers,Honorebel
Pitbull,Jump Smokers
Pitbull,Honorebel
Jump Smokers,Honorebel
Jennifer Lopez,Pitbull
Pitbull,Jump Smokers
Pitbull,Honorebel
Jump Smokers,Honorebel
Gene Noble,Pitbull
Gene Noble,Shaggy
Pitbull,Shaggy
Livvi Franc,Pitbull
Jennifer Lopez,Pitbull
Jennifer Lopez,Pitbull
Pitbull,Jump Smokers
Pitbull,Honorebel
Jump Smokers,Honorebel
Pitbull,Jump Smokers
Pitbull,Honorebel
Jump Smokers,Honorebel
Jennifer Lopez,Pitbull
Jennifer Lopez,Pitbull
Jaykay,Pitbull
Jaykay,Stephen Oaks
Pitbull,Stephen Oaks
Gene Noble,Pitbull
Gene Noble,Shaggy
Pitbull,Shaggy
Livvi Franc,Pitbull
Pitbull,Lil Silva
Pitbull,Jump Smokers
Pitbull,Honorebel
Lil Silva,Jump Smokers
Lil Silva,Honorebel
Jump Smokers,Honorebel
Gene Noble,Pitbull
Gene Noble,Shaggy
Pitbull,Shaggy
Jennifer Lopez,Pitbull
Pitbull,Jump Smokers
Pitbull,Honorebel
Jump Smokers,Honorebel
Jennifer Lopez,Pitbull
Stephen Marley,Pitbull
Gene Noble,Pitbull
Gene Noble,Shaggy
Pitbull,Shaggy
Pitbull,Jump Smokers
Pitbull,Honorebel
Jump Smokers,Honorebel
Leona Lewis,Pitbull
Dougie F,40 Cobras
Dougie F,Pitbull
40 Cobras,Pitbull
Dougie F,40 Cobras
Dougie F,Pitbull
40 Cobras,Pitbull
Stephen Marley,Pitbull
Jennifer Lopez,Pitbull
Pitbull,Jump Smokers
Pitbull,Honorebel
Jump Smokers,Honorebel
Alexis & Fido,Pitbull
Jennifer Lopez,Pitbull
Livvi Franc,Pitbull
Pitbull,Honorebel
Pitbull,Jump Smokers
Pitbull,Honorebel
Jump Smokers,Honorebel
Rhea,Pitbull
Jennifer Lopez,Pitbull
Chamillionaire,T.I.
Chamillionaire,Juelz Santana
Chamillionaire,Ja Rule
Chamillionaire,Twista
Chamillionaire,Daz Dillinger
Chamillionaire,Pitbull
Chamillionaire,Jadakiss
Chamillionaire,Kurupt
Chamillionaire,Nas
Chamillionaire,Rick Ross
Chamillionaire,E‐40
Chamillionaire,Lil Wayne
Chamillionaire,Jim Jones
Chamillionaire,Fabolous
Chamillionaire,Bun B
Chamillionaire,Clipse
Chamillionaire,N.O.R.E.
Chamillionaire,Fat Joe
Chamillionaire,Styles P
Chamillionaire,Snoop Dogg
Chamillionaire,Slim Thug
Chamillionaire,The Game
Chamillionaire,WC
T.I.,Juelz Santana
T.I.,Ja Rule
T.I.,Twista
T.I.,Daz Dillinger
T.I.,Pitbull
T.I.,Jadakiss
T.I.,Kurupt
T.I.,Nas
T.I.,Rick Ross
T.I.,E‐40
T.I.,Lil Wayne
T.I.,Jim Jones
T.I.,Fabolous
T.I.,Bun B
T.I.,Clipse
T.I.,N.O.R.E.
T.I.,Fat Joe
T.I.,Styles P
T.I.,Snoop Dogg
T.I.,Slim Thug
T.I.,The Game
T.I.,WC
Juelz Santana,Ja Rule
Juelz Santana,Twista
Juelz Santana,Daz Dillinger
Juelz Santana,Pitbull
Juelz Santana,Jadakiss
Juelz Santana,Kurupt
Juelz Santana,Nas
Juelz Santana,Rick Ross
Juelz Santana,E‐40
Juelz Santana,Lil Wayne
Juelz Santana,Jim Jones
Juelz Santana,Fabolous
Juelz Santana,Bun B
Juelz Santana,Clipse
Juelz Santana,N.O.R.E.
Juelz Santana,Fat Joe
Juelz Santana,Styles P
Juelz Santana,Snoop Dogg
Juelz Santana,Slim Thug
Juelz Santana,The Game
Juelz Santana,WC
Ja Rule,Twista
Ja Rule,Daz Dillinger
Ja Rule,Pitbull
Ja Rule,Jadakiss
Ja Rule,Kurupt
Ja Rule,Nas
Ja Rule,Rick Ross
Ja Rule,E‐40
Ja Rule,Lil Wayne
Ja Rule,Jim Jones
Ja Rule,Fabolous
Ja Rule,Bun B
Ja Rule,Clipse
Ja Rule,N.O.R.E.
Ja Rule,Fat Joe
Ja Rule,Styles P
Ja Rule,Snoop Dogg
Ja Rule,Slim Thug
Ja Rule,The Game
Ja Rule,WC
Twista,Daz Dillinger
Twista,Pitbull
Twista,Jadakiss
Twista,Kurupt
Twista,Nas
Twista,Rick Ross
Twista,E‐40
Twista,Lil Wayne
Twista,Jim Jones
Twista,Fabolous
Twista,Bun B
Twista,Clipse
Twista,N.O.R.E.
Twista,Fat Joe
Twista,Styles P
Twista,Snoop Dogg
Twista,Slim Thug
Twista,The Game
Twista,WC
Daz Dillinger,Pitbull
Daz Dillinger,Jadakiss
Daz Dillinger,Kurupt
Daz Dillinger,Nas
Daz Dillinger,Rick Ross
Daz Dillinger,E‐40
Daz Dillinger,Lil Wayne
Daz Dillinger,Jim Jones
Daz Dillinger,Fabolous
Daz Dillinger,Bun B
Daz Dillinger,Clipse
Daz Dillinger,N.O.R.E.
Daz Dillinger,Fat Joe
Daz Dillinger,Styles P
Daz Dillinger,Snoop Dogg
Daz Dillinger,Slim Thug
Daz Dillinger,The Game
Daz Dillinger,WC
Pitbull,Jadakiss
Pitbull,Kurupt
Pitbull,Nas
Pitbull,Rick Ross
Pitbull,E‐40
Pitbull,Lil Wayne
Pitbull,Jim Jones
Pitbull,Fabolous
Pitbull,Bun B
Pitbull,Clipse
Pitbull,N.O.R.E.
Pitbull,Fat Joe
Pitbull,Styles P
Pitbull,Snoop Dogg
Pitbull,Slim Thug
Pitbull,The Game
Pitbull,WC
Jadakiss,Kurupt
Jadakiss,Nas
Jadakiss,Rick Ross
Jadakiss,E‐40
Jadakiss,Lil Wayne
Jadakiss,Jim Jones
Jadakiss,Fabolous
Jadakiss,Bun B
Jadakiss,Clipse
Jadakiss,N.O.R.E.
Jadakiss,Fat Joe
Jadakiss,Styles P
Jadakiss,Snoop Dogg
Jadakiss,Slim Thug
Jadakiss,The Game
Jadakiss,WC
Kurupt,Nas
Kurupt,Rick Ross
Kurupt,E‐40
Kurupt,Lil Wayne
Kurupt,Jim Jones
Kurupt,Fabolous
Kurupt,Bun B
Kurupt,Clipse
Kurupt,N.O.R.E.
Kurupt,Fat Joe
Kurupt,Styles P
Kurupt,Snoop Dogg
Kurupt,Slim Thug
Kurupt,The Game
Kurupt,WC
Nas,Rick Ross
Nas,E‐40
Nas,Lil Wayne
Nas,Jim Jones
Nas,Fabolous
Nas,Bun B
Nas,Clipse
Nas,N.O.R.E.
Nas,Fat Joe
Nas,Styles P
Nas,Snoop Dogg
Nas,Slim Thug
Nas,The Game
Nas,WC
Rick Ross,E‐40
Rick Ross,Lil Wayne
Rick Ross,Jim Jones
Rick Ross,Fabolous
Rick Ross,Bun B
Rick Ross,Clipse
Rick Ross,N.O.R.E.
Rick Ross,Fat Joe
Rick Ross,Styles P
Rick Ross,Snoop Dogg
Rick Ross,Slim Thug
Rick Ross,The Game
Rick Ross,WC
E‐40,Lil Wayne
E‐40,Jim Jones
E‐40,Fabolous
E‐40,Bun B
E‐40,Clipse
E‐40,N.O.R.E.
E‐40,Fat Joe
E‐40,Styles P
E‐40,Snoop Dogg
E‐40,Slim Thug
E‐40,The Game
E‐40,WC
Lil Wayne,Jim Jones
Lil Wayne,Fabolous
Lil Wayne,Bun B
Lil Wayne,Clipse
Lil Wayne,N.O.R.E.
Lil Wayne,Fat Joe
Lil Wayne,Styles P
Lil Wayne,Snoop Dogg
Lil Wayne,Slim Thug
Lil Wayne,The Game
Lil Wayne,WC
Jim Jones,Fabolous
Jim Jones,Bun B
Jim Jones,Clipse
Jim Jones,N.O.R.E.
Jim Jones,Fat Joe
Jim Jones,Styles P
Jim Jones,Snoop Dogg
Jim Jones,Slim Thug
Jim Jones,The Game
Jim Jones,WC
Fabolous,Bun B
Fabolous,Clipse
Fabolous,N.O.R.E.
Fabolous,Fat Joe
Fabolous,Styles P
Fabolous,Snoop Dogg
Fabolous,Slim Thug
Fabolous,The Game
Fabolous,WC
Bun B,Clipse
Bun B,N.O.R.E.
Bun B,Fat Joe
Bun B,Styles P
Bun B,Snoop Dogg
Bun B,Slim Thug
Bun B,The Game
Bun B,WC
Clipse,N.O.R.E.
Clipse,Fat Joe
Clipse,Styles P
Clipse,Snoop Dogg
Clipse,Slim Thug
Clipse,The Game
Clipse,WC
N.O.R.E.,Fat Joe
N.O.R.E.,Styles P
N.O.R.E.,Snoop Dogg
N.O.R.E.,Slim Thug
N.O.R.E.,The Game
N.O.R.E.,WC
Fat Joe,Styles P
Fat Joe,Snoop Dogg
Fat Joe,Slim Thug
Fat Joe,The Game
Fat Joe,WC
Styles P,Snoop Dogg
Styles P,Slim Thug
Styles P,The Game
Styles P,WC
Snoop Dogg,Slim Thug
Snoop Dogg,The Game
Snoop Dogg,WC
Slim Thug,The Game
Slim Thug,WC
The Game,WC
Jennifer Lopez,Pitbull
Gene Noble,Pitbull
Gene Noble,Shaggy
Pitbull,Shaggy
Jennifer Lopez,Pitbull
Pitbull,Jump Smokers
Pitbull,Honorebel
Jump Smokers,Honorebel
Jennifer Lopez,Pitbull
Pitbull,Honorebel
Pitbull,Jump Smokers
Pitbull,Honorebel
Pitbull,Buzz Junkies
Jump Smokers,Honorebel
Jump Smokers,Buzz Junkies
Honorebel,Buzz Junkies
Jennifer Lopez,Pitbull
Jennifer Lopez,Pitbull
Pitbull,Jump Smokers
Pitbull,Honorebel
Pitbull,Buzz Junkies
Jump Smokers,Honorebel
Jump Smokers,Buzz Junkies
Honorebel,Buzz Junkies
Jennifer Lopez,Pitbull
Sophia del Carmen,Pitbull
Trina,Pitbull
Pitbull,Jump Smokers
Pitbull,Honorebel
Jump Smokers,Honorebel
Jennifer Lopez,Pitbull
Jaykay,Pitbull
Jaykay,Stephen Oaks
Pitbull,Stephen Oaks
Jennifer Lopez,Pitbull
Fat Joe,Bria Lee
Fat Joe,Pitbull
Bria Lee,Pitbull
Gene Noble,Pitbull
Gene Noble,Shaggy
Pitbull,Shaggy
Jennifer Lopez,Pitbull
Jennifer Lopez,Pitbull
Pitbull,Honorebel
ABBA,Jennifer Lopez
ABBA,Pitbull
Jennifer Lopez,Pitbull
Pitbull,Jump Smokers
Pitbull,Honorebel
Jump Smokers,Honorebel
Pitbull,Jump Smokers
Pitbull,Honorebel
Jump Smokers,Honorebel
Cubo,Pitbull
Jennifer Lopez,Pitbull
Pitbull,Jump Smokers
Pitbull,Honorebel
Jump Smokers,Honorebel
Pitbull,Jump Smokers
Pitbull,Honorebel
Jump Smokers,Honorebel
Pitbull,Jump Smokers
Pitbull,Honorebel
Jump Smokers,Honorebel
Jennifer Lopez,Pitbull
Livvi Franc,Pitbull
Pitbull,Honorebel
Jennifer Lopez,Pitbull
Pitbull,Jump Smokers
Pitbull,Honorebel
Jump Smokers,Honorebel
Gene Noble,Pitbull
Gene Noble,Shaggy
Pitbull,Shaggy
Jennifer Lopez,Pitbull
Pitbull,Jump Smokers
Pitbull,Honorebel
Jump Smokers,Honorebel
Pitbull,Jump Smokers
Pitbull,Honorebel
Jump Smokers,Honorebel
Pitbull,Jump Smokers
Pitbull,Honorebel
Jump Smokers,Honorebel
Gene Noble,Pitbull
Gene Noble,Shaggy
Pitbull,Shaggy
Pitbull,Honorebel
David Guetta,Jennifer Lopez
David Guetta,Rihanna
David Guetta,Travie McCoy
David Guetta,GoonRock
David Guetta,Lauren Bennett
David Guetta,Black Eyed Peas
David Guetta,Pitbull
David Guetta,Taio Cruz
David Guetta,Kylie Minogue
David Guetta,LMFAO
David Guetta,Alexis Jordan
Jennifer Lopez,Rihanna
Jennifer Lopez,Travie McCoy
Jennifer Lopez,GoonRock
Jennifer Lopez,Lauren Bennett
Jennifer Lopez,Black Eyed Peas
Jennifer Lopez,Pitbull
Jennifer Lopez,Taio Cruz
Jennifer Lopez,Kylie Minogue
Jennifer Lopez,LMFAO
Jennifer Lopez,Alexis Jordan
Rihanna,Travie McCoy
Rihanna,GoonRock
Rihanna,Lauren Bennett
Rihanna,Black Eyed Peas
Rihanna,Pitbull
Rihanna,Taio Cruz
Rihanna,Kylie Minogue
Rihanna,LMFAO
Rihanna,Alexis Jordan
Travie McCoy,GoonRock
Travie McCoy,Lauren Bennett
Travie McCoy,Black Eyed Peas
Travie McCoy,Pitbull
Travie McCoy,Taio Cruz
Travie McCoy,Kylie Minogue
Travie McCoy,LMFAO
Travie McCoy,Alexis Jordan
GoonRock,Lauren Bennett
GoonRock,Black Eyed Peas
GoonRock,Pitbull
GoonRock,Taio Cruz
GoonRock,Kylie Minogue
GoonRock,LMFAO
GoonRock,Alexis Jordan
Lauren Bennett,Black Eyed Peas
Lauren Bennett,Pitbull
Lauren Bennett,Taio Cruz
Lauren Bennett,Kylie Minogue
Lauren Bennett,LMFAO
Lauren Bennett,Alexis Jordan
Black Eyed Peas,Pitbull
Black Eyed Peas,Taio Cruz
Black Eyed Peas,Kylie Minogue
Black Eyed Peas,LMFAO
Black Eyed Peas,Alexis Jordan
Pitbull,Taio Cruz
Pitbull,Kylie Minogue
Pitbull,LMFAO
Pitbull,Alexis Jordan
Taio Cruz,Kylie Minogue
Taio Cruz,LMFAO
Taio Cruz,Alexis Jordan
Kylie Minogue,LMFAO
Kylie Minogue,Alexis Jordan
LMFAO,Alexis Jordan
Nicola Fasano,Pitbull
Lil Jon,Pitbull
Lil Jon,Play‐N‐Skillz
Pitbull,Play‐N‐Skillz
Pitbull,Timbaland
Fat Joe,Pitbull
Pitbull,Danny Mercer
Pitbull,Timbaland
Pitbull,Deorro
Pitbull,IAmChino
Pitbull,Mariah Angeliq
Deorro,IAmChino
Deorro,Mariah Angeliq
IAmChino,Mariah Angeliq
David Guetta,Usher
David Guetta,Nicki Minaj
David Guetta,Ne‐Yo
David Guetta,Afrojack
David Guetta,Nayer
David Guetta,Maroon 5
David Guetta,Black Eyed Peas
David Guetta,Christina Aguilera
David Guetta,Flo Rida
David Guetta,Snoop Dogg
David Guetta,Example
David Guetta,Kelis
David Guetta,LMFAO
David Guetta,Pitbull
David Guetta,Calvin Harris
David Guetta,Chris Brown
Usher,Nicki Minaj
Usher,Ne‐Yo
Usher,Afrojack
Usher,Nayer
Usher,Maroon 5
Usher,Black Eyed Peas
Usher,Christina Aguilera
Usher,Flo Rida
Usher,Snoop Dogg
Usher,Example
Usher,Kelis
Usher,LMFAO
Usher,Pitbull
Usher,Calvin Harris
Usher,Chris Brown
Nicki Minaj,Ne‐Yo
Nicki Minaj,Afrojack
Nicki Minaj,Nayer
Nicki Minaj,Maroon 5
Nicki Minaj,Black Eyed Peas
Nicki Minaj,Christina Aguilera
Nicki Minaj,Flo Rida
Nicki Minaj,Snoop Dogg
Nicki Minaj,Example
Nicki Minaj,Kelis
Nicki Minaj,LMFAO
Nicki Minaj,Pitbull
Nicki Minaj,Calvin Harris
Nicki Minaj,Chris Brown
Ne‐Yo,Afrojack
Ne‐Yo,Nayer
Ne‐Yo,Maroon 5
Ne‐Yo,Black Eyed Peas
Ne‐Yo,Christina Aguilera
Ne‐Yo,Flo Rida
Ne‐Yo,Snoop Dogg
Ne‐Yo,Example
Ne‐Yo,Kelis
Ne‐Yo,LMFAO
Ne‐Yo,Pitbull
Ne‐Yo,Calvin Harris
Ne‐Yo,Chris Brown
Afrojack,Nayer
Afrojack,Maroon 5
Afrojack,Black Eyed Peas
Afrojack,Christina Aguilera
Afrojack,Flo Rida
Afrojack,Snoop Dogg
Afrojack,Example
Afrojack,Kelis
Afrojack,LMFAO
Afrojack,Pitbull
Afrojack,Calvin Harris
Afrojack,Chris Brown
Nayer,Maroon 5
Nayer,Black Eyed Peas
Nayer,Christina Aguilera
Nayer,Flo Rida
Nayer,Snoop Dogg
Nayer,Example
Nayer,Kelis
Nayer,LMFAO
Nayer,Pitbull
Nayer,Calvin Harris
Nayer,Chris Brown
Maroon 5,Black Eyed Peas
Maroon 5,Christina Aguilera
Maroon 5,Flo Rida
Maroon 5,Snoop Dogg
Maroon 5,Example
Maroon 5,Kelis
Maroon 5,LMFAO
Maroon 5,Pitbull
Maroon 5,Calvin Harris
Maroon 5,Chris Brown
Black Eyed Peas,Christina Aguilera
Black Eyed Peas,Flo Rida
Black Eyed Peas,Snoop Dogg
Black Eyed Peas,Example
Black Eyed Peas,Kelis
Black Eyed Peas,LMFAO
Black Eyed Peas,Pitbull
Black Eyed Peas,Calvin Harris
Black Eyed Peas,Chris Brown
Christina Aguilera,Flo Rida
Christina Aguilera,Snoop Dogg
Christina Aguilera,Example
Christina Aguilera,Kelis
Christina Aguilera,LMFAO
Christina Aguilera,Pitbull
Christina Aguilera,Calvin Harris
Christina Aguilera,Chris Brown
Flo Rida,Snoop Dogg
Flo Rida,Example
Flo Rida,Kelis
Flo Rida,LMFAO
Flo Rida,Pitbull
Flo Rida,Calvin Harris
Flo Rida,Chris Brown
Snoop Dogg,Example
Snoop Dogg,Kelis
Snoop Dogg,LMFAO
Snoop Dogg,Pitbull
Snoop Dogg,Calvin Harris
Snoop Dogg,Chris Brown
Example,Kelis
Example,LMFAO
Example,Pitbull
Example,Calvin Harris
Example,Chris Brown
Kelis,LMFAO
Kelis,Pitbull
Kelis,Calvin Harris
Kelis,Chris Brown
LMFAO,Pitbull
LMFAO,Calvin Harris
LMFAO,Chris Brown
Pitbull,Calvin Harris
Pitbull,Chris Brown
Calvin Harris,Chris Brown
Lil Jon & The East Side Boyz,Pitbull
Pitbull,Shakira
Sak Noel,Salvi
Sak Noel,Pitbull
Salvi,Pitbull
Pitbull,Timbaland
Pitbull,Lenier
Papayo,Pitbull
Papayo,Sensato
Papayo,El Chevo
Pitbull,Sensato
Pitbull,El Chevo
Sensato,El Chevo
Pitbull,Danny Mercer
Jamie Drastik,Pitbull
Jamie Drastik,Danny Mercer
Pitbull,Danny Mercer
Pitbull,Deorro
Pitbull,IAmChino
Pitbull,Mariah Angeliq
Deorro,IAmChino
Deorro,Mariah Angeliq
IAmChino,Mariah Angeliq
Pitbull,GIMS
Natalia Jiménez,Pitbull
Dolly Parton,Pitbull
Pitbull,Danny Mercer
Pitbull,Shakira
Lil Jon,Mr. Vegas
Lil Jon,Pitbull
Mr. Vegas,Pitbull
Pitbull,Danny Mercer
Pitbull,Play‐N‐Skillz
Stephen Marley,Pitbull
David Guetta,Pitbull
David Guetta,Timbaland
Pitbull,Timbaland
Pitbull,Nayer
El Micha,Pitbull
El Micha,IAmChino
Pitbull,IAmChino
David Guetta,Pitbull
David Guetta,Timbaland
Pitbull,Timbaland
Nicola Fasano,Pitbull
Pitbull,IAmChino
Pitbull,Bulin 47
IAmChino,Bulin 47
Paradiso Girls,Lil Jon
Paradiso Girls,Pitbull
Lil Jon,Pitbull
Pitbull,Don Omar
Prince Royce,Pitbull
Prince Royce,Ludacris
Pitbull,Ludacris
Nicola Fasano,Pitbull
The Notorious B.I.G.,Luke
The Notorious B.I.G.,Pitbull
The Notorious B.I.G.,Ace Hood
Luke,Pitbull
Luke,Ace Hood
Pitbull,Ace Hood
Gabry Ponte,Pitbull
Gabry Ponte,Azteck
Pitbull,Azteck
Stephen Marley,Pitbull
Usher,Pitbull
Usher,Afrojack
Pitbull,Afrojack
Paradiso Girls,Lil Jon
Paradiso Girls,Pitbull
Lil Jon,Pitbull
Santana,Pitbull
Nicola Fasano,Pitbull
David Guetta,Pitbull
David Guetta,Timbaland
Pitbull,Timbaland
Pitbull,Don Omar
Pitbull,Timbaland
Nicola Fasano,Pitbull
Pitbull,Nightcrawlers
Pitbull,Timbaland
Pitbull,Fifth Harmony
Stephen Marley,Pitbull
Lil Jon,Pitbull
Lil Jon,Daddy Yankee
Lil Jon,N.O.R.E.
Pitbull,Daddy Yankee
Pitbull,N.O.R.E.
Daddy Yankee,N.O.R.E.
Pitbull,Gente de Zona
Nicola Fasano,Pitbull
Benny Benassi,Pitbull
Dolly Parton,Pitbull
Nicola Fasano,Pitbull
Pitbull,Sensato
Natalia Jiménez,Pitbull
Pitbull,Shaggy
Pitbull,Gente de Zona
Shaggy,Gente de Zona
Nicola Fasano,Pitbull
Pitbull,Timbaland
Pitbull,Nayer
Nicola Fasano,Pitbull
Baby Bash,Pitbull
Pitbull,Shakira
Lil Wayne,Pitbull
Nicola Fasano,Pitbull
Usher,Pitbull
Usher,Afrojack
Pitbull,Afrojack
Fat Joe,Sinful
Fat Joe,Pitbull
Sinful,Pitbull
Pitbull,Nayer
Lil Jon & The East Side Boyz,Pitbull
Pitbull,Fifth Harmony
Usher,Pitbull
Usher,Afrojack
Pitbull,Afrojack
Pitbull,Timbaland
David Guetta,Pitbull
David Guetta,Timbaland
Pitbull,Timbaland
Pitbull,Arianna
Fatman Scoop,Dragonfly
Fatman Scoop,Pitbull
Fatman Scoop,Bob Sinclar
Dragonfly,Pitbull
Dragonfly,Bob Sinclar
Pitbull,Bob Sinclar
Fatman Scoop,Dragonfly
Fatman Scoop,Pitbull
Fatman Scoop,Bob Sinclar
Dragonfly,Pitbull
Dragonfly,Bob Sinclar
Pitbull,Bob Sinclar
Fatman Scoop,Dragonfly
Fatman Scoop,Pitbull
Fatman Scoop,Bob Sinclar
Dragonfly,Pitbull
Dragonfly,Bob Sinclar
Pitbull,Bob Sinclar
Marc Anthony,Pitbull
Marc Anthony,DJ ICE
Pitbull,DJ ICE
Cubo,Pitbull
Cubo,Bun B
Pitbull,Bun B
Jump Smokers,Pitbull
Pitbull,Arianna
Fatman Scoop,Dragonfly
Fatman Scoop,Pitbull
Fatman Scoop,Bob Sinclar
Dragonfly,Pitbull
Dragonfly,Bob Sinclar
Pitbull,Bob Sinclar
Fatman Scoop,Dragonfly
Fatman Scoop,Pitbull
Fatman Scoop,Bob Sinclar
Dragonfly,Pitbull
Dragonfly,Bob Sinclar
Pitbull,Bob Sinclar
Pitbull,Arianna
Nabiha,Fatman Scoop
Nabiha,Pitbull
Nabiha,Morten Hampenberg & Alexander Brown
Fatman Scoop,Pitbull
Fatman Scoop,Morten Hampenberg & Alexander Brown
Pitbull,Morten Hampenberg & Alexander Brown
Nabiha,Fatman Scoop
Nabiha,Pitbull
Nabiha,Morten Hampenberg & Alexander Brown
Fatman Scoop,Pitbull
Fatman Scoop,Morten Hampenberg & Alexander Brown
Pitbull,Morten Hampenberg & Alexander Brown
Pitbull,Lennox
Pitbull,Carmen
Lennox,Carmen
Pitbull,Dani Flow
Fatman Scoop,Dragonfly
Fatman Scoop,Pitbull
Fatman Scoop,Bob Sinclar
Dragonfly,Pitbull
Dragonfly,Bob Sinclar
Pitbull,Bob Sinclar
Pitbull,Arianna
Pitbull,Arianna
Marc Anthony,Pitbull
Fatman Scoop,Dragonfly
Fatman Scoop,Pitbull
Fatman Scoop,Bob Sinclar
Dragonfly,Pitbull
Dragonfly,Bob Sinclar
Pitbull,Bob Sinclar
Fatman Scoop,Dragonfly
Fatman Scoop,Pitbull
Fatman Scoop,Bob Sinclar
Dragonfly,Pitbull
Dragonfly,Bob Sinclar
Pitbull,Bob Sinclar
Fatman Scoop,Dragonfly
Fatman Scoop,Pitbull
Fatman Scoop,Bob Sinclar
Dragonfly,Pitbull
Dragonfly,Bob Sinclar
Pitbull,Bob Sinclar
Fatman Scoop,Dragonfly
Fatman Scoop,Pitbull
Fatman Scoop,Bob Sinclar
Dragonfly,Pitbull
Dragonfly,Bob Sinclar
Pitbull,Bob Sinclar
Pitbull,Elephant Man
Pitbull,Daddy Yankee
Elephant Man,Daddy Yankee
Lil Jon,Pitbull
Lil Jon,Trick Daddy
Pitbull,Trick Daddy
Akon,Pitbull
Pitbull,Shakira
Ying Yang Twins,Pitbull
Ying Yang Twins,Elephant Man
Pitbull,Elephant Man
Pitbull,DJ Kass
Pitbull,Arianna
Pitbull,Lloyd
Pitbull,Shakira
Fatman Scoop,Dragonfly
Fatman Scoop,Pitbull
Fatman Scoop,Bob Sinclar
Dragonfly,Pitbull
Dragonfly,Bob Sinclar
Pitbull,Bob Sinclar
Pitbull,Shakira
Nabiha,Fatman Scoop
Nabiha,Pitbull
Nabiha,Morten Hampenberg & Alexander Brown
Fatman Scoop,Pitbull
Fatman Scoop,Morten Hampenberg & Alexander Brown
Pitbull,Morten Hampenberg & Alexander Brown
Pitbull,IAmChino
Fatman Scoop,Dragonfly
Fatman Scoop,Pitbull
Fatman Scoop,Bob Sinclar
Dragonfly,Pitbull
Dragonfly,Bob Sinclar
Pitbull,Bob Sinclar
Fat Joe,Fatman Scoop
Fat Joe,Murphy Lee
Fat Joe,B.G.
Fat Joe,Juvenile
Fat Joe,Lil Jon
Fat Joe,Ying Yang Twins
Fat Joe,Jacki‐O
Fat Joe,Pitbull
Fatman Scoop,Murphy Lee
Fatman Scoop,B.G.
Fatman Scoop,Juvenile
Fatman Scoop,Lil Jon
Fatman Scoop,Ying Yang Twins
Fatman Scoop,Jacki‐O
Fatman Scoop,Pitbull
Murphy Lee,B.G.
Murphy Lee,Juvenile
Murphy Lee,Lil Jon
Murphy Lee,Ying Yang Twins
Murphy Lee,Jacki‐O
Murphy Lee,Pitbull
B.G.,Juvenile
B.G.,Lil Jon
B.G.,Ying Yang Twins
B.G.,Jacki‐O
B.G.,Pitbull
Juvenile,Lil Jon
Juvenile,Ying Yang Twins
Juvenile,Jacki‐O
Juvenile,Pitbull
Lil Jon,Ying Yang Twins
Lil Jon,Jacki‐O
Lil Jon,Pitbull
Ying Yang Twins,Jacki‐O
Ying Yang Twins,Pitbull
Jacki‐O,Pitbull
Tony Touch,Pitbull
Tony Touch,D’Mingo
Pitbull,D’Mingo
Pitbull,Elephant Man
Pitbull,Daddy Yankee
Elephant Man,Daddy Yankee
D‐Life,Pitbull
Pitbull,Shakira
Pitbull,Arianna
Pitbull,LMFAO
Play‐N‐Skillz,Amanda Wilson
Play‐N‐Skillz,Pitbull
Play‐N‐Skillz,Tera
Amanda Wilson,Pitbull
Amanda Wilson,Tera
Pitbull,Tera
Fatman Scoop,Dragonfly
Fatman Scoop,Pitbull
Fatman Scoop,Bob Sinclar
Dragonfly,Pitbull
Dragonfly,Bob Sinclar
Pitbull,Bob Sinclar
Pitbull,Shakira
Pitbull,Arianna
Pitbull,Arianna
Pitbull,Arianna
Anjuli Stars,Pitbull
Ying Yang Twins,Pitbull
Sage the Gemini,Pitbull
Pitbull,Shakira
Fatman Scoop,Dragonfly
Fatman Scoop,Pitbull
Fatman Scoop,Bob Sinclar
Dragonfly,Pitbull
Dragonfly,Bob Sinclar
Pitbull,Bob Sinclar
Qwote,Pitbull
Fatman Scoop,Dragonfly
Fatman Scoop,Pitbull
Fatman Scoop,Bob Sinclar
Dragonfly,Pitbull
Dragonfly,Bob Sinclar
Pitbull,Bob Sinclar
Qwote,Pitbull
Pitbull,Play‐N‐Skillz
Fatman Scoop,Dragonfly
Fatman Scoop,Pitbull
Fatman Scoop,Bob Sinclar
Dragonfly,Pitbull
Dragonfly,Bob Sinclar
Pitbull,Bob Sinclar
DJ Khaled,Jarvis
DJ Khaled,Pitbull
Jarvis,Pitbull
DJ Khaled,Jarvis
DJ Khaled,Pitbull
Jarvis,Pitbull
AYYBO,ero808
AYYBO,Pitbull
ero808,Pitbull
Fatman Scoop,Dragonfly
Fatman Scoop,Pitbull
Fatman Scoop,Bob Sinclar
Dragonfly,Pitbull
Dragonfly,Bob Sinclar
Pitbull,Bob Sinclar
Marc Anthony,Pitbull
Pitbull,Arianna
Fatman Scoop,Dragonfly
Fatman Scoop,Pitbull
Fatman Scoop,Bob Sinclar
Dragonfly,Pitbull
Dragonfly,Bob Sinclar
Pitbull,Bob Sinclar
Marc Anthony,Pitbull
Pitbull,Shakira
Pitbull,Arianna
Play‐N‐Skillz,Amanda Wilson
Play‐N‐Skillz,Pitbull
Play‐N‐Skillz,Tera
Amanda Wilson,Pitbull
Amanda Wilson,Tera
Pitbull,Tera
Pitbull,Shakira
Pitbull,Elephant Man
Pitbull,Daddy Yankee
Elephant Man,Daddy Yankee
Fatman Scoop,Dragonfly
Fatman Scoop,Pitbull
Fatman Scoop,Bob Sinclar
Dragonfly,Pitbull
Dragonfly,Bob Sinclar
Pitbull,Bob Sinclar
Fatman Scoop,Dragonfly
Fatman Scoop,Pitbull
Fatman Scoop,Bob Sinclar
Dragonfly,Pitbull
Dragonfly,Bob Sinclar
Pitbull,Bob Sinclar
Nabiha,Fatman Scoop
Nabiha,Pitbull
Nabiha,Morten Hampenberg & Alexander Brown
Fatman Scoop,Pitbull
Fatman Scoop,Morten Hampenberg & Alexander Brown
Pitbull,Morten Hampenberg & Alexander Brown
Papayo,IAmChino
Papayo,Pitbull
IAmChino,Pitbull
Jennifer Lopez,Pitbull
Jeremy Greene,Pitbull
Ja Rule,Wisin & Yandel
Ja Rule,Pitbull
Ja Rule,N.O.R.E.
Wisin & Yandel,Pitbull
Wisin & Yandel,N.O.R.E.
Pitbull,N.O.R.E.
Play‐N‐Skillz,Amanda Wilson
Play‐N‐Skillz,Pitbull
Play‐N‐Skillz,Tera
Amanda Wilson,Pitbull
Amanda Wilson,Tera
Pitbull,Tera
Fat Joe,LDA
Fat Joe,Don Omar
Fat Joe,Pitbull
Fat Joe,Daddy Yankee
Fat Joe,N.O.R.E.
LDA,Don Omar
LDA,Pitbull
LDA,Daddy Yankee
LDA,N.O.R.E.
Don Omar,Pitbull
Don Omar,Daddy Yankee
Don Omar,N.O.R.E.
Pitbull,Daddy Yankee
Pitbull,N.O.R.E.
Daddy Yankee,N.O.R.E.
Fatman Scoop,Dragonfly
Fatman Scoop,Pitbull
Fatman Scoop,Bob Sinclar
Dragonfly,Pitbull
Dragonfly,Bob Sinclar
Pitbull,Bob Sinclar
Pitbull,Shakira
Pitbull,Shakira
Pitbull,Shakira
Pitbull,Shakira
Pitbull,Daddy Yankee
Marc Anthony,Pitbull
Chloe Angelides,Pitbull
Pitbull,Shakira
Luke,Ying Yang Twins
Luke,Pitbull
Ying Yang Twins,Pitbull
John Larner,Ying Yang Twins
John Larner,Pitbull
Ying Yang Twins,Pitbull
Pitbull,David Rush
Pitbull,Kevin Rudolf
David Rush,Kevin Rudolf
Elvis Crespo,Pitbull
Pitbull,David Rush
Pitbull,LMFAO
Pitbull,Kevin Rudolf
David Rush,LMFAO
David Rush,Kevin Rudolf
LMFAO,Kevin Rudolf
Pitbull,T.O.K.
Ying Yang Twins,Pitbull
Sean Paul,Pitbull
Jim Jones,Pitbull
Stevie B,Pitbull
Pitbull,David Rush
Pitbull,Kevin Rudolf
David Rush,Kevin Rudolf
Pitbull,Jorge Gómez
Jim Jones,Pitbull
Stevie B,Pitbull
Pitbull,B.o.B
Stevie B,Pitbull
Pitbull,Jorge Gómez
Beatriz Luengo,Pitbull
Beatriz Luengo,Dyland & Lenny
Pitbull,Dyland & Lenny
Stevie B,Pitbull
Stevie B,Pitbull
Ying Yang Twins,Pitbull
Ying Yang Twins,Pitbull
Ying Yang Twins,Pitbull
Ying Yang Twins,Pitbull
Pitbull,Steve B
Jim Jones,Lil Jon
Jim Jones,Pitbull
Lil Jon,Pitbull
Raquel,Dale Saunders
Raquel,Pitbull
Raquel,Vine Street
Dale Saunders,Pitbull
Dale Saunders,Vine Street
Pitbull,Vine Street
Astoria,Pitbull
Sean Paul,Pitbull
Sean Paul,Ludacris
Sean Paul,T‐Pain
Pitbull,Ludacris
Pitbull,T‐Pain
Ludacris,T‐Pain
Ying Yang Twins,Pitbull
Pitbull,Jorge Gómez
Stevie B,Pitbull
Astoria,Pitbull
Sean Paul,Pitbull
Sean Paul,Ludacris
Sean Paul,T‐Pain
Pitbull,Ludacris
Pitbull,T‐Pain
Ludacris,T‐Pain
Ying Yang Twins,Pitbull
Ying Yang Twins,Pitbull
Pitbull,T.O.K.
Ying Yang Twins,Pitbull
Ying Yang Twins,Elephant Man
Pitbull,Elephant Man
Akon,Pitbull
Pitbull,IAmChino
Pitbull,Víctor Cárdenas
IAmChino,Víctor Cárdenas
Pitbull,IAmChino
Stevie B,Pitbull
Sean Paul,Pitbull
Sean Paul,T‐Pain
Pitbull,T‐Pain
Jim Jones,Pitbull
Raquel,Dale Saunders
Raquel,Pitbull
Raquel,Vine Street
Dale Saunders,Pitbull
Dale Saunders,Vine Street
Pitbull,Vine Street
Astoria,Pitbull
Ying Yang Twins,Pitbull
Ying Yang Twins,Pitbull
Ying Yang Twins,Pitbull
Ying Yang Twins,Elephant Man
Pitbull,Elephant Man
Astoria,Pitbull
Astoria,Victoria Kern
Pitbull,Victoria Kern
Stevie B,Pitbull
Astoria,Pitbull
Astoria,Victoria Kern
Pitbull,Victoria Kern
Pitbull,T.O.K.
Pitbull,T.O.K.
Pitbull,T.O.K.
Sean P,Lil Jon
Sean P,Pitbull
Sean P,E‐40
Lil Jon,Pitbull
Lil Jon,E‐40
Pitbull,E‐40
Pitbull,David Rush
Pitbull,Kevin Rudolf
David Rush,Kevin Rudolf
Pitbull,Samantha Jade
Pitbull,T.O.K.
Pitbull,Kardinal Offishall
A. Rose Jackson,Pitbull
A. Rose Jackson,Lotus
Pitbull,Lotus
Guru Randhawa,Pitbull
Ying Yang Twins,Pitbull
Ying Yang Twins,Elephant Man
Pitbull,Elephant Man
Akon,Pitbull
Pitbull,Wiz Khalifa
Pitbull,IAmChino
Pitbull,Víctor Cárdenas
Wiz Khalifa,IAmChino
Wiz Khalifa,Víctor Cárdenas
IAmChino,Víctor Cárdenas
Pitbull,David Rush
Pitbull,LMFAO
Pitbull,Kevin Rudolf
David Rush,LMFAO
David Rush,Kevin Rudolf
LMFAO,Kevin Rudolf
Elvis Crespo,Pitbull
Stevie B,Pitbull
Ying Yang Twins,Pitbull
Pitbull,David Rush
Pitbull,Kevin Rudolf
David Rush,Kevin Rudolf
Ying Yang Twins,Pitbull
Ying Yang Twins,Pitbull
Ying Yang Twins,Pitbull
Ying Yang Twins,Pitbull
Ying Yang Twins,Elephant Man
Pitbull,Elephant Man
Oobie,Pitbull
Trillville,Snoop Dogg
Trillville,Pitbull
Snoop Dogg,Pitbull
DJ Ideal,Pitbull
DJ Ideal,Bun B
Pitbull,Bun B
Pitbull,T.O.K.
Trillville,Snoop Dogg
Trillville,Pitbull
Trillville,Tony Yayo
Snoop Dogg,Pitbull
Snoop Dogg,Tony Yayo
Pitbull,Tony Yayo
Sean Paul,Pitbull
Sean Paul,T‐Pain
Pitbull,T‐Pain
Ying Yang Twins,Pitbull
Akon,Pitbull
Stevie B,Pitbull
Akon,Pitbull
Ying Yang Twins,Pitbull
Qwote,Lucenzo
Qwote,Pitbull
Lucenzo,Pitbull
Mohombi,Pitbull
Mohombi,Nayer
Pitbull,Nayer
Fat Joe,Lil Jon
Fat Joe,Pitbull
Lil Jon,Pitbull
Pitbull,Jorge Gómez
Prince Royce,Pitbull
Prince Royce,Ludacris
Pitbull,Ludacris
Qwote,Lucenzo
Qwote,Pitbull
Lucenzo,Pitbull
Chesca,Frankie Valli
Chesca,Pitbull
Frankie Valli,Pitbull
Lil Scrappy,Lil Jon
Lil Scrappy,Pitbull
Lil Jon,Pitbull
Pitbull,Lana Del Rey
Pitbull,Jennifer Lopez
Lana Del Rey,Jennifer Lopez
Taio Cruz,Pitbull
Akon,Pitbull
Akon,Pitbull
Qwote,Jump Smokers
Qwote,Pitbull
Jump Smokers,Pitbull
Toby Love,Pitbull
Missy Elliott,Ciara
Missy Elliott,Pitbull
Ciara,Pitbull
Lil Jon,Pitbull
Pitbull,Jorge Gómez
Enrique Iglesias,Pitbull
PLAYB4CK,Mohombi
PLAYB4CK,Pitbull
Mohombi,Pitbull
ASF,David Rush
ASF,Pitbull
ASF,DJ Antoine
David Rush,Pitbull
David Rush,DJ Antoine
Pitbull,DJ Antoine
Core DJ's,E‐40
Core DJ's,Kanjia
Core DJ's,Twista
Core DJ's,Pitbull
E‐40,Kanjia
E‐40,Twista
E‐40,Pitbull
Kanjia,Twista
Kanjia,Pitbull
Twista,Pitbull
Lil Jon,Pitbull
Nile Rodgers,Keith Urban
Nile Rodgers,Pitbull
Keith Urban,Pitbull
Pitbull,Savage
Pitbull,Jorge Gómez
Chris Porter,Pitbull
Elvis Crespo,Pitbull
Lil Jon,Pitbull
Chesca,Frankie Valli
Chesca,Pitbull
Frankie Valli,Pitbull
Chesca,Frankie Valli
Chesca,Pitbull
Frankie Valli,Pitbull
Pitbull,Kardinal Offishall
Chesca,Pitbull
Chesca,סטטיק ובן-אל תבורי
Pitbull,סטטיק ובן-אל תבורי
Taio Cruz,Pitbull
Lil Jon,Pitbull
Qwote,Lucenzo
Qwote,Pitbull
Lucenzo,Pitbull
El Alfa,IAmChino
El Alfa,Farruko
El Alfa,Omar Courtz
El Alfa,Pitbull
IAmChino,Farruko
IAmChino,Omar Courtz
IAmChino,Pitbull
Farruko,Omar Courtz
Farruko,Pitbull
Omar Courtz,Pitbull
Lil Scrappy,Lil Jon
Lil Scrappy,Pitbull
Lil Jon,Pitbull
Qwote,Lucenzo
Qwote,Pitbull
Lucenzo,Pitbull
Taio Cruz,Pitbull
Shontelle,Pitbull
Pitbull,Bizzy Bone
Qwote,Lucenzo
Qwote,Pitbull
Lucenzo,Pitbull
Lil Jon,Pitbull
Lil Jon,Fabolous
Pitbull,Fabolous
DJ ICE,Mohombi
DJ ICE,Pitbull
DJ ICE,Nayer
Mohombi,Pitbull
Mohombi,Nayer
Pitbull,Nayer
Trina,Pitbull
Pitbull,Savage
Qwote,Lucenzo
Qwote,Pitbull
Lucenzo,Pitbull
Mike Taylor,Pitbull
Mike Taylor,Afrojack
Pitbull,Afrojack
El Alfa,IAmChino
El Alfa,Farruko
El Alfa,Omar Courtz
El Alfa,Pitbull
IAmChino,Farruko
IAmChino,Omar Courtz
IAmChino,Pitbull
Farruko,Omar Courtz
Farruko,Pitbull
Omar Courtz,Pitbull
Pitbull,Bebe Rexha
Raj Ranjodh,Shilpa Rao
Raj Ranjodh,Rahul Dev Burman
Raj Ranjodh,Charan
Raj Ranjodh,Vishal-Shekhar
Raj Ranjodh,Neeraj Shridhar
Raj Ranjodh,Arijit Singh
Raj Ranjodh,Sachet Tandon
Raj Ranjodh,Guru Randhawa
Raj Ranjodh,Tanishk Bagchi
Raj Ranjodh,Mellow D
Raj Ranjodh,Yo Yo Honey Singh
Raj Ranjodh,Benny Dayal
Raj Ranjodh,Romy
Raj Ranjodh,Pitbull
Raj Ranjodh,Diljit Dosanjh
Raj Ranjodh,B Praak
Shilpa Rao,Rahul Dev Burman
Shilpa Rao,Charan
Shilpa Rao,Vishal-Shekhar
Shilpa Rao,Neeraj Shridhar
Shilpa Rao,Arijit Singh
Shilpa Rao,Sachet Tandon
Shilpa Rao,Guru Randhawa
Shilpa Rao,Tanishk Bagchi
Shilpa Rao,Mellow D
Shilpa Rao,Yo Yo Honey Singh
Shilpa Rao,Benny Dayal
Shilpa Rao,Romy
Shilpa Rao,Pitbull
Shilpa Rao,Diljit Dosanjh
Shilpa Rao,B Praak
Rahul Dev Burman,Charan
Rahul Dev Burman,Vishal-Shekhar
Rahul Dev Burman,Neeraj Shridhar
Rahul Dev Burman,Arijit Singh
Rahul Dev Burman,Sachet Tandon
Rahul Dev Burman,Guru Randhawa
Rahul Dev Burman,Tanishk Bagchi
Rahul Dev Burman,Mellow D
Rahul Dev Burman,Yo Yo Honey Singh
Rahul Dev Burman,Benny Dayal
Rahul Dev Burman,Romy
Rahul Dev Burman,Pitbull
Rahul Dev Burman,Diljit Dosanjh
Rahul Dev Burman,B Praak
Charan,Vishal-Shekhar
Charan,Neeraj Shridhar
Charan,Arijit Singh
Charan,Sachet Tandon
Charan,Guru Randhawa
Charan,Tanishk Bagchi
Charan,Mellow D
Charan,Yo Yo Honey Singh
Charan,Benny Dayal
Charan,Romy
Charan,Pitbull
Charan,Diljit Dosanjh
Charan,B Praak
Vishal-Shekhar,Neeraj Shridhar
Vishal-Shekhar,Arijit Singh
Vishal-Shekhar,Sachet Tandon
Vishal-Shekhar,Guru Randhawa
Vishal-Shekhar,Tanishk Bagchi
Vishal-Shekhar,Mellow D
Vishal-Shekhar,Yo Yo Honey Singh
Vishal-Shekhar,Benny Dayal
Vishal-Shekhar,Romy
Vishal-Shekhar,Pitbull
Vishal-Shekhar,Diljit Dosanjh
Vishal-Shekhar,B Praak
Neeraj Shridhar,Arijit Singh
Neeraj Shridhar,Sachet Tandon
Neeraj Shridhar,Guru Randhawa
Neeraj Shridhar,Tanishk Bagchi
Neeraj Shridhar,Mellow D
Neeraj Shridhar,Yo Yo Honey Singh
Neeraj Shridhar,Benny Dayal
Neeraj Shridhar,Romy
Neeraj Shridhar,Pitbull
Neeraj Shridhar,Diljit Dosanjh
Neeraj Shridhar,B Praak
Arijit Singh,Sachet Tandon
Arijit Singh,Guru Randhawa
Arijit Singh,Tanishk Bagchi
Arijit Singh,Mellow D
Arijit Singh,Yo Yo Honey Singh
Arijit Singh,Benny Dayal
Arijit Singh,Romy
Arijit Singh,Pitbull
Arijit Singh,Diljit Dosanjh
Arijit Singh,B Praak
Sachet Tandon,Guru Randhawa
Sachet Tandon,Tanishk Bagchi
Sachet Tandon,Mellow D
Sachet Tandon,Yo Yo Honey Singh
Sachet Tandon,Benny Dayal
Sachet Tandon,Romy
Sachet Tandon,Pitbull
Sachet Tandon,Diljit Dosanjh
Sachet Tandon,B Praak
Guru Randhawa,Tanishk Bagchi
Guru Randhawa,Mellow D
Guru Randhawa,Yo Yo Honey Singh
Guru Randhawa,Benny Dayal
Guru Randhawa,Romy
Guru Randhawa,Pitbull
Guru Randhawa,Diljit Dosanjh
Guru Randhawa,B Praak
Tanishk Bagchi,Mellow D
Tanishk Bagchi,Yo Yo Honey Singh
Tanishk Bagchi,Benny Dayal
Tanishk Bagchi,Romy
Tanishk Bagchi,Pitbull
Tanishk Bagchi,Diljit Dosanjh
Tanishk Bagchi,B Praak
Mellow D,Yo Yo Honey Singh
Mellow D,Benny Dayal
Mellow D,Romy
Mellow D,Pitbull
Mellow D,Diljit Dosanjh
Mellow D,B Praak
Yo Yo Honey Singh,Benny Dayal
Yo Yo Honey Singh,Romy
Yo Yo Honey Singh,Pitbull
Yo Yo Honey Singh,Diljit Dosanjh
Yo Yo Honey Singh,B Praak
Benny Dayal,Romy
Benny Dayal,Pitbull
Benny Dayal,Diljit Dosanjh
Benny Dayal,B Praak
Romy,Pitbull
Romy,Diljit Dosanjh
Romy,B Praak
Pitbull,Diljit Dosanjh
Pitbull,B Praak
Diljit Dosanjh,B Praak
Frankie J,Pitbull
Frankie J,Ken-Y
Pitbull,Ken-Y
Taio Cruz,Pitbull
Pitbull,Kelly Rowland
Qwote,Lucenzo
Qwote,Pitbull
Lucenzo,Pitbull
Pitbull,Christina Milian
Pitbull,Vikina
Qwote,Lucenzo
Qwote,Pitbull
Lucenzo,Pitbull
Lil Jon,Pitbull
Qwote,Lucenzo
Qwote,Pitbull
Lucenzo,Pitbull
Becky G,Pitbull
Pitbull,Jorge Gómez
Mohombi,Pitbull
Mohombi,Nayer
Pitbull,Nayer
Taio Cruz,Pitbull
Pitbull,Jorge Gómez
David Rush,Qwote
David Rush,Pitbull
David Rush,Vein
Qwote,Pitbull
Qwote,Vein
Pitbull,Vein
Qwote,Lucenzo
Qwote,Pitbull
Lucenzo,Pitbull
K-Ra,Pitbull
K-Ra,Cheb Khalass
K-Ra,Kore
Pitbull,Cheb Khalass
Pitbull,Kore
Cheb Khalass,Kore
Qwote,Pitbull
Lil Jon,Pitbull
Lil Jon,Pitbull
Lil Jon,Pitbull
Enrique Iglesias,Pitbull
Oobie,Pitbull
Lil Jon,Pitbull
Elvis Crespo,Pitbull
Lil Jon,Pitbull
Qwote,Lucenzo
Qwote,Pitbull
Lucenzo,Pitbull
Enrique Iglesias,IAmChino
Enrique Iglesias,Pitbull
IAmChino,Pitbull
Mike Taylor,Pitbull
Mike Taylor,Afrojack
Pitbull,Afrojack
Pitbull,Jorge Gómez
Qwote,Lucenzo
Qwote,Pitbull
Lucenzo,Pitbull
Enrique Iglesias,IAmChino
Enrique Iglesias,Pitbull
IAmChino,Pitbull
Tyrese,Pitbull
Tyrese,Kardinal Offishall
Pitbull,Kardinal Offishall
Cricet,Pitbull
Cricet,Bizzy Bone
Pitbull,Bizzy Bone
IAmChino,Pitbull
IAmChino,Melanie Pfirrman
Pitbull,Melanie Pfirrman
Pitbull,Kesha
Redfoo,David Rush
Redfoo,Pitbull
Redfoo,Vein
David Rush,Pitbull
David Rush,Vein
Pitbull,Vein
Pitbull,Kesha
Redfoo,David Rush
Redfoo,Pitbull
Redfoo,Vein
David Rush,Pitbull
David Rush,Vein
Pitbull,Vein
Pitbull,Kesha
Pitbull,R.J.
Qwote,Lucenzo
Qwote,Pitbull
Lucenzo,Pitbull
Lil Wayne,Ye
Lil Wayne,Pitbull
Lil Wayne,Kesha
Ye,Pitbull
Ye,Kesha
Pitbull,Kesha
Pitbull,Kesha
Qwote,Lucenzo
Qwote,Pitbull
Lucenzo,Pitbull
Pitbull,Kesha
Pitbull,R.J.
Pitbull,Kesha
Pitbull,Kesha
Pitbull,R.J.
Ne‐Yo,Pitbull
Pitbull,R.J.
Pitbull,Nina Sky
Pitbull,Kesha
Filmore,Pitbull
Childsplay,Pitbull
Childsplay,Elettra Lamborghini
Pitbull,Elettra Lamborghini
Pitbull,R.J.
Pitbull,Kesha
Pitbull,R.J.
Pitbull,Kesha
Pitbull,R.J.
Pitbull,R.J.
Red Rat,Mr. Vegas
Red Rat,Wayne Marshall
Red Rat,T.O.K.
Red Rat,Kardinal Offishall
Red Rat,Lil Jon
Red Rat,Pitbull
Mr. Vegas,Wayne Marshall
Mr. Vegas,T.O.K.
Mr. Vegas,Kardinal Offishall
Mr. Vegas,Lil Jon
Mr. Vegas,Pitbull
Wayne Marshall,T.O.K.
Wayne Marshall,Kardinal Offishall
Wayne Marshall,Lil Jon
Wayne Marshall,Pitbull
T.O.K.,Kardinal Offishall
T.O.K.,Lil Jon
T.O.K.,Pitbull
Kardinal Offishall,Lil Jon
Kardinal Offishall,Pitbull
Lil Jon,Pitbull
Pitbull,Kesha
Qwote,Lucenzo
Qwote,Pitbull
Lucenzo,Pitbull
Pitbull,Nina Sky
Pitbull,Kesha
Pitbull,B.o.B
Pitbull,Willie Joe
B.o.B,Willie Joe
IAmChino,Pitbull
IAmChino,Mawell
Pitbull,Mawell
Pitbull,R.J.
Pitbull,R.J.
Teedra Moses,Yo Gotti
Teedra Moses,8Ball
Teedra Moses,T.I.
Teedra Moses,Lil Jon & The East Side Boyz
Teedra Moses,Ying Yang Twins
Teedra Moses,Jacki‐O
Teedra Moses,Pitbull
Yo Gotti,8Ball
Yo Gotti,T.I.
Yo Gotti,Lil Jon & The East Side Boyz
Yo Gotti,Ying Yang Twins
Yo Gotti,Jacki‐O
Yo Gotti,Pitbull
8Ball,T.I.
8Ball,Lil Jon & The East Side Boyz
8Ball,Ying Yang Twins
8Ball,Jacki‐O
8Ball,Pitbull
T.I.,Lil Jon & The East Side Boyz
T.I.,Ying Yang Twins
T.I.,Jacki‐O
T.I.,Pitbull
Lil Jon & The East Side Boyz,Ying Yang Twins
Lil Jon & The East Side Boyz,Jacki‐O
Lil Jon & The East Side Boyz,Pitbull
Ying Yang Twins,Jacki‐O
Ying Yang Twins,Pitbull
Jacki‐O,Pitbull
Pitbull,Baby Rasta & Gringo
Pitbull,Kesha
Pitbull,R.J.
Pitbull,R.J.
Pitbull,Elettra Lamborghini
Pitbull,ChildsPlay
Elettra Lamborghini,ChildsPlay
Pitbull,R.J.
Pitbull,Kesha
Flo Rida,Pitbull
Pitbull,R.J.
Alexis & Fido,Pitbull
Qwote,Lucenzo
Qwote,Pitbull
Lucenzo,Pitbull
Pitbull,R.J.
Qwote,Lucenzo
Qwote,Pitbull
Lucenzo,Pitbull
Red Rat,Mr. Vegas
Red Rat,Wayne Marshall
Red Rat,T.O.K.
Red Rat,Kardinal Offishall
Red Rat,Lil Jon
Red Rat,Pitbull
Mr. Vegas,Wayne Marshall
Mr. Vegas,T.O.K.
Mr. Vegas,Kardinal Offishall
Mr. Vegas,Lil Jon
Mr. Vegas,Pitbull
Wayne Marshall,T.O.K.
Wayne Marshall,Kardinal Offishall
Wayne Marshall,Lil Jon
Wayne Marshall,Pitbull
T.O.K.,Kardinal Offishall
T.O.K.,Lil Jon
T.O.K.,Pitbull
Kardinal Offishall,Lil Jon
Kardinal Offishall,Pitbull
Lil Jon,Pitbull
Lil Jon,Pitbull
Pitbull,Kesha
Roscoe Umali,Estello
Roscoe Umali,Pitbull
Estello,Pitbull
Pitbull,R.J.
Qwote,Lucenzo
Qwote,Pitbull
Lucenzo,Pitbull
Pitbull,Kesha
Pitbull,Kesha
Pitbull,Ne‐Yo
Snoop Dogg,Pitbull
Pitbull,Kesha
Baby Bash,Pitbull
Baby Bash,Angel Dust
Pitbull,Angel Dust
Flo Rida,Pitbull
Qwote,Pitbull
Pitbull,Kesha
Lil Jon,Pitbull
Jencarlos Canela,Pitbull
Ne‐Yo,Pitbull
Pitbull,Ne‐Yo
Pitbull,Kesha
Pitbull,R.J.
Roscoe Umali,Estello
Roscoe Umali,Pitbull
Estello,Pitbull
Pitbull,Kesha
Pitbull,Gente de Zona
Pitbull,Kesha
Pitbull,Kesha
Pitbull,Kesha
Pitbull,Kesha
Pitbull,Kesha
Ne‐Yo,Pitbull
Avery Storm,Pitbull
Pitbull,Kesha
Pitbull,R.J.
Pitbull,Gente de Zona
Hitmaka,Pitbull
Pitbull,R.J.
Pitbull,R.J.
Lil Jon,Pitbull
Pitbull,Kesha
Ne‐Yo,Pitbull
Qwote,Lucenzo
Qwote,Pitbull
Lucenzo,Pitbull
Jencarlos Canela,Pitbull
Qwote,Lucenzo
Qwote,Pitbull
Lucenzo,Pitbull
Pitbull,R.J.
Pitbull,R.J.
Pitbull,Kesha
Stephen Marley,Pitbull
Havana Brown,Pitbull
Lady Saw,Elephant Man
Lady Saw,Lil Jon
Lady Saw,Don Omar
Lady Saw,Pitbull
Elephant Man,Lil Jon
Elephant Man,Don Omar
Elephant Man,Pitbull
Lil Jon,Don Omar
Lil Jon,Pitbull
Don Omar,Pitbull
Havana Brown,Pitbull
Havana Brown,Pitbull
Sonic Acoustics,A. Rose Jackson
Sonic Acoustics,Lotus
Sonic Acoustics,Grupo Extra
Sonic Acoustics,Pitbull
A. Rose Jackson,Lotus
A. Rose Jackson,Grupo Extra
A. Rose Jackson,Pitbull
Lotus,Grupo Extra
Lotus,Pitbull
Grupo Extra,Pitbull
Pitbull,Rich Boy
Pitbull,Gente de Zona
Curren$y,Pitbull
Curren$y,Red Café
Pitbull,Red Café
Havana Brown,Pitbull
Gloria Estefan,Pitbull
Brisco,Redd Eyezz
Brisco,Ball Greezy
Brisco,Billy Blue
Brisco,Rick Ross
Brisco,Flo Rida
Brisco,Ace Hood
Brisco,Bred
Brisco,Pitbull
Redd Eyezz,Ball Greezy
Redd Eyezz,Billy Blue
Redd Eyezz,Rick Ross
Redd Eyezz,Flo Rida
Redd Eyezz,Ace Hood
Redd Eyezz,Bred
Redd Eyezz,Pitbull
Ball Greezy,Billy Blue
Ball Greezy,Rick Ross
Ball Greezy,Flo Rida
Ball Greezy,Ace Hood
Ball Greezy,Bred
Ball Greezy,Pitbull
Billy Blue,Rick Ross
Billy Blue,Flo Rida
Billy Blue,Ace Hood
Billy Blue,Bred
Billy Blue,Pitbull
Rick Ross,Flo Rida
Rick Ross,Ace Hood
Rick Ross,Bred
Rick Ross,Pitbull
Flo Rida,Ace Hood
Flo Rida,Bred
Flo Rida,Pitbull
Ace Hood,Bred
Ace Hood,Pitbull
Bred,Pitbull
Havana Brown,Pitbull
RedOne,FIFA Sound
RedOne,Pitbull
FIFA Sound,Pitbull
Cubo,Pitbull
Cubo,Piccalo
Pitbull,Piccalo
G.R.L.,Pitbull
Pitbull,Veronica Vega
Jamie Foxx,Pitbull
Havana Brown,Pitbull
Pitbull,Nayer
Pitbull,Veronica Vega
Stephen Marley,Pitbull
Pitbull,Selena Serrano
Don Dinero,Pitbull
Don Dinero,Vanessa Molina
Pitbull,Vanessa Molina
Claudia Leitte,Jennifer Lopez
Claudia Leitte,Pitbull
Jennifer Lopez,Pitbull
Lil Jon,Pitbull
Havana Brown,Pitbull
Claudia Leitte,Jennifer Lopez
Claudia Leitte,Pitbull
Jennifer Lopez,Pitbull
Lil Jon,Pitbull
Lil Jon,Daddy Yankee
Pitbull,Daddy Yankee
Black Jonas Point,Sensato
Black Jonas Point,El Cata
Black Jonas Point,Lil Jon
Black Jonas Point,Pitbull
Sensato,El Cata
Sensato,Lil Jon
Sensato,Pitbull
El Cata,Lil Jon
El Cata,Pitbull
Lil Jon,Pitbull
Black Jonas Point,Sensato
Black Jonas Point,El Cata
Black Jonas Point,Lil Jon
Black Jonas Point,Pitbull
Sensato,El Cata
Sensato,Lil Jon
Sensato,Pitbull
El Cata,Lil Jon
El Cata,Pitbull
Lil Jon,Pitbull
Bo Hagon,Lil Scrappy
Bo Hagon,Pitbull
Lil Scrappy,Pitbull
Chingo Bling,5th Ward Weebie
Chingo Bling,Pitbull
5th Ward Weebie,Pitbull
G.R.L.,Pitbull
Stephen Marley,Pitbull
Pitbull,Justin Timberlake
Pitbull,Rick Ross
Justin Timberlake,Rick Ross
Lil Jon,Pitbull
Pitbull,Chris Brown
Jay Sean,Antonia
Jay Sean,Pitbull
Jay Sean,Lotus
Antonia,Pitbull
Antonia,Lotus
Pitbull,Lotus
Ying Yang Twins,Pitbull
Ying Yang Twins,Trick Daddy
Pitbull,Trick Daddy
Lil Jon & The East Side Boyz,Pitbull
Lil Jon & The East Side Boyz,Daddy Yankee
Pitbull,Daddy Yankee
Havana Brown,Pitbull
Jennifer Lopez,Pitbull
Lil Jon & The East Side Boyz,Pitbull
Lil Jon & The East Side Boyz,Daddy Yankee
Pitbull,Daddy Yankee
Havana Brown,Pitbull
Lil Jon & The East Side Boyz,Pitbull
Lil Jon & The East Side Boyz,Daddy Yankee
Pitbull,Daddy Yankee
Claudia Leitte,Jennifer Lopez
Claudia Leitte,Pitbull
Jennifer Lopez,Pitbull
G.R.L.,Pitbull
Pitbull,Justin Timberlake
Pitbull,Rick Ross
Justin Timberlake,Rick Ross
Havana Brown,Pitbull
Havana Brown,Pitbull
Clinton Sparks,Pitbull
Clinton Sparks,Disco Fries
Pitbull,Disco Fries
Pitbull,Kiesza
Chingo Bling,5th Ward Weebie
Chingo Bling,Pitbull
5th Ward Weebie,Pitbull
Sonic Acoustics,A. Rose Jackson
Sonic Acoustics,Pitbull
Sonic Acoustics,Lotus
A. Rose Jackson,Pitbull
A. Rose Jackson,Lotus
Pitbull,Lotus
G.R.L.,Pitbull
DJ EFN,Heckler
DJ EFN,Pitbull
DJ EFN,N.O.R.E.
Heckler,Pitbull
Heckler,N.O.R.E.
Pitbull,N.O.R.E.
Cubo,Pitbull
Havana Brown,Pitbull
Havana Brown,Pitbull
Pitbull,Gente de Zona
Pitbull,Jessica Sutta
Havana Brown,Pitbull
Lil Jon,Pitbull
Lil Jon,Black Jonas Point
Lil Jon,Pitbull
Black Jonas Point,Pitbull
Jamie Foxx,Pitbull
Jamie Foxx,Chris Brown
Pitbull,Chris Brown
Lil Jon,Pitbull
Papayo,Ky‐Mani Marley
Papayo,Pitbull
Ky‐Mani Marley,Pitbull
Lil Jon & The East Side Boyz,Pitbull
Lil Jon & The East Side Boyz,Daddy Yankee
Pitbull,Daddy Yankee
Teedra Moses,Pitbull
Teedra Moses,Lil Scrappy
Pitbull,Lil Scrappy
Havana Brown,Pitbull
Jamie Foxx,Pitbull
Yomil y El Dany,Pitbull
Sonic Acoustics,A. Rose Jackson
Sonic Acoustics,Pitbull
Sonic Acoustics,Lotus
A. Rose Jackson,Pitbull
A. Rose Jackson,Lotus
Pitbull,Lotus
Lil Scrappy,Lil Jon
Lil Scrappy,Pitbull
Lil Jon,Pitbull
Pitbull,Lil’ Flip
G.R.L.,Pitbull
Pitbull,Trace Adkins
Pitbull,Luke Bryan
Trace Adkins,Luke Bryan
Claudia Leitte,Jennifer Lopez
Claudia Leitte,Pitbull
Jennifer Lopez,Pitbull
Clinton Sparks,Pitbull
Clinton Sparks,Disco Fries
Pitbull,Disco Fries
Havana Brown,Pitbull
G.R.L.,Pitbull
Pitbull,Beyoncé
Ying Yang Twins,Pitbull
Ying Yang Twins,Trick Daddy
Pitbull,Trick Daddy
G.R.L.,Pitbull
Havana Brown,Pitbull
Cubo,Pitbull
Pitbull,Don Omar
Pitbull,Congorock
Pitbull,TJR
Don Omar,Congorock
Don Omar,TJR
Congorock,TJR
Teedra Moses,Pitbull
Pitbull,DJ Antoine
Pitbull,Lady Gaga
Pitbull,Madonna
Lady Gaga,Madonna
Pitbull,Tego Calderón
Pitbull,DJ Antoine
Dua Lipa,Elton John
Dua Lipa,Elton John
Ariana Grande,Dua Lipa
Dua Lipa,Elton John
Dua Lipa,Elton John
Dua Lipa,Elton John
Dua Lipa,Elton John
The Blessed Madonna,Dua Lipa
Dua Lipa,Elton John
Bruno Mars,The Weeknd
Bruno Mars,Kendrick Lamar
Bruno Mars,Dua Lipa
Bruno Mars,The Chainsmokers
Bruno Mars,Sia
Bruno Mars,Daft Punk
Bruno Mars,Phoebe Ryan
Bruno Mars,Tove Lo
The Weeknd,Kendrick Lamar
The Weeknd,Dua Lipa
The Weeknd,The Chainsmokers
The Weeknd,Sia
The Weeknd,Daft Punk
The Weeknd,Phoebe Ryan
The Weeknd,Tove Lo
Kendrick Lamar,Dua Lipa
Kendrick Lamar,The Chainsmokers
Kendrick Lamar,Sia
Kendrick Lamar,Daft Punk
Kendrick Lamar,Phoebe Ryan
Kendrick Lamar,Tove Lo
Dua Lipa,The Chainsmokers
Dua Lipa,Sia
Dua Lipa,Daft Punk
Dua Lipa,Phoebe Ryan
Dua Lipa,Tove Lo
The Chainsmokers,Sia
The Chainsmokers,Daft Punk
The Chainsmokers,Phoebe Ryan
The Chainsmokers,Tove Lo
Sia,Daft Punk
Sia,Phoebe Ryan
Sia,Tove Lo
Daft Punk,Phoebe Ryan
Daft Punk,Tove Lo
Phoebe Ryan,Tove Lo
The Blessed Madonna,Dua Lipa
Ariana Grande,Dua Lipa
Charlie Puth,Kygo
Charlie Puth,Dua Lipa
Kygo,Dua Lipa
Dua Lipa,Elton John
Iggy Azalea,Dua Lipa
Dua Lipa,Elton John
Dua Lipa,Elton John
The Blessed Madonna,Dua Lipa
Dua Lipa,Elton John
Dua Lipa,Elton John
Dua Lipa,Elton John
Dua Lipa,Elton John
Dua Lipa,Elton John
Dua Lipa,Elton John
Jamiroquai,The Blessed Madonna
Jamiroquai,Dua Lipa
The Blessed Madonna,Dua Lipa
Dua Lipa,Elton John
Dua Lipa,Elton John
Jiminy Hop,Dua Lipa
Dua Lipa,Elton John
Dua Lipa,Megan Thee Stallion
Mark Ronson,Diplo
Mark Ronson,Dua Lipa
Mark Ronson,Silk City
Diplo,Dua Lipa
Diplo,Silk City
Dua Lipa,Silk City
Dua Lipa,Silk City
Pop Smoke,Dua Lipa
Dua Lipa,Elton John
Dua Lipa,Silk City
Daft Punk,Dua Lipa
Doja Cat,Dua Lipa
Mark Ronson,Silk City
Mark Ronson,Dua Lipa
Mark Ronson,Diplo
Silk City,Dua Lipa
Silk City,Diplo
Dua Lipa,Diplo
Mark Ronson,Diplo
Mark Ronson,Dua Lipa
Mark Ronson,Silk City
Diplo,Dua Lipa
Diplo,Silk City
Dua Lipa,Silk City
Angèle,Dua Lipa
Dua Lipa,Silk City
DeeM,Dua Lipa
Dua Lipa,Elton John
Dua Lipa,Silk City
DJ ICE,Dua Lipa
Angèle,Dua Lipa
Mark Ronson,Diplo
Mark Ronson,Dua Lipa
Mark Ronson,Silk City
Diplo,Dua Lipa
Diplo,Silk City
Dua Lipa,Silk City
Dua Lipa,Silk City
Dua Lipa,Silk City
Angèle,Dua Lipa
The Blessed Madonna,Dua Lipa
Britney Spears,Tones and I
Britney Spears,Harry Styles
Britney Spears,Dua Lipa
Britney Spears,Backstreet Boys
Britney Spears,Kylie Minogue
Britney Spears,Miley Cyrus
Tones and I,Harry Styles
Tones and I,Dua Lipa
Tones and I,Backstreet Boys
Tones and I,Kylie Minogue
Tones and I,Miley Cyrus
Harry Styles,Dua Lipa
Harry Styles,Backstreet Boys
Harry Styles,Kylie Minogue
Harry Styles,Miley Cyrus
Dua Lipa,Backstreet Boys
Dua Lipa,Kylie Minogue
Dua Lipa,Miley Cyrus
Backstreet Boys,Kylie Minogue
Backstreet Boys,Miley Cyrus
Kylie Minogue,Miley Cyrus
The Blessed Madonna,Dua Lipa
Dua Lipa,Silk City
Dua Lipa,Silk City
Angèle,Dua Lipa
Dua Lipa,Elton John
Dua Lipa,Elton John
Mark Ronson,Diplo
Mark Ronson,Dua Lipa
Mark Ronson,Silk City
Diplo,Dua Lipa
Diplo,Silk City
Dua Lipa,Silk City
Dua Lipa,Silk City
Dua Lipa,Elton John
Pop Smoke,Dua Lipa
Angèle,Dua Lipa
Dua Lipa,Elton John
Normani,Dua Lipa
Dua Lipa,Elton John
Daft Punk,Dua Lipa
Dua Lipa,Silk City
Angèle,Dua Lipa
HEADER,Calvin Harris
HEADER,Dua Lipa
Calvin Harris,Dua Lipa
JENNIE,Dua Lipa
Saweetie,Dua Lipa
JENNIE,Dua Lipa
JENNIE,Dua Lipa
JENNIE,Dua Lipa
The Blessed Madonna,Dua Lipa
Zara Larsson,MØ
Zara Larsson,Dua Lipa
Zara Larsson,ALMA
Zara Larsson,Charli xcx
MØ,Dua Lipa
MØ,ALMA
MØ,Charli xcx
Dua Lipa,ALMA
Dua Lipa,Charli xcx
ALMA,Charli xcx
Dua Lipa,Whethan
The Blessed Madonna,Dua Lipa
Dua Lipa,Little Mix
The Blessed Madonna,Dua Lipa
Dua Lipa,Matoma
ABBA,Dua Lipa
Dua Lipa,Whethan
The Blessed Madonna,Dua Lipa
BLACKPINK,Dua Lipa
BLACKPINK,Dua Lipa
BLACKPINK,Dua Lipa
Miguel,Dua Lipa
BLACKPINK,Dua Lipa
DaBaby,Dua Lipa
BLACKPINK,Dua Lipa
The Blessed Madonna,Dua Lipa
DaBaby,Dua Lipa
David Guetta,Freaks
David Guetta,Dua Lipa
Freaks,Dua Lipa
BLACKPINK,Dua Lipa
BLACKPINK,Dua Lipa
Wale,Major Lazer
Wale,Dua Lipa
Wale,Wizkid
Major Lazer,Dua Lipa
Major Lazer,Wizkid
Dua Lipa,Wizkid
DaBaby,Dua Lipa
The Blessed Madonna,Madonna
The Blessed Madonna,Dua Lipa
The Blessed Madonna,Missy Elliott
Madonna,Dua Lipa
Madonna,Missy Elliott
Dua Lipa,Missy Elliott
Wale,Major Lazer
Wale,Dua Lipa
Wale,Wizkid
Major Lazer,Dua Lipa
Major Lazer,Wizkid
Dua Lipa,Wizkid
BLACKPINK,Dua Lipa
Wale,Major Lazer
Wale,Dua Lipa
Wale,Wizkid
Major Lazer,Dua Lipa
Major Lazer,Wizkid
Dua Lipa,Wizkid
Feenixpawl,Ivan Gough
Feenixpawl,Axwell
Feenixpawl,Dua Lipa
Feenixpawl,Sean Paul
Ivan Gough,Axwell
Ivan Gough,Dua Lipa
Ivan Gough,Sean Paul
Axwell,Dua Lipa
Axwell,Sean Paul
Dua Lipa,Sean Paul
The Blessed Madonna,Dua Lipa
Normani,Dua Lipa
DaBaby,Dua Lipa
Missy Elliott,Madonna
Missy Elliott,Dua Lipa
Madonna,Dua Lipa
Kenny G,Ye
Kenny G,Dua Lipa
Ye,Dua Lipa
Sukriti Kakar,Prakriti Kakar
Sukriti Kakar,Dua Lipa
Prakriti Kakar,Dua Lipa
Wale,Major Lazer
Wale,Dua Lipa
Wale,Wizkid
Major Lazer,Dua Lipa
Major Lazer,Wizkid
Dua Lipa,Wizkid
BLACKPINK,Dua Lipa
Miguel,Dua Lipa
BLACKPINK,Dua Lipa
Miguel,Dua Lipa
Andrea Bocelli,Dua Lipa
BLACKPINK,Dua Lipa
DaBaby,Dua Lipa
BLACKPINK,Dua Lipa
Miguel,Dua Lipa
DaBaby,Dua Lipa
DaBaby,Dua Lipa
BLACKPINK,Dua Lipa
The Blessed Madonna,BLACKPINK
The Blessed Madonna,Dua Lipa
BLACKPINK,Dua Lipa
DaBaby,Dua Lipa
Kenny G,Ye
Kenny G,Dua Lipa
Kenny G,Ant Clemons
Kenny G,Sunday Service Choir
Ye,Dua Lipa
Ye,Ant Clemons
Ye,Sunday Service Choir
Dua Lipa,Ant Clemons
Dua Lipa,Sunday Service Choir
Ant Clemons,Sunday Service Choir
Wale,Major Lazer
Wale,Dua Lipa
Wale,Wizkid
Major Lazer,Dua Lipa
Major Lazer,Wizkid
Dua Lipa,Wizkid
Miguel,Dua Lipa
Sean Paul,Dua Lipa
Dua Lipa,JID
HWASA,Dua Lipa
Sean Paul,Dua Lipa
Calvin Harris,Dua Lipa
Sean Paul,Dua Lipa
Calvin Harris,Dua Lipa
Calvin Harris,Dua Lipa
Calvin Harris,Dua Lipa
Calvin Harris,Dua Lipa
Sean Paul,Dua Lipa
Dua Lipa,JID
Ye,Dua Lipa
Sean Paul,Dua Lipa
Calvin Harris,Dua Lipa
Calvin Harris,Dua Lipa
Calvin Harris,Dua Lipa
Calvin Harris,Dua Lipa
Calvin Harris,Dua Lipa
Troye Sivan,Dua Lipa
Calvin Harris,Dua Lipa
Sean Paul,Dua Lipa
Annie Mulz,Dua Lipa
Annie Mulz,Moe Pope
Dua Lipa,Moe Pope
Sean Paul,Dua Lipa
Calvin Harris,Dua Lipa
Ye,Dua Lipa
Dua Lipa,JID
Calvin Harris,Dua Lipa
Gwen Stefani,Dua Lipa
Calvin Harris,Dua Lipa
Calvin Harris,Dua Lipa
Calvin Harris,Dua Lipa
Calvin Harris,Dua Lipa
Calvin Harris,Dua Lipa
Calvin Harris,Dua Lipa
Calvin Harris,Dua Lipa
Calvin Harris,Dua Lipa
Calvin Harris,Dua Lipa
Calvin Harris,Dua Lipa
Calvin Harris,Dua Lipa
Sean Paul,Dua Lipa
Calvin Harris,Dua Lipa
Swedish House Mafia,Dua Lipa
Swedish House Mafia,Tiësto
Swedish House Mafia,Sevenn
Swedish House Mafia,Calvin Harris
Dua Lipa,Tiësto
Dua Lipa,Sevenn
Dua Lipa,Calvin Harris
Tiësto,Sevenn
Tiësto,Calvin Harris
Sevenn,Calvin Harris
Calvin Harris,Dua Lipa
Calvin Harris,Dua Lipa
Calvin Harris,Dua Lipa
Calvin Harris,Dua Lipa
Calvin Harris,Dua Lipa
Dua Lipa,Megan Thee Stallion
Dua Lipa,Megan Thee Stallion
Dua Lipa,Martin Garrix
Dua Lipa,Martin Garrix
Dua Lipa,Martin Garrix
Dua Lipa,Megan Thee Stallion
Dua Lipa,Megan Thee Stallion
Young Thug,Calvin Harris
Young Thug,Dua Lipa
Calvin Harris,Dua Lipa
Young Thug,Calvin Harris
Young Thug,Dua Lipa
Calvin Harris,Dua Lipa
Jon B.,Ryan Beatty
Jon B.,Dua Lipa
Jon B.,BROCKHAMPTON
Ryan Beatty,Dua Lipa
Ryan Beatty,BROCKHAMPTON
Dua Lipa,BROCKHAMPTON
Dua Lipa,Megan Thee Stallion
Dua Lipa,Martin Garrix
Dua Lipa,Martin Garrix
The Blessed Madonna,Dua Lipa
Miley Cyrus,Dua Lipa
Miley Cyrus,Dua Lipa
Dua Lipa,Martin Garrix
Dua Lipa,Martin Garrix
Miguel,Dua Lipa
Dua Lipa,Megan Thee Stallion
Daft Punk,5ERIOUS
Daft Punk,Dua Lipa
5ERIOUS,Dua Lipa
Gallant,Dua Lipa
Kylie Minogue,Dua Lipa
Miley Cyrus,Dua Lipa
Dua Lipa,Megan Thee Stallion
Miley Cyrus,Dua Lipa
Dua Lipa,Martin Garrix
Dua Lipa,Martin Garrix
Dua Lipa,Megan Thee Stallion
Dua Lipa,Megan Thee Stallion
Dua Lipa,Martin Garrix
Dua Lipa,Martin Garrix
Young Thug,Calvin Harris
Young Thug,Dua Lipa
Calvin Harris,Dua Lipa
Dua Lipa,Martin Garrix
Dua Lipa,Megan Thee Stallion
Dua Lipa,Martin Garrix
Kylie Minogue,Dua Lipa
Dua Lipa,Martin Garrix
Dua Lipa,Megan Thee Stallion
Dua Lipa,Martin Garrix
Dua Lipa,Martin Garrix
Dua Lipa,Martin Garrix
The Blessed Madonna,Dua Lipa
Dua Lipa,Martin Garrix
Dua Lipa,Martin Garrix
Dua Lipa,Martin Garrix
The Blessed Madonna,Gwen Stefani
The Blessed Madonna,Dua Lipa
Gwen Stefani,Dua Lipa
Dua Lipa,Martin Garrix
Miley Cyrus,Dua Lipa
The Blessed Madonna,Dua Lipa
Nicki Minaj,Saweetie
Nicki Minaj,Dua Lipa
Saweetie,Dua Lipa
Dua Lipa,Martin Garrix
Dua Lipa,Megan Thee Stallion
Dua Lipa,Martin Garrix
Maya Jane Coles,Dua Lipa
Dua Lipa,Megan Thee Stallion
Dua Lipa,Martin Garrix
Miley Cyrus,Dua Lipa
Dua Lipa,Megan Thee Stallion
Dua Lipa,Martin Garrix
Dua Lipa,Martin Garrix
Beyoncé,Lady Gaga
Beyoncé,Dua Lipa
Lady Gaga,Dua Lipa
Dua Lipa,Megan Thee Stallion
Miley Cyrus,Dua Lipa
Dua Lipa,Martin Garrix
Dua Lipa,Megan Thee Stallion
Dua Lipa,Fancy Olsen
Bad Bunny,Tainy
Bad Bunny,Dua Lipa
Bad Bunny,J Balvin
Tainy,Dua Lipa
Tainy,J Balvin
Dua Lipa,J Balvin
Dua Lipa,Chris Stapleton
Bad Bunny,Tainy
Bad Bunny,Dua Lipa
Bad Bunny,J Balvin
Tainy,Dua Lipa
Tainy,J Balvin
Dua Lipa,J Balvin
FKA twigs,Dua Lipa
Madison Beer,Dua Lipa
Pierre de Maere,Dua Lipa
Bad Bunny,Tainy
Bad Bunny,Dua Lipa
Bad Bunny,J Balvin
Tainy,Dua Lipa
Tainy,J Balvin
Dua Lipa,J Balvin
Dua Lipa,Chris Stapleton
Jasmin,Dua Lipa
Lana Del Rey,Parov Stelar
Lana Del Rey,R3B3L General
Snoop Dogg,Lana Del Rey
Snoop Dogg,Wiz Khalifa
Snoop Dogg,French Montana
Lana Del Rey,Wiz Khalifa
Lana Del Rey,French Montana
Wiz Khalifa,French Montana
Lana Del Rey,Stevie Nicks
Azealia Banks,Lana Del Rey
Lana Del Rey,Mason Ramsey
Azealia Banks,Lana Del Rey
Lana Del Rey,Father John Misty
Lana Del Rey,Jasmin
Lana Del Rey,Adam Cohen
Lana Del Rey,Jon Batiste
Lana Del Rey,Jon Batiste
Lana Del Rey,Adam Cohen
Lana Del Rey,Jon Batiste
Lana Del Rey,Jon Batiste
Lana Del Rey,Jon Batiste
Jesse,Lana Del Rey
Lana Del Rey,Bobby Womack
Lana Del Rey,Bobby Womack
George Birge,Lana Del Rey
Lana Del Rey,Bobby Womack
Lana Del Rey,Bobby Womack
Lana Del Rey,Zella Day
Lana Del Rey,Weyes Blood
Zella Day,Weyes Blood
Lana Del Rey,Ariana Grande
Lana Del Rey,Miley Cyrus
Ariana Grande,Miley Cyrus
Lana Del Rey,Ariana Grande
Lana Del Rey,Miley Cyrus
Ariana Grande,Miley Cyrus
Lana Del Rey,Ariana Grande
Lana Del Rey,Miley Cyrus
Ariana Grande,Miley Cyrus
Lana Del Rey,Zella Day
Lana Del Rey,Weyes Blood
Zella Day,Weyes Blood
Lana Del Rey,JEBII
Lana Del Rey,Novadune
Lana Del Rey,BØRNS
Lana Del Rey,A$AP Rocky
RIOPY,Lana Del Rey
Lana Del Rey,BØRNS
Lana Del Rey,A$AP Rocky
Lana Del Rey,BØRNS
RIOPY,Lana Del Rey
Lana Del Rey,Matt Maeson
Lana Del Rey,Jack Antonoff
Lana Del Rey,Rob Grant
Kieron Menzies,Lana Del Rey
Lana Del Rey,Camila Cabello
Lana Del Rey,Rob Grant
Lana Del Rey,Jack Antonoff
Lana Del Rey,Craig Armstrong
Kacey Musgraves,Lana Del Rey
Lana Del Rey,Jon Batiste
Lana Del Rey,Father John Misty
Lana Del Rey,Father John Misty
Lana Del Rey,Jon Batiste
Woodkid,Lana Del Rey
Lana Del Rey,The Secret Sisters
Woodkid,Lana Del Rey
Kacey Musgraves,Lana Del Rey
Lana Del Rey,Rob Grant
Lana Del Rey,The Weeknd
Lana Del Rey,Rob Grant
The Avener,Lana Del Rey
The Avener,The Weeknd
Lana Del Rey,The Weeknd
Lana Del Rey,Bleachers
Lana Del Rey,The Weeknd
Lana Del Rey,Rob Grant
Lana Del Rey,Bleachers
Lana Del Rey,Craig Armstrong
Lana Del Rey,The Weeknd
Ellie Goulding,Lana Del Rey
Ellie Goulding,ABBA
Ellie Goulding,Sophie Ellis‐Bextor
Ellie Goulding,Calvin Harris
Lana Del Rey,ABBA
Lana Del Rey,Sophie Ellis‐Bextor
Lana Del Rey,Calvin Harris
ABBA,Sophie Ellis‐Bextor
ABBA,Calvin Harris
Sophie Ellis‐Bextor,Calvin Harris
Princess Superstar,Lana Del Rey
Lana Del Rey,The Weeknd
JAY‐Z,Lana Del Rey
Lana Del Rey,Billie Eilish
Tommy Genesis,Lana Del Rey
Lana Del Rey,SYML
Lana Del Rey,Mac Miller
Lana Del Rey,Mac Miller
Lana Del Rey,SYML
Lana Del Rey,Billie Eilish
Lana Del Rey,Lady Gaga
Lana Del Rey,Nicki Minaj
Lady Gaga,Nicki Minaj
Tommy Genesis,Lana Del Rey
Tommy Genesis,Lana Del Rey
Lana Del Rey,The Weeknd
Lana Del Rey,The Weeknd
Lana Del Rey,The Weeknd
Lana Del Rey,The Weeknd
Lana Del Rey,The Weeknd
Lana Del Rey,The Weeknd
Lana Del Rey,The Weeknd
Jelly Roll,Lana Del Rey
Barrie‐James,Lana Del Rey
A$AP Rocky,Lana Del Rey
Barrie‐James,Lana Del Rey
Lana Del Rey,Taylor Swift
Lana Del Rey,Bleachers
Lana Del Rey,The Weeknd
Lana Del Rey,Taylor Swift
Lana Del Rey,Taylor Swift
Lana Del Rey,A$AP Rocky
Lana Del Rey,Playboi Carti
A$AP Rocky,Playboi Carti
Lana Del Rey,A$AP Rocky
Lana Del Rey,Playboi Carti
A$AP Rocky,Playboi Carti
Lana Del Rey,Taylor Swift
Lana Del Rey,Holly Macve
Lana Del Rey,The Weeknd
Barrie‐James,Lana Del Rey
Lana Del Rey,Taylor Swift
Lana Del Rey,A$AP Rocky
Lana Del Rey,Playboi Carti
A$AP Rocky,Playboi Carti
Lana Del Rey,A$AP Rocky
Lana Del Rey,Playboi Carti
A$AP Rocky,Playboi Carti
Lana Del Rey,Taylor Swift
Lana Del Rey,A$AP Rocky
Lana Del Rey,Playboi Carti
A$AP Rocky,Playboi Carti
Barrie‐James,Lana Del Rey
Lana Del Rey,Taylor Swift
Lana Del Rey,JPEGMAFIA
Smiler,Lana Del Rey
Lana Del Rey,The Weeknd
Lana Del Rey,Taylor Swift
Lana Del Rey,The Weeknd
Nightmare Boy,Lana Del Rey
Lana Del Rey,Taylor Swift
Cedric Gervais,Lana Del Rey
Cedric Gervais,Lana Del Rey
Cedric Gervais,Lana Del Rey
Cedric Gervais,Lana Del Rey
Cedric Gervais,Lana Del Rey
Cedric Gervais,Lana Del Rey
Cedric Gervais,Lana Del Rey
Cedric Gervais,Lana Del Rey
Cedric Gervais,Lana Del Rey
Cedric Gervais,Lana Del Rey
Cedric Gervais,Lana Del Rey
Lana Del Rey,Kontra K
Cedric Gervais,Lana Del Rey
Lana Del Rey,Kontra K
Cedric Gervais,Lana Del Rey
Cedric Gervais,Lana Del Rey
Cedric Gervais,Lana Del Rey
Cedric Gervais,Lana Del Rey
Cedric Gervais,Lana Del Rey
Lana Del Rey,The Weeknd
Pitbull,Lana Del Rey
Pitbull,Jennifer Lopez
Lana Del Rey,Jennifer Lopez
Cedric Gervais,Lana Del Rey
Lana Del Rey,The Weeknd
George Birge,Lana Del Rey
George Birge,The Secret Sisters
Lana Del Rey,The Secret Sisters
Donkong,Lana Del Rey
Donkong,Andrea Marino
Donkong,STEREOLiEZ
Lana Del Rey,Andrea Marino
Lana Del Rey,STEREOLiEZ
Andrea Marino,STEREOLiEZ
Cedric Gervais,Lana Del Rey
Cedric Gervais,Lana Del Rey
Lana Del Rey,Wu‐Tang Clan
Lana Del Rey,Quavo
Lana Del Rey,Sean Ono Lennon
Lana Del Rey,Sean Ono Lennon
Lana Del Rey,Quavo
Lana Del Rey,Quavo
Lana Del Rey,Quavo
Lana Del Rey,Sean Ono Lennon
Lana Del Rey,Quavo
Lana Del Rey,Sean Ono Lennon
Lana Del Rey,Quavo
Lana Del Rey,Sean Ono Lennon
Lana Del Rey,Quavo
Lana Del Rey,Sean Ono Lennon
Lana Del Rey,Craig Armstrong
Drake,Lana Del Rey
Lana Del Rey,Stephen Sanchez
Barrie‐James,Lana Del Rey
Lana Del Rey,Billie Eilish
Lana Del Rey,The Smiths
Emile Haynie,Lana Del Rey
Lana Del Rey,Chris Isaak
Cat Power,Lana Del Rey
Cat Power,Lana Del Rey
Cedric Gervais,Lana Del Rey
Cedric Gervais,Lana Del Rey
Cedric Gervais,Lana Del Rey
Cedric Gervais,Lana Del Rey
Cedric Gervais,Lana Del Rey
Cedric Gervais,Lana Del Rey
Cedric Gervais,Carlos Cid
Lana Del Rey,Carlos Cid
Lana Del Rey,Huglife
Zara Larsson,BTS
Zara Larsson,Lil Yachty
Alesso,DubVision
Alesso,Zara Larsson
Alesso,MNEK
DubVision,Zara Larsson
DubVision,MNEK
Zara Larsson,MNEK
Clean Bandit,Usher
Clean Bandit,Zara Larsson
Clean Bandit,djSalem
Usher,Zara Larsson
Usher,djSalem
Zara Larsson,djSalem
Zara Larsson,Poo Bear
Zara Larsson,Lil Yachty
Zara Larsson,Lil Yachty
J Givens,Eshon Burgundy
J Givens,Zara Larsson
J Givens,Courtney Orlando
Eshon Burgundy,Zara Larsson
Eshon Burgundy,Courtney Orlando
Zara Larsson,Courtney Orlando
David Guetta,Zara Larsson
The Heritage Orchestra,Zara Larsson
The Heritage Orchestra,Pete Tong
Zara Larsson,Pete Tong
Zara Larsson,Fancy Olsen
Zara Larsson,MNEK
Zara Larsson,MNEK
Zara Larsson,MNEK
Zara Larsson,MNEK
Zara Larsson,Trevor Daniel
Zara Larsson,Culture Code
Zara Larsson,Tinie Tempah
Zara Larsson,Tinie Tempah
Zara Larsson,Nick Brewer
Zara Larsson,MNEK
Nick Brewer,MNEK
Alex Chapman,Zara Larsson
Zara Larsson,Tyga
Zara Larsson,Kygo
Tyga,Kygo
Zara Larsson,First Aid Kit
Zara Larsson,MNEK
Zara Larsson,Fedez
Zara Larsson,Tinie Tempah
Zara Larsson,MØ
Zara Larsson,Dua Lipa
Zara Larsson,ALMA
Zara Larsson,Charli xcx
MØ,Dua Lipa
MØ,ALMA
MØ,Charli xcx
Dua Lipa,ALMA
Dua Lipa,Charli xcx
ALMA,Charli xcx
Zara Larsson,MNEK
Zara Larsson,Tinie Tempah
Zara Larsson,Tyga
Zara Larsson,Kygo
Tyga,Kygo
Zara Larsson,Muni Long
Zara Larsson,MNEK
Zara Larsson,Tinie Tempah
Zara Larsson,MNEK
Zara Larsson,MNEK
Zara Larsson,MNEK
Zara Larsson,Tinie Tempah
Zara Larsson,Nena
Clean Bandit,Zara Larsson
Zara Larsson,Tom Walker
David Guetta,Zara Larsson
Zara Larsson,Tom Walker
Clean Bandit,Zara Larsson
Clean Bandit,Zara Larsson
David Guetta,Zara Larsson
Clean Bandit,Zara Larsson
Zara Larsson,Olivier Dion
Zara Larsson,PinkPantheress
Zara Larsson,Ty Dolla $ign
Clean Bandit,Zara Larsson
David Guetta,Zara Larsson
Clean Bandit,Zara Larsson
Zara Larsson,Tom Walker
David Guetta,Zara Larsson
Clean Bandit,Zara Larsson
Zara Larsson,PinkPantheress
Clean Bandit,Zara Larsson
David Guetta,Zara Larsson
Clean Bandit,Zara Larsson
Clean Bandit,Zara Larsson
Clean Bandit,Zara Larsson
David Guetta,Zara Larsson
Zara Larsson,Tom Walker
Zara Larsson,PinkPantheress
Zara Larsson,Ty Dolla $ign
David Guetta,Zara Larsson
David Guetta,Zara Larsson
David Guetta,Zara Larsson
Clean Bandit,Zara Larsson
Clean Bandit,Zara Larsson
Zara Larsson,Tom Walker
David Guetta,Zara Larsson
Zara Larsson,Ty Dolla $ign
Clean Bandit,Zara Larsson
Clean Bandit,Zara Larsson
Clean Bandit,Zara Larsson
Zara Larsson,Wizkid
Zara Larsson,Carola
David Guetta,Zara Larsson
Alesso,Zara Larsson
Clean Bandit,Zara Larsson
Alesso,Zara Larsson
David Guetta,Zara Larsson
Young Thug,Zara Larsson
David Guetta,Zara Larsson
Young Thug,Zara Larsson
David Guetta,Zara Larsson
Alesso,Zara Larsson
David Guetta,Zara Larsson
David Guetta,Zara Larsson
Alesso,Zara Larsson
Alesso,Zara Larsson
Alesso,Zara Larsson
Alesso,Majestic
Zara Larsson,Majestic
David Guetta,Zara Larsson
The Heritage Orchestra,Zara Larsson
The Heritage Orchestra,Pete Tong
Zara Larsson,Pete Tong
Young Thug,Zara Larsson
Alesso,Zara Larsson
Zara Larsson,Sabrina Carpenter
Alesso,Zara Larsson
Alesso,Zara Larsson
Clean Bandit,Zara Larsson
Zara Larsson,Sabrina Carpenter
David Guetta,Zara Larsson
Alesso,Zara Larsson
David Guetta,Zara Larsson
Alesso,Zara Larsson
Zara Larsson,RAYE
Zara Larsson,Mabel
RAYE,Mabel
David Guetta,Zara Larsson
David Guetta,Zara Larsson
David Guetta,Zara Larsson
Alesso,Zara Larsson
